AZ,Host,Chip,VM,Start,Length,Color,Inst.,Anti-Afinidad,HOST,host_chip,Requerimiento,Numero
AZ01,1,Chip 1,CSCF PL,0,8,#02675F,1,1,1,1 - AZ01 - 1,841,1 de 841
AZ01,1,Chip 1,CSCF PL,0,8,#02675F,1,1,1,1 - AZ01 - 1,841,2 de 841
AZ01,1,Chip 1,CSCF PL,0,8,#02675F,1,1,1,1 - AZ01 - 1,841,3 de 841
AZ01,1,Chip 1,CSCF PL,0,8,#02675F,1,1,1,1 - AZ01 - 1,841,4 de 841
AZ01,1,Chip 1,CSCF PL,0,8,#02675F,1,1,1,1 - AZ01 - 1,841,5 de 841
AZ01,1,Chip 1,CSCF PL,0,8,#02675F,1,1,1,1 - AZ01 - 1,841,6 de 841
AZ01,1,Chip 1,CSCF PL,0,8,#02675F,1,1,1,1 - AZ01 - 1,841,7 de 841
AZ01,1,Chip 1,CSCF PL,0,8,#02675F,1,1,1,1 - AZ01 - 1,841,8 de 841
AZ01,1,Chip 1,CSCF PL,0,8,#02675F,1,1,1,1 - AZ01 - 1,841,9 de 841
AZ01,1,Chip 1,CSCF PL,0,8,#02675F,1,1,1,1 - AZ01 - 1,841,10 de 841
AZ01,1,Chip 1,CSCF PL,0,8,#02675F,1,1,1,1 - AZ01 - 1,841,11 de 841
AZ01,1,Chip 1,CSCF PL,0,8,#02675F,1,1,1,1 - AZ01 - 1,841,12 de 841
AZ01,1,Chip 1,CSCF PL,0,8,#02675F,1,1,1,1 - AZ01 - 1,841,13 de 841
AZ01,1,Chip 1,CSCF PL,0,8,#02675F,1,1,1,1 - AZ01 - 1,841,14 de 841
AZ01,1,Chip 1,CSCF PL,0,8,#02675F,1,1,1,1 - AZ01 - 1,841,15 de 841
AZ01,1,Chip 1,CSCF PL,0,8,#02675F,1,1,1,1 - AZ01 - 1,841,16 de 841
AZ01,1,Chip 1,CSCF PL,0,8,#02675F,1,1,1,1 - AZ01 - 1,841,17 de 841
AZ01,1,Chip 1,CSCF PL,0,8,#02675F,1,1,1,1 - AZ01 - 1,841,18 de 841
AZ01,1,Chip 1,CSCF PL,0,8,#02675F,1,1,1,1 - AZ01 - 1,841,19 de 841
AZ01,1,Chip 1,CSCF PL,0,8,#02675F,1,1,1,1 - AZ01 - 1,841,20 de 841
AZ01,1,Chip 1,CSCF PL,0,8,#02675F,1,1,1,1 - AZ01 - 1,841,21 de 841
AZ01,1,Chip 1,CSCF PL,0,8,#02675F,1,1,1,1 - AZ01 - 1,841,22 de 841
AZ01,1,Chip 1,CSCF PL,0,8,#02675F,1,1,1,1 - AZ01 - 1,841,23 de 841
AZ01,1,Chip 1,CSCF PL,0,8,#02675F,1,1,1,1 - AZ01 - 1,841,24 de 841
AZ01,1,Chip 1,CSCF PL,0,8,#02675F,1,1,1,1 - AZ01 - 1,841,25 de 841
AZ01,1,Chip 1,CSCF PL,0,8,#02675F,1,1,1,1 - AZ01 - 1,841,26 de 841
AZ01,1,Chip 1,CSCF PL,0,8,#02675F,1,1,1,1 - AZ01 - 1,841,27 de 841
AZ01,1,Chip 1,CSCF PL,0,8,#02675F,1,1,1,1 - AZ01 - 1,841,28 de 841
AZ01,1,Chip 1,CSCF PL,0,8,#02675F,1,1,1,1 - AZ01 - 1,841,29 de 841
AZ01,1,Chip 1,MTAS-1 PL,8,8,#F7C7AC,1,1,1,1 - AZ01 - 1,169,1 de 169
AZ01,1,Chip 1,MTAS-1 PL,8,8,#F7C7AC,1,1,1,1 - AZ01 - 1,169,2 de 169
AZ01,1,Chip 1,MTAS-1 PL,8,8,#F7C7AC,1,1,1,1 - AZ01 - 1,169,3 de 169
AZ01,1,Chip 1,MTAS-1 PL,8,8,#F7C7AC,1,1,1,1 - AZ01 - 1,169,4 de 169
AZ01,1,Chip 1,MTAS-1 PL,8,8,#F7C7AC,1,1,1,1 - AZ01 - 1,169,5 de 169
AZ01,1,Chip 1,MTAS-1 PL,8,8,#F7C7AC,1,1,1,1 - AZ01 - 1,169,6 de 169
AZ01,1,Chip 1,MTAS-1 PL,8,8,#F7C7AC,1,1,1,1 - AZ01 - 1,169,7 de 169
AZ01,1,Chip 1,MTAS-1 PL,8,8,#F7C7AC,1,1,1,1 - AZ01 - 1,169,8 de 169
AZ01,1,Chip 1,MTAS-1 PL,8,8,#F7C7AC,1,1,1,1 - AZ01 - 1,169,9 de 169
AZ01,1,Chip 1,MTAS-1 PL,8,8,#F7C7AC,1,1,1,1 - AZ01 - 1,169,10 de 169
AZ01,1,Chip 1,MTAS-1 PL,8,8,#F7C7AC,1,1,1,1 - AZ01 - 1,169,11 de 169
AZ01,1,Chip 1,MTAS-1 PL,8,8,#F7C7AC,1,1,1,1 - AZ01 - 1,169,12 de 169
AZ01,1,Chip 1,MTAS-1 PL,8,8,#F7C7AC,1,1,1,1 - AZ01 - 1,169,13 de 169
AZ01,1,Chip 1,INFRA,17,3,#000000,0,1,1,1 - AZ01 - 1,0,
AZ01,1,Chip 2,PDRA PL,20,6,#FF7300,1,2,1,1 - AZ01 - 1,144,25 de 144
AZ01,1,Chip 2,PDRA PL,20,6,#FF7300,1,2,1,1 - AZ01 - 1,144,26 de 144
AZ01,1,Chip 2,PDRA PL,20,6,#FF7300,1,2,1,1 - AZ01 - 1,144,27 de 144
AZ01,1,Chip 2,PDRA PL,20,6,#FF7300,1,2,1,1 - AZ01 - 1,144,28 de 144
AZ01,1,Chip 2,PDRA PL,20,6,#FF7300,1,2,1,1 - AZ01 - 1,144,29 de 144
AZ01,1,Chip 2,PDRA PL,20,6,#FF7300,1,2,1,1 - AZ01 - 1,144,30 de 144
AZ01,1,Chip 2,PDRA PL,20,6,#FF7300,1,2,1,1 - AZ01 - 1,144,31 de 144
AZ01,1,Chip 2,PDRA PL,20,6,#FF7300,1,2,1,1 - AZ01 - 1,144,32 de 144
AZ01,1,Chip 2,PDRA PL,20,6,#FF7300,1,2,1,1 - AZ01 - 1,144,33 de 144
AZ01,1,Chip 2,PDRA PL,20,6,#FF7300,1,2,1,1 - AZ01 - 1,144,34 de 144
AZ01,1,Chip 2,PDRA PL,20,6,#FF7300,1,2,1,1 - AZ01 - 1,144,35 de 144
AZ01,1,Chip 2,PDRA PL,20,6,#FF7300,1,2,1,1 - AZ01 - 1,144,36 de 144
AZ01,1,Chip 2,DRA PL,26,6,#FDD835,1,2,1,1 - AZ01 - 1,81,10 de 81
AZ01,1,Chip 2,DRA PL,26,6,#FDD835,1,2,1,1 - AZ01 - 1,81,11 de 81
AZ01,1,Chip 2,DRA PL,26,6,#FDD835,1,2,1,1 - AZ01 - 1,81,12 de 81
AZ01,1,Chip 2,DRA PL,26,6,#FDD835,1,2,1,1 - AZ01 - 1,81,13 de 81
AZ01,1,Chip 2,DRA PL,26,6,#FDD835,1,2,1,1 - AZ01 - 1,81,14 de 81
AZ01,1,Chip 2,DRA PL,26,6,#FDD835,1,2,1,1 - AZ01 - 1,81,15 de 81
AZ01,1,Chip 2,DRA PL,26,6,#FDD835,1,2,1,1 - AZ01 - 1,81,16 de 81
AZ01,1,Chip 2,DRA PL,26,6,#FDD835,1,2,1,1 - AZ01 - 1,81,17 de 81
AZ01,1,Chip 2,DRA PL,26,6,#FDD835,1,2,1,1 - AZ01 - 1,81,18 de 81
AZ01,1,Chip 2,BGF SC+PL,32,5,#3F48CC,1,1,1,1 - AZ01 - 1,225,31 de 225
AZ01,1,Chip 2,BGF SC+PL,32,5,#3F48CC,1,1,1,1 - AZ01 - 1,225,32 de 225
AZ01,1,Chip 2,BGF SC+PL,32,5,#3F48CC,1,1,1,1 - AZ01 - 1,225,33 de 225
AZ01,1,Chip 2,BGF SC+PL,32,5,#3F48CC,1,1,1,1 - AZ01 - 1,225,34 de 225
AZ01,1,Chip 2,BGF SC+PL,32,5,#3F48CC,1,1,1,1 - AZ01 - 1,225,35 de 225
AZ01,1,Chip 2,BGF SC+PL,32,5,#3F48CC,1,1,1,1 - AZ01 - 1,225,36 de 225
AZ01,1,Chip 2,BGF SC+PL,32,5,#3F48CC,1,1,1,1 - AZ01 - 1,225,37 de 225
AZ01,1,Chip 2,BGF SC+PL,32,5,#3F48CC,1,1,1,1 - AZ01 - 1,225,38 de 225
AZ01,1,Chip 2,BGF SC+PL,32,5,#3F48CC,1,1,1,1 - AZ01 - 1,225,39 de 225
AZ01,1,Chip 2,BGF SC+PL,32,5,#3F48CC,1,1,1,1 - AZ01 - 1,225,40 de 225
AZ01,1,Chip 2,BGF SC+PL,32,5,#3F48CC,1,1,1,1 - AZ01 - 1,225,41 de 225
AZ01,1,Chip 2,BGF SC+PL,32,5,#3F48CC,1,1,1,1 - AZ01 - 1,225,42 de 225
AZ01,1,Chip 2,BGF SC+PL,32,5,#3F48CC,1,1,1,1 - AZ01 - 1,225,43 de 225
AZ01,1,Chip 2,BGF SC+PL,32,5,#3F48CC,1,1,1,1 - AZ01 - 1,225,44 de 225
AZ01,1,Chip 2,BGF SC+PL,32,5,#3F48CC,1,1,1,1 - AZ01 - 1,225,45 de 225
AZ01,1,Chip 2,INFRA,37,3,#000000,0,1,1,1 - AZ01 - 1,0,
AZ01,2,Chip 1,CSCF PL,0,8,#02675F,1,1,2,2 - AZ01 - 2,841,30 de 841
AZ01,2,Chip 1,CSCF PL,0,8,#02675F,1,1,2,2 - AZ01 - 2,841,31 de 841
AZ01,2,Chip 1,CSCF PL,0,8,#02675F,1,1,2,2 - AZ01 - 2,841,32 de 841
AZ01,2,Chip 1,CSCF PL,0,8,#02675F,1,1,2,2 - AZ01 - 2,841,33 de 841
AZ01,2,Chip 1,CSCF PL,0,8,#02675F,1,1,2,2 - AZ01 - 2,841,34 de 841
AZ01,2,Chip 1,CSCF PL,0,8,#02675F,1,1,2,2 - AZ01 - 2,841,35 de 841
AZ01,2,Chip 1,CSCF PL,0,8,#02675F,1,1,2,2 - AZ01 - 2,841,36 de 841
AZ01,2,Chip 1,CSCF PL,0,8,#02675F,1,1,2,2 - AZ01 - 2,841,37 de 841
AZ01,2,Chip 1,CSCF PL,0,8,#02675F,1,1,2,2 - AZ01 - 2,841,38 de 841
AZ01,2,Chip 1,CSCF PL,0,8,#02675F,1,1,2,2 - AZ01 - 2,841,39 de 841
AZ01,2,Chip 1,CSCF PL,0,8,#02675F,1,1,2,2 - AZ01 - 2,841,40 de 841
AZ01,2,Chip 1,CSCF PL,0,8,#02675F,1,1,2,2 - AZ01 - 2,841,41 de 841
AZ01,2,Chip 1,CSCF PL,0,8,#02675F,1,1,2,2 - AZ01 - 2,841,42 de 841
AZ01,2,Chip 1,CSCF PL,0,8,#02675F,1,1,2,2 - AZ01 - 2,841,43 de 841
AZ01,2,Chip 1,CSCF PL,0,8,#02675F,1,1,2,2 - AZ01 - 2,841,44 de 841
AZ01,2,Chip 1,CSCF PL,0,8,#02675F,1,1,2,2 - AZ01 - 2,841,45 de 841
AZ01,2,Chip 1,CSCF PL,0,8,#02675F,1,1,2,2 - AZ01 - 2,841,46 de 841
AZ01,2,Chip 1,CSCF PL,0,8,#02675F,1,1,2,2 - AZ01 - 2,841,47 de 841
AZ01,2,Chip 1,CSCF PL,0,8,#02675F,1,1,2,2 - AZ01 - 2,841,48 de 841
AZ01,2,Chip 1,CSCF PL,0,8,#02675F,1,1,2,2 - AZ01 - 2,841,49 de 841
AZ01,2,Chip 1,CSCF PL,0,8,#02675F,1,1,2,2 - AZ01 - 2,841,50 de 841
AZ01,2,Chip 1,CSCF PL,0,8,#02675F,1,1,2,2 - AZ01 - 2,841,51 de 841
AZ01,2,Chip 1,CSCF PL,0,8,#02675F,1,1,2,2 - AZ01 - 2,841,52 de 841
AZ01,2,Chip 1,CSCF PL,0,8,#02675F,1,1,2,2 - AZ01 - 2,841,53 de 841
AZ01,2,Chip 1,CSCF PL,0,8,#02675F,1,1,2,2 - AZ01 - 2,841,54 de 841
AZ01,2,Chip 1,CSCF PL,0,8,#02675F,1,1,2,2 - AZ01 - 2,841,55 de 841
AZ01,2,Chip 1,CSCF PL,0,8,#02675F,1,1,2,2 - AZ01 - 2,841,56 de 841
AZ01,2,Chip 1,CSCF PL,0,8,#02675F,1,1,2,2 - AZ01 - 2,841,57 de 841
AZ01,2,Chip 1,CSCF PL,0,8,#02675F,1,1,2,2 - AZ01 - 2,841,58 de 841
AZ01,2,Chip 1,MTAS-1 PL,8,8,#F7C7AC,1,1,2,2 - AZ01 - 2,169,14 de 169
AZ01,2,Chip 1,MTAS-1 PL,8,8,#F7C7AC,1,1,2,2 - AZ01 - 2,169,15 de 169
AZ01,2,Chip 1,MTAS-1 PL,8,8,#F7C7AC,1,1,2,2 - AZ01 - 2,169,16 de 169
AZ01,2,Chip 1,MTAS-1 PL,8,8,#F7C7AC,1,1,2,2 - AZ01 - 2,169,17 de 169
AZ01,2,Chip 1,MTAS-1 PL,8,8,#F7C7AC,1,1,2,2 - AZ01 - 2,169,18 de 169
AZ01,2,Chip 1,MTAS-1 PL,8,8,#F7C7AC,1,1,2,2 - AZ01 - 2,169,19 de 169
AZ01,2,Chip 1,MTAS-1 PL,8,8,#F7C7AC,1,1,2,2 - AZ01 - 2,169,20 de 169
AZ01,2,Chip 1,MTAS-1 PL,8,8,#F7C7AC,1,1,2,2 - AZ01 - 2,169,21 de 169
AZ01,2,Chip 1,MTAS-1 PL,8,8,#F7C7AC,1,1,2,2 - AZ01 - 2,169,22 de 169
AZ01,2,Chip 1,MTAS-1 PL,8,8,#F7C7AC,1,1,2,2 - AZ01 - 2,169,23 de 169
AZ01,2,Chip 1,MTAS-1 PL,8,8,#F7C7AC,1,1,2,2 - AZ01 - 2,169,24 de 169
AZ01,2,Chip 1,MTAS-1 PL,8,8,#F7C7AC,1,1,2,2 - AZ01 - 2,169,25 de 169
AZ01,2,Chip 1,MTAS-1 PL,8,8,#F7C7AC,1,1,2,2 - AZ01 - 2,169,26 de 169
AZ01,2,Chip 1,INFRA,17,3,#000000,0,1,2,2 - AZ01 - 2,0,
AZ01,2,Chip 2,DRA PL,20,6,#FDD835,1,2,2,2 - AZ01 - 2,81,19 de 81
AZ01,2,Chip 2,DRA PL,20,6,#FDD835,1,2,2,2 - AZ01 - 2,81,20 de 81
AZ01,2,Chip 2,DRA PL,20,6,#FDD835,1,2,2,2 - AZ01 - 2,81,21 de 81
AZ01,2,Chip 2,DRA PL,20,6,#FDD835,1,2,2,2 - AZ01 - 2,81,22 de 81
AZ01,2,Chip 2,DRA PL,20,6,#FDD835,1,2,2,2 - AZ01 - 2,81,23 de 81
AZ01,2,Chip 2,DRA PL,20,6,#FDD835,1,2,2,2 - AZ01 - 2,81,24 de 81
AZ01,2,Chip 2,DRA PL,20,6,#FDD835,1,2,2,2 - AZ01 - 2,81,25 de 81
AZ01,2,Chip 2,DRA PL,20,6,#FDD835,1,2,2,2 - AZ01 - 2,81,26 de 81
AZ01,2,Chip 2,DRA PL,20,6,#FDD835,1,2,2,2 - AZ01 - 2,81,27 de 81
AZ01,2,Chip 2,DRA PL,26,6,#FDD835,1,2,2,2 - AZ01 - 2,81,28 de 81
AZ01,2,Chip 2,DRA PL,26,6,#FDD835,1,2,2,2 - AZ01 - 2,81,29 de 81
AZ01,2,Chip 2,DRA PL,26,6,#FDD835,1,2,2,2 - AZ01 - 2,81,30 de 81
AZ01,2,Chip 2,DRA PL,26,6,#FDD835,1,2,2,2 - AZ01 - 2,81,31 de 81
AZ01,2,Chip 2,DRA PL,26,6,#FDD835,1,2,2,2 - AZ01 - 2,81,32 de 81
AZ01,2,Chip 2,DRA PL,26,6,#FDD835,1,2,2,2 - AZ01 - 2,81,33 de 81
AZ01,2,Chip 2,DRA PL,26,6,#FDD835,1,2,2,2 - AZ01 - 2,81,34 de 81
AZ01,2,Chip 2,DRA PL,26,6,#FDD835,1,2,2,2 - AZ01 - 2,81,35 de 81
AZ01,2,Chip 2,DRA PL,26,6,#FDD835,1,2,2,2 - AZ01 - 2,81,36 de 81
AZ01,2,Chip 2,BGF SC+PL,32,5,#3F48CC,1,1,2,2 - AZ01 - 2,225,46 de 225
AZ01,2,Chip 2,BGF SC+PL,32,5,#3F48CC,1,1,2,2 - AZ01 - 2,225,47 de 225
AZ01,2,Chip 2,BGF SC+PL,32,5,#3F48CC,1,1,2,2 - AZ01 - 2,225,48 de 225
AZ01,2,Chip 2,BGF SC+PL,32,5,#3F48CC,1,1,2,2 - AZ01 - 2,225,49 de 225
AZ01,2,Chip 2,BGF SC+PL,32,5,#3F48CC,1,1,2,2 - AZ01 - 2,225,50 de 225
AZ01,2,Chip 2,BGF SC+PL,32,5,#3F48CC,1,1,2,2 - AZ01 - 2,225,51 de 225
AZ01,2,Chip 2,BGF SC+PL,32,5,#3F48CC,1,1,2,2 - AZ01 - 2,225,52 de 225
AZ01,2,Chip 2,BGF SC+PL,32,5,#3F48CC,1,1,2,2 - AZ01 - 2,225,53 de 225
AZ01,2,Chip 2,BGF SC+PL,32,5,#3F48CC,1,1,2,2 - AZ01 - 2,225,54 de 225
AZ01,2,Chip 2,BGF SC+PL,32,5,#3F48CC,1,1,2,2 - AZ01 - 2,225,55 de 225
AZ01,2,Chip 2,BGF SC+PL,32,5,#3F48CC,1,1,2,2 - AZ01 - 2,225,56 de 225
AZ01,2,Chip 2,BGF SC+PL,32,5,#3F48CC,1,1,2,2 - AZ01 - 2,225,57 de 225
AZ01,2,Chip 2,BGF SC+PL,32,5,#3F48CC,1,1,2,2 - AZ01 - 2,225,58 de 225
AZ01,2,Chip 2,BGF SC+PL,32,5,#3F48CC,1,1,2,2 - AZ01 - 2,225,59 de 225
AZ01,2,Chip 2,BGF SC+PL,32,5,#3F48CC,1,1,2,2 - AZ01 - 2,225,60 de 225
AZ01,2,Chip 2,INFRA,37,3,#000000,0,1,2,2 - AZ01 - 2,0,
AZ01,3,Chip 1,CSCF PL,0,8,#02675F,1,1,3,3 - AZ01 - 3,841,59 de 841
AZ01,3,Chip 1,CSCF PL,0,8,#02675F,1,1,3,3 - AZ01 - 3,841,60 de 841
AZ01,3,Chip 1,CSCF PL,0,8,#02675F,1,1,3,3 - AZ01 - 3,841,61 de 841
AZ01,3,Chip 1,CSCF PL,0,8,#02675F,1,1,3,3 - AZ01 - 3,841,62 de 841
AZ01,3,Chip 1,CSCF PL,0,8,#02675F,1,1,3,3 - AZ01 - 3,841,63 de 841
AZ01,3,Chip 1,CSCF PL,0,8,#02675F,1,1,3,3 - AZ01 - 3,841,64 de 841
AZ01,3,Chip 1,CSCF PL,0,8,#02675F,1,1,3,3 - AZ01 - 3,841,65 de 841
AZ01,3,Chip 1,CSCF PL,0,8,#02675F,1,1,3,3 - AZ01 - 3,841,66 de 841
AZ01,3,Chip 1,CSCF PL,0,8,#02675F,1,1,3,3 - AZ01 - 3,841,67 de 841
AZ01,3,Chip 1,CSCF PL,0,8,#02675F,1,1,3,3 - AZ01 - 3,841,68 de 841
AZ01,3,Chip 1,CSCF PL,0,8,#02675F,1,1,3,3 - AZ01 - 3,841,69 de 841
AZ01,3,Chip 1,CSCF PL,0,8,#02675F,1,1,3,3 - AZ01 - 3,841,70 de 841
AZ01,3,Chip 1,CSCF PL,0,8,#02675F,1,1,3,3 - AZ01 - 3,841,71 de 841
AZ01,3,Chip 1,CSCF PL,0,8,#02675F,1,1,3,3 - AZ01 - 3,841,72 de 841
AZ01,3,Chip 1,CSCF PL,0,8,#02675F,1,1,3,3 - AZ01 - 3,841,73 de 841
AZ01,3,Chip 1,CSCF PL,0,8,#02675F,1,1,3,3 - AZ01 - 3,841,74 de 841
AZ01,3,Chip 1,CSCF PL,0,8,#02675F,1,1,3,3 - AZ01 - 3,841,75 de 841
AZ01,3,Chip 1,CSCF PL,0,8,#02675F,1,1,3,3 - AZ01 - 3,841,76 de 841
AZ01,3,Chip 1,CSCF PL,0,8,#02675F,1,1,3,3 - AZ01 - 3,841,77 de 841
AZ01,3,Chip 1,CSCF PL,0,8,#02675F,1,1,3,3 - AZ01 - 3,841,78 de 841
AZ01,3,Chip 1,CSCF PL,0,8,#02675F,1,1,3,3 - AZ01 - 3,841,79 de 841
AZ01,3,Chip 1,CSCF PL,0,8,#02675F,1,1,3,3 - AZ01 - 3,841,80 de 841
AZ01,3,Chip 1,CSCF PL,0,8,#02675F,1,1,3,3 - AZ01 - 3,841,81 de 841
AZ01,3,Chip 1,CSCF PL,0,8,#02675F,1,1,3,3 - AZ01 - 3,841,82 de 841
AZ01,3,Chip 1,CSCF PL,0,8,#02675F,1,1,3,3 - AZ01 - 3,841,83 de 841
AZ01,3,Chip 1,CSCF PL,0,8,#02675F,1,1,3,3 - AZ01 - 3,841,84 de 841
AZ01,3,Chip 1,CSCF PL,0,8,#02675F,1,1,3,3 - AZ01 - 3,841,85 de 841
AZ01,3,Chip 1,CSCF PL,0,8,#02675F,1,1,3,3 - AZ01 - 3,841,86 de 841
AZ01,3,Chip 1,CSCF PL,0,8,#02675F,1,1,3,3 - AZ01 - 3,841,87 de 841
AZ01,3,Chip 1,MTAS-1 PL,8,8,#F7C7AC,1,1,3,3 - AZ01 - 3,169,27 de 169
AZ01,3,Chip 1,MTAS-1 PL,8,8,#F7C7AC,1,1,3,3 - AZ01 - 3,169,28 de 169
AZ01,3,Chip 1,MTAS-1 PL,8,8,#F7C7AC,1,1,3,3 - AZ01 - 3,169,29 de 169
AZ01,3,Chip 1,MTAS-1 PL,8,8,#F7C7AC,1,1,3,3 - AZ01 - 3,169,30 de 169
AZ01,3,Chip 1,MTAS-1 PL,8,8,#F7C7AC,1,1,3,3 - AZ01 - 3,169,31 de 169
AZ01,3,Chip 1,MTAS-1 PL,8,8,#F7C7AC,1,1,3,3 - AZ01 - 3,169,32 de 169
AZ01,3,Chip 1,MTAS-1 PL,8,8,#F7C7AC,1,1,3,3 - AZ01 - 3,169,33 de 169
AZ01,3,Chip 1,MTAS-1 PL,8,8,#F7C7AC,1,1,3,3 - AZ01 - 3,169,34 de 169
AZ01,3,Chip 1,MTAS-1 PL,8,8,#F7C7AC,1,1,3,3 - AZ01 - 3,169,35 de 169
AZ01,3,Chip 1,MTAS-1 PL,8,8,#F7C7AC,1,1,3,3 - AZ01 - 3,169,36 de 169
AZ01,3,Chip 1,MTAS-1 PL,8,8,#F7C7AC,1,1,3,3 - AZ01 - 3,169,37 de 169
AZ01,3,Chip 1,MTAS-1 PL,8,8,#F7C7AC,1,1,3,3 - AZ01 - 3,169,38 de 169
AZ01,3,Chip 1,MTAS-1 PL,8,8,#F7C7AC,1,1,3,3 - AZ01 - 3,169,39 de 169
AZ01,3,Chip 1,INFRA,17,3,#000000,0,1,3,3 - AZ01 - 3,0,
AZ01,3,Chip 2,DRA PL,20,6,#FDD835,1,2,3,3 - AZ01 - 3,81,37 de 81
AZ01,3,Chip 2,DRA PL,20,6,#FDD835,1,2,3,3 - AZ01 - 3,81,38 de 81
AZ01,3,Chip 2,DRA PL,20,6,#FDD835,1,2,3,3 - AZ01 - 3,81,39 de 81
AZ01,3,Chip 2,DRA PL,20,6,#FDD835,1,2,3,3 - AZ01 - 3,81,40 de 81
AZ01,3,Chip 2,DRA PL,20,6,#FDD835,1,2,3,3 - AZ01 - 3,81,41 de 81
AZ01,3,Chip 2,DRA PL,20,6,#FDD835,1,2,3,3 - AZ01 - 3,81,42 de 81
AZ01,3,Chip 2,DRA PL,20,6,#FDD835,1,2,3,3 - AZ01 - 3,81,43 de 81
AZ01,3,Chip 2,DRA PL,20,6,#FDD835,1,2,3,3 - AZ01 - 3,81,44 de 81
AZ01,3,Chip 2,DRA PL,20,6,#FDD835,1,2,3,3 - AZ01 - 3,81,45 de 81
AZ01,3,Chip 2,DRA PL,26,6,#FDD835,1,2,3,3 - AZ01 - 3,81,46 de 81
AZ01,3,Chip 2,DRA PL,26,6,#FDD835,1,2,3,3 - AZ01 - 3,81,47 de 81
AZ01,3,Chip 2,DRA PL,26,6,#FDD835,1,2,3,3 - AZ01 - 3,81,48 de 81
AZ01,3,Chip 2,DRA PL,26,6,#FDD835,1,2,3,3 - AZ01 - 3,81,49 de 81
AZ01,3,Chip 2,DRA PL,26,6,#FDD835,1,2,3,3 - AZ01 - 3,81,50 de 81
AZ01,3,Chip 2,DRA PL,26,6,#FDD835,1,2,3,3 - AZ01 - 3,81,51 de 81
AZ01,3,Chip 2,DRA PL,26,6,#FDD835,1,2,3,3 - AZ01 - 3,81,52 de 81
AZ01,3,Chip 2,DRA PL,26,6,#FDD835,1,2,3,3 - AZ01 - 3,81,53 de 81
AZ01,3,Chip 2,DRA PL,26,6,#FDD835,1,2,3,3 - AZ01 - 3,81,54 de 81
AZ01,3,Chip 2,BGF SC+PL,32,5,#3F48CC,1,1,3,3 - AZ01 - 3,225,61 de 225
AZ01,3,Chip 2,BGF SC+PL,32,5,#3F48CC,1,1,3,3 - AZ01 - 3,225,62 de 225
AZ01,3,Chip 2,BGF SC+PL,32,5,#3F48CC,1,1,3,3 - AZ01 - 3,225,63 de 225
AZ01,3,Chip 2,BGF SC+PL,32,5,#3F48CC,1,1,3,3 - AZ01 - 3,225,64 de 225
AZ01,3,Chip 2,BGF SC+PL,32,5,#3F48CC,1,1,3,3 - AZ01 - 3,225,65 de 225
AZ01,3,Chip 2,BGF SC+PL,32,5,#3F48CC,1,1,3,3 - AZ01 - 3,225,66 de 225
AZ01,3,Chip 2,BGF SC+PL,32,5,#3F48CC,1,1,3,3 - AZ01 - 3,225,67 de 225
AZ01,3,Chip 2,BGF SC+PL,32,5,#3F48CC,1,1,3,3 - AZ01 - 3,225,68 de 225
AZ01,3,Chip 2,BGF SC+PL,32,5,#3F48CC,1,1,3,3 - AZ01 - 3,225,69 de 225
AZ01,3,Chip 2,BGF SC+PL,32,5,#3F48CC,1,1,3,3 - AZ01 - 3,225,70 de 225
AZ01,3,Chip 2,BGF SC+PL,32,5,#3F48CC,1,1,3,3 - AZ01 - 3,225,71 de 225
AZ01,3,Chip 2,BGF SC+PL,32,5,#3F48CC,1,1,3,3 - AZ01 - 3,225,72 de 225
AZ01,3,Chip 2,BGF SC+PL,32,5,#3F48CC,1,1,3,3 - AZ01 - 3,225,73 de 225
AZ01,3,Chip 2,BGF SC+PL,32,5,#3F48CC,1,1,3,3 - AZ01 - 3,225,74 de 225
AZ01,3,Chip 2,BGF SC+PL,32,5,#3F48CC,1,1,3,3 - AZ01 - 3,225,75 de 225
AZ01,3,Chip 2,INFRA,37,3,#000000,0,1,3,3 - AZ01 - 3,0,
AZ01,4,Chip 1,CSCF PL,0,8,#02675F,1,1,4,4 - AZ01 - 4,841,88 de 841
AZ01,4,Chip 1,CSCF PL,0,8,#02675F,1,1,4,4 - AZ01 - 4,841,89 de 841
AZ01,4,Chip 1,CSCF PL,0,8,#02675F,1,1,4,4 - AZ01 - 4,841,90 de 841
AZ01,4,Chip 1,CSCF PL,0,8,#02675F,1,1,4,4 - AZ01 - 4,841,91 de 841
AZ01,4,Chip 1,CSCF PL,0,8,#02675F,1,1,4,4 - AZ01 - 4,841,92 de 841
AZ01,4,Chip 1,CSCF PL,0,8,#02675F,1,1,4,4 - AZ01 - 4,841,93 de 841
AZ01,4,Chip 1,CSCF PL,0,8,#02675F,1,1,4,4 - AZ01 - 4,841,94 de 841
AZ01,4,Chip 1,CSCF PL,0,8,#02675F,1,1,4,4 - AZ01 - 4,841,95 de 841
AZ01,4,Chip 1,CSCF PL,0,8,#02675F,1,1,4,4 - AZ01 - 4,841,96 de 841
AZ01,4,Chip 1,CSCF PL,0,8,#02675F,1,1,4,4 - AZ01 - 4,841,97 de 841
AZ01,4,Chip 1,CSCF PL,0,8,#02675F,1,1,4,4 - AZ01 - 4,841,98 de 841
AZ01,4,Chip 1,CSCF PL,0,8,#02675F,1,1,4,4 - AZ01 - 4,841,99 de 841
AZ01,4,Chip 1,CSCF PL,0,8,#02675F,1,1,4,4 - AZ01 - 4,841,100 de 841
AZ01,4,Chip 1,CSCF PL,0,8,#02675F,1,1,4,4 - AZ01 - 4,841,101 de 841
AZ01,4,Chip 1,CSCF PL,0,8,#02675F,1,1,4,4 - AZ01 - 4,841,102 de 841
AZ01,4,Chip 1,CSCF PL,0,8,#02675F,1,1,4,4 - AZ01 - 4,841,103 de 841
AZ01,4,Chip 1,CSCF PL,0,8,#02675F,1,1,4,4 - AZ01 - 4,841,104 de 841
AZ01,4,Chip 1,CSCF PL,0,8,#02675F,1,1,4,4 - AZ01 - 4,841,105 de 841
AZ01,4,Chip 1,CSCF PL,0,8,#02675F,1,1,4,4 - AZ01 - 4,841,106 de 841
AZ01,4,Chip 1,CSCF PL,0,8,#02675F,1,1,4,4 - AZ01 - 4,841,107 de 841
AZ01,4,Chip 1,CSCF PL,0,8,#02675F,1,1,4,4 - AZ01 - 4,841,108 de 841
AZ01,4,Chip 1,CSCF PL,0,8,#02675F,1,1,4,4 - AZ01 - 4,841,109 de 841
AZ01,4,Chip 1,CSCF PL,0,8,#02675F,1,1,4,4 - AZ01 - 4,841,110 de 841
AZ01,4,Chip 1,CSCF PL,0,8,#02675F,1,1,4,4 - AZ01 - 4,841,111 de 841
AZ01,4,Chip 1,CSCF PL,0,8,#02675F,1,1,4,4 - AZ01 - 4,841,112 de 841
AZ01,4,Chip 1,CSCF PL,0,8,#02675F,1,1,4,4 - AZ01 - 4,841,113 de 841
AZ01,4,Chip 1,CSCF PL,0,8,#02675F,1,1,4,4 - AZ01 - 4,841,114 de 841
AZ01,4,Chip 1,CSCF PL,0,8,#02675F,1,1,4,4 - AZ01 - 4,841,115 de 841
AZ01,4,Chip 1,CSCF PL,0,8,#02675F,1,1,4,4 - AZ01 - 4,841,116 de 841
AZ01,4,Chip 1,MTAS-1 PL,8,8,#F7C7AC,1,1,4,4 - AZ01 - 4,169,40 de 169
AZ01,4,Chip 1,MTAS-1 PL,8,8,#F7C7AC,1,1,4,4 - AZ01 - 4,169,41 de 169
AZ01,4,Chip 1,MTAS-1 PL,8,8,#F7C7AC,1,1,4,4 - AZ01 - 4,169,42 de 169
AZ01,4,Chip 1,MTAS-1 PL,8,8,#F7C7AC,1,1,4,4 - AZ01 - 4,169,43 de 169
AZ01,4,Chip 1,MTAS-1 PL,8,8,#F7C7AC,1,1,4,4 - AZ01 - 4,169,44 de 169
AZ01,4,Chip 1,MTAS-1 PL,8,8,#F7C7AC,1,1,4,4 - AZ01 - 4,169,45 de 169
AZ01,4,Chip 1,MTAS-1 PL,8,8,#F7C7AC,1,1,4,4 - AZ01 - 4,169,46 de 169
AZ01,4,Chip 1,MTAS-1 PL,8,8,#F7C7AC,1,1,4,4 - AZ01 - 4,169,47 de 169
AZ01,4,Chip 1,MTAS-1 PL,8,8,#F7C7AC,1,1,4,4 - AZ01 - 4,169,48 de 169
AZ01,4,Chip 1,MTAS-1 PL,8,8,#F7C7AC,1,1,4,4 - AZ01 - 4,169,49 de 169
AZ01,4,Chip 1,MTAS-1 PL,8,8,#F7C7AC,1,1,4,4 - AZ01 - 4,169,50 de 169
AZ01,4,Chip 1,MTAS-1 PL,8,8,#F7C7AC,1,1,4,4 - AZ01 - 4,169,51 de 169
AZ01,4,Chip 1,MTAS-1 PL,8,8,#F7C7AC,1,1,4,4 - AZ01 - 4,169,52 de 169
AZ01,4,Chip 1,INFRA,17,3,#000000,0,1,4,4 - AZ01 - 4,0,
AZ01,4,Chip 2,DRA PL,20,6,#FDD835,1,2,4,4 - AZ01 - 4,81,55 de 81
AZ01,4,Chip 2,DRA PL,20,6,#FDD835,1,2,4,4 - AZ01 - 4,81,56 de 81
AZ01,4,Chip 2,DRA PL,20,6,#FDD835,1,2,4,4 - AZ01 - 4,81,57 de 81
AZ01,4,Chip 2,DRA PL,20,6,#FDD835,1,2,4,4 - AZ01 - 4,81,58 de 81
AZ01,4,Chip 2,DRA PL,20,6,#FDD835,1,2,4,4 - AZ01 - 4,81,59 de 81
AZ01,4,Chip 2,DRA PL,20,6,#FDD835,1,2,4,4 - AZ01 - 4,81,60 de 81
AZ01,4,Chip 2,DRA PL,20,6,#FDD835,1,2,4,4 - AZ01 - 4,81,61 de 81
AZ01,4,Chip 2,DRA PL,20,6,#FDD835,1,2,4,4 - AZ01 - 4,81,62 de 81
AZ01,4,Chip 2,DRA PL,20,6,#FDD835,1,2,4,4 - AZ01 - 4,81,63 de 81
AZ01,4,Chip 2,DRA PL,26,6,#FDD835,1,2,4,4 - AZ01 - 4,81,64 de 81
AZ01,4,Chip 2,DRA PL,26,6,#FDD835,1,2,4,4 - AZ01 - 4,81,65 de 81
AZ01,4,Chip 2,DRA PL,26,6,#FDD835,1,2,4,4 - AZ01 - 4,81,66 de 81
AZ01,4,Chip 2,DRA PL,26,6,#FDD835,1,2,4,4 - AZ01 - 4,81,67 de 81
AZ01,4,Chip 2,DRA PL,26,6,#FDD835,1,2,4,4 - AZ01 - 4,81,68 de 81
AZ01,4,Chip 2,DRA PL,26,6,#FDD835,1,2,4,4 - AZ01 - 4,81,69 de 81
AZ01,4,Chip 2,DRA PL,26,6,#FDD835,1,2,4,4 - AZ01 - 4,81,70 de 81
AZ01,4,Chip 2,DRA PL,26,6,#FDD835,1,2,4,4 - AZ01 - 4,81,71 de 81
AZ01,4,Chip 2,DRA PL,26,6,#FDD835,1,2,4,4 - AZ01 - 4,81,72 de 81
AZ01,4,Chip 2,BGF SC+PL,32,5,#3F48CC,1,1,4,4 - AZ01 - 4,225,76 de 225
AZ01,4,Chip 2,BGF SC+PL,32,5,#3F48CC,1,1,4,4 - AZ01 - 4,225,77 de 225
AZ01,4,Chip 2,BGF SC+PL,32,5,#3F48CC,1,1,4,4 - AZ01 - 4,225,78 de 225
AZ01,4,Chip 2,BGF SC+PL,32,5,#3F48CC,1,1,4,4 - AZ01 - 4,225,79 de 225
AZ01,4,Chip 2,BGF SC+PL,32,5,#3F48CC,1,1,4,4 - AZ01 - 4,225,80 de 225
AZ01,4,Chip 2,BGF SC+PL,32,5,#3F48CC,1,1,4,4 - AZ01 - 4,225,81 de 225
AZ01,4,Chip 2,BGF SC+PL,32,5,#3F48CC,1,1,4,4 - AZ01 - 4,225,82 de 225
AZ01,4,Chip 2,BGF SC+PL,32,5,#3F48CC,1,1,4,4 - AZ01 - 4,225,83 de 225
AZ01,4,Chip 2,BGF SC+PL,32,5,#3F48CC,1,1,4,4 - AZ01 - 4,225,84 de 225
AZ01,4,Chip 2,BGF SC+PL,32,5,#3F48CC,1,1,4,4 - AZ01 - 4,225,85 de 225
AZ01,4,Chip 2,BGF SC+PL,32,5,#3F48CC,1,1,4,4 - AZ01 - 4,225,86 de 225
AZ01,4,Chip 2,BGF SC+PL,32,5,#3F48CC,1,1,4,4 - AZ01 - 4,225,87 de 225
AZ01,4,Chip 2,BGF SC+PL,32,5,#3F48CC,1,1,4,4 - AZ01 - 4,225,88 de 225
AZ01,4,Chip 2,BGF SC+PL,32,5,#3F48CC,1,1,4,4 - AZ01 - 4,225,89 de 225
AZ01,4,Chip 2,BGF SC+PL,32,5,#3F48CC,1,1,4,4 - AZ01 - 4,225,90 de 225
AZ01,4,Chip 2,INFRA,37,3,#000000,0,1,4,4 - AZ01 - 4,0,
AZ01,5,Chip 1,CSCF PL,0,8,#02675F,1,1,5,5 - AZ01 - 5,841,117 de 841
AZ01,5,Chip 1,CSCF PL,0,8,#02675F,1,1,5,5 - AZ01 - 5,841,118 de 841
AZ01,5,Chip 1,CSCF PL,0,8,#02675F,1,1,5,5 - AZ01 - 5,841,119 de 841
AZ01,5,Chip 1,CSCF PL,0,8,#02675F,1,1,5,5 - AZ01 - 5,841,120 de 841
AZ01,5,Chip 1,CSCF PL,0,8,#02675F,1,1,5,5 - AZ01 - 5,841,121 de 841
AZ01,5,Chip 1,CSCF PL,0,8,#02675F,1,1,5,5 - AZ01 - 5,841,122 de 841
AZ01,5,Chip 1,CSCF PL,0,8,#02675F,1,1,5,5 - AZ01 - 5,841,123 de 841
AZ01,5,Chip 1,CSCF PL,0,8,#02675F,1,1,5,5 - AZ01 - 5,841,124 de 841
AZ01,5,Chip 1,CSCF PL,0,8,#02675F,1,1,5,5 - AZ01 - 5,841,125 de 841
AZ01,5,Chip 1,CSCF PL,0,8,#02675F,1,1,5,5 - AZ01 - 5,841,126 de 841
AZ01,5,Chip 1,CSCF PL,0,8,#02675F,1,1,5,5 - AZ01 - 5,841,127 de 841
AZ01,5,Chip 1,CSCF PL,0,8,#02675F,1,1,5,5 - AZ01 - 5,841,128 de 841
AZ01,5,Chip 1,CSCF PL,0,8,#02675F,1,1,5,5 - AZ01 - 5,841,129 de 841
AZ01,5,Chip 1,CSCF PL,0,8,#02675F,1,1,5,5 - AZ01 - 5,841,130 de 841
AZ01,5,Chip 1,CSCF PL,0,8,#02675F,1,1,5,5 - AZ01 - 5,841,131 de 841
AZ01,5,Chip 1,CSCF PL,0,8,#02675F,1,1,5,5 - AZ01 - 5,841,132 de 841
AZ01,5,Chip 1,CSCF PL,0,8,#02675F,1,1,5,5 - AZ01 - 5,841,133 de 841
AZ01,5,Chip 1,CSCF PL,0,8,#02675F,1,1,5,5 - AZ01 - 5,841,134 de 841
AZ01,5,Chip 1,CSCF PL,0,8,#02675F,1,1,5,5 - AZ01 - 5,841,135 de 841
AZ01,5,Chip 1,CSCF PL,0,8,#02675F,1,1,5,5 - AZ01 - 5,841,136 de 841
AZ01,5,Chip 1,CSCF PL,0,8,#02675F,1,1,5,5 - AZ01 - 5,841,137 de 841
AZ01,5,Chip 1,CSCF PL,0,8,#02675F,1,1,5,5 - AZ01 - 5,841,138 de 841
AZ01,5,Chip 1,CSCF PL,0,8,#02675F,1,1,5,5 - AZ01 - 5,841,139 de 841
AZ01,5,Chip 1,CSCF PL,0,8,#02675F,1,1,5,5 - AZ01 - 5,841,140 de 841
AZ01,5,Chip 1,CSCF PL,0,8,#02675F,1,1,5,5 - AZ01 - 5,841,141 de 841
AZ01,5,Chip 1,CSCF PL,0,8,#02675F,1,1,5,5 - AZ01 - 5,841,142 de 841
AZ01,5,Chip 1,CSCF PL,0,8,#02675F,1,1,5,5 - AZ01 - 5,841,143 de 841
AZ01,5,Chip 1,CSCF PL,0,8,#02675F,1,1,5,5 - AZ01 - 5,841,144 de 841
AZ01,5,Chip 1,CSCF PL,0,8,#02675F,1,1,5,5 - AZ01 - 5,841,145 de 841
AZ01,5,Chip 1,MTAS-2 PL,8,8,#FADECE,2,1,5,5 - AZ01 - 5,169,1 de 169
AZ01,5,Chip 1,MTAS-2 PL,8,8,#FADECE,2,1,5,5 - AZ01 - 5,169,2 de 169
AZ01,5,Chip 1,MTAS-2 PL,8,8,#FADECE,2,1,5,5 - AZ01 - 5,169,3 de 169
AZ01,5,Chip 1,MTAS-2 PL,8,8,#FADECE,2,1,5,5 - AZ01 - 5,169,4 de 169
AZ01,5,Chip 1,MTAS-2 PL,8,8,#FADECE,2,1,5,5 - AZ01 - 5,169,5 de 169
AZ01,5,Chip 1,MTAS-2 PL,8,8,#FADECE,2,1,5,5 - AZ01 - 5,169,6 de 169
AZ01,5,Chip 1,MTAS-2 PL,8,8,#FADECE,2,1,5,5 - AZ01 - 5,169,7 de 169
AZ01,5,Chip 1,MTAS-2 PL,8,8,#FADECE,2,1,5,5 - AZ01 - 5,169,8 de 169
AZ01,5,Chip 1,MTAS-2 PL,8,8,#FADECE,2,1,5,5 - AZ01 - 5,169,9 de 169
AZ01,5,Chip 1,MTAS-2 PL,8,8,#FADECE,2,1,5,5 - AZ01 - 5,169,10 de 169
AZ01,5,Chip 1,MTAS-2 PL,8,8,#FADECE,2,1,5,5 - AZ01 - 5,169,11 de 169
AZ01,5,Chip 1,MTAS-2 PL,8,8,#FADECE,2,1,5,5 - AZ01 - 5,169,12 de 169
AZ01,5,Chip 1,MTAS-2 PL,8,8,#FADECE,2,1,5,5 - AZ01 - 5,169,13 de 169
AZ01,5,Chip 1,INFRA,17,3,#000000,0,1,5,5 - AZ01 - 5,0,
AZ01,5,Chip 2,SBG PL,20,10,#00A6A6,1,1,5,5 - AZ01 - 5,196,1 de 196
AZ01,5,Chip 2,SBG PL,20,10,#00A6A6,1,1,5,5 - AZ01 - 5,196,2 de 196
AZ01,5,Chip 2,SBG PL,20,10,#00A6A6,1,1,5,5 - AZ01 - 5,196,3 de 196
AZ01,5,Chip 2,SBG PL,20,10,#00A6A6,1,1,5,5 - AZ01 - 5,196,4 de 196
AZ01,5,Chip 2,SBG PL,20,10,#00A6A6,1,1,5,5 - AZ01 - 5,196,5 de 196
AZ01,5,Chip 2,SBG PL,20,10,#00A6A6,1,1,5,5 - AZ01 - 5,196,6 de 196
AZ01,5,Chip 2,SBG PL,20,10,#00A6A6,1,1,5,5 - AZ01 - 5,196,7 de 196
AZ01,5,Chip 2,SBG PL,20,10,#00A6A6,1,1,5,5 - AZ01 - 5,196,8 de 196
AZ01,5,Chip 2,SBG PL,20,10,#00A6A6,1,1,5,5 - AZ01 - 5,196,9 de 196
AZ01,5,Chip 2,SBG PL,20,10,#00A6A6,1,1,5,5 - AZ01 - 5,196,10 de 196
AZ01,5,Chip 2,SBG PL,20,10,#00A6A6,1,1,5,5 - AZ01 - 5,196,11 de 196
AZ01,5,Chip 2,SBG PL,20,10,#00A6A6,1,1,5,5 - AZ01 - 5,196,12 de 196
AZ01,5,Chip 2,SBG PL,20,10,#00A6A6,1,1,5,5 - AZ01 - 5,196,13 de 196
AZ01,5,Chip 2,SBG PL,20,10,#00A6A6,1,1,5,5 - AZ01 - 5,196,14 de 196
AZ01,5,Chip 2,BGF SC+PL,30,5,#3F48CC,1,1,5,5 - AZ01 - 5,225,91 de 225
AZ01,5,Chip 2,BGF SC+PL,30,5,#3F48CC,1,1,5,5 - AZ01 - 5,225,92 de 225
AZ01,5,Chip 2,BGF SC+PL,30,5,#3F48CC,1,1,5,5 - AZ01 - 5,225,93 de 225
AZ01,5,Chip 2,BGF SC+PL,30,5,#3F48CC,1,1,5,5 - AZ01 - 5,225,94 de 225
AZ01,5,Chip 2,BGF SC+PL,30,5,#3F48CC,1,1,5,5 - AZ01 - 5,225,95 de 225
AZ01,5,Chip 2,BGF SC+PL,30,5,#3F48CC,1,1,5,5 - AZ01 - 5,225,96 de 225
AZ01,5,Chip 2,BGF SC+PL,30,5,#3F48CC,1,1,5,5 - AZ01 - 5,225,97 de 225
AZ01,5,Chip 2,BGF SC+PL,30,5,#3F48CC,1,1,5,5 - AZ01 - 5,225,98 de 225
AZ01,5,Chip 2,BGF SC+PL,30,5,#3F48CC,1,1,5,5 - AZ01 - 5,225,99 de 225
AZ01,5,Chip 2,BGF SC+PL,30,5,#3F48CC,1,1,5,5 - AZ01 - 5,225,100 de 225
AZ01,5,Chip 2,BGF SC+PL,30,5,#3F48CC,1,1,5,5 - AZ01 - 5,225,101 de 225
AZ01,5,Chip 2,BGF SC+PL,30,5,#3F48CC,1,1,5,5 - AZ01 - 5,225,102 de 225
AZ01,5,Chip 2,BGF SC+PL,30,5,#3F48CC,1,1,5,5 - AZ01 - 5,225,103 de 225
AZ01,5,Chip 2,BGF SC+PL,30,5,#3F48CC,1,1,5,5 - AZ01 - 5,225,104 de 225
AZ01,5,Chip 2,BGF SC+PL,30,5,#3F48CC,1,1,5,5 - AZ01 - 5,225,105 de 225
AZ01,5,Chip 2,INFRA,37,3,#000000,0,1,5,5 - AZ01 - 5,0,
AZ01,6,Chip 1,CSCF PL,0,8,#02675F,1,1,6,6 - AZ01 - 6,841,146 de 841
AZ01,6,Chip 1,CSCF PL,0,8,#02675F,1,1,6,6 - AZ01 - 6,841,147 de 841
AZ01,6,Chip 1,CSCF PL,0,8,#02675F,1,1,6,6 - AZ01 - 6,841,148 de 841
AZ01,6,Chip 1,CSCF PL,0,8,#02675F,1,1,6,6 - AZ01 - 6,841,149 de 841
AZ01,6,Chip 1,CSCF PL,0,8,#02675F,1,1,6,6 - AZ01 - 6,841,150 de 841
AZ01,6,Chip 1,CSCF PL,0,8,#02675F,1,1,6,6 - AZ01 - 6,841,151 de 841
AZ01,6,Chip 1,CSCF PL,0,8,#02675F,1,1,6,6 - AZ01 - 6,841,152 de 841
AZ01,6,Chip 1,CSCF PL,0,8,#02675F,1,1,6,6 - AZ01 - 6,841,153 de 841
AZ01,6,Chip 1,CSCF PL,0,8,#02675F,1,1,6,6 - AZ01 - 6,841,154 de 841
AZ01,6,Chip 1,CSCF PL,0,8,#02675F,1,1,6,6 - AZ01 - 6,841,155 de 841
AZ01,6,Chip 1,CSCF PL,0,8,#02675F,1,1,6,6 - AZ01 - 6,841,156 de 841
AZ01,6,Chip 1,CSCF PL,0,8,#02675F,1,1,6,6 - AZ01 - 6,841,157 de 841
AZ01,6,Chip 1,CSCF PL,0,8,#02675F,1,1,6,6 - AZ01 - 6,841,158 de 841
AZ01,6,Chip 1,CSCF PL,0,8,#02675F,1,1,6,6 - AZ01 - 6,841,159 de 841
AZ01,6,Chip 1,CSCF PL,0,8,#02675F,1,1,6,6 - AZ01 - 6,841,160 de 841
AZ01,6,Chip 1,CSCF PL,0,8,#02675F,1,1,6,6 - AZ01 - 6,841,161 de 841
AZ01,6,Chip 1,CSCF PL,0,8,#02675F,1,1,6,6 - AZ01 - 6,841,162 de 841
AZ01,6,Chip 1,CSCF PL,0,8,#02675F,1,1,6,6 - AZ01 - 6,841,163 de 841
AZ01,6,Chip 1,CSCF PL,0,8,#02675F,1,1,6,6 - AZ01 - 6,841,164 de 841
AZ01,6,Chip 1,CSCF PL,0,8,#02675F,1,1,6,6 - AZ01 - 6,841,165 de 841
AZ01,6,Chip 1,CSCF PL,0,8,#02675F,1,1,6,6 - AZ01 - 6,841,166 de 841
AZ01,6,Chip 1,CSCF PL,0,8,#02675F,1,1,6,6 - AZ01 - 6,841,167 de 841
AZ01,6,Chip 1,CSCF PL,0,8,#02675F,1,1,6,6 - AZ01 - 6,841,168 de 841
AZ01,6,Chip 1,CSCF PL,0,8,#02675F,1,1,6,6 - AZ01 - 6,841,169 de 841
AZ01,6,Chip 1,CSCF PL,0,8,#02675F,1,1,6,6 - AZ01 - 6,841,170 de 841
AZ01,6,Chip 1,CSCF PL,0,8,#02675F,1,1,6,6 - AZ01 - 6,841,171 de 841
AZ01,6,Chip 1,CSCF PL,0,8,#02675F,1,1,6,6 - AZ01 - 6,841,172 de 841
AZ01,6,Chip 1,CSCF PL,0,8,#02675F,1,1,6,6 - AZ01 - 6,841,173 de 841
AZ01,6,Chip 1,CSCF PL,0,8,#02675F,1,1,6,6 - AZ01 - 6,841,174 de 841
AZ01,6,Chip 1,MTAS-2 PL,8,8,#FADECE,2,1,6,6 - AZ01 - 6,169,14 de 169
AZ01,6,Chip 1,MTAS-2 PL,8,8,#FADECE,2,1,6,6 - AZ01 - 6,169,15 de 169
AZ01,6,Chip 1,MTAS-2 PL,8,8,#FADECE,2,1,6,6 - AZ01 - 6,169,16 de 169
AZ01,6,Chip 1,MTAS-2 PL,8,8,#FADECE,2,1,6,6 - AZ01 - 6,169,17 de 169
AZ01,6,Chip 1,MTAS-2 PL,8,8,#FADECE,2,1,6,6 - AZ01 - 6,169,18 de 169
AZ01,6,Chip 1,MTAS-2 PL,8,8,#FADECE,2,1,6,6 - AZ01 - 6,169,19 de 169
AZ01,6,Chip 1,MTAS-2 PL,8,8,#FADECE,2,1,6,6 - AZ01 - 6,169,20 de 169
AZ01,6,Chip 1,MTAS-2 PL,8,8,#FADECE,2,1,6,6 - AZ01 - 6,169,21 de 169
AZ01,6,Chip 1,MTAS-2 PL,8,8,#FADECE,2,1,6,6 - AZ01 - 6,169,22 de 169
AZ01,6,Chip 1,MTAS-2 PL,8,8,#FADECE,2,1,6,6 - AZ01 - 6,169,23 de 169
AZ01,6,Chip 1,MTAS-2 PL,8,8,#FADECE,2,1,6,6 - AZ01 - 6,169,24 de 169
AZ01,6,Chip 1,MTAS-2 PL,8,8,#FADECE,2,1,6,6 - AZ01 - 6,169,25 de 169
AZ01,6,Chip 1,MTAS-2 PL,8,8,#FADECE,2,1,6,6 - AZ01 - 6,169,26 de 169
AZ01,6,Chip 1,INFRA,17,3,#000000,0,1,6,6 - AZ01 - 6,0,
AZ01,6,Chip 2,SBG PL,20,10,#00A6A6,1,1,6,6 - AZ01 - 6,196,15 de 196
AZ01,6,Chip 2,SBG PL,20,10,#00A6A6,1,1,6,6 - AZ01 - 6,196,16 de 196
AZ01,6,Chip 2,SBG PL,20,10,#00A6A6,1,1,6,6 - AZ01 - 6,196,17 de 196
AZ01,6,Chip 2,SBG PL,20,10,#00A6A6,1,1,6,6 - AZ01 - 6,196,18 de 196
AZ01,6,Chip 2,SBG PL,20,10,#00A6A6,1,1,6,6 - AZ01 - 6,196,19 de 196
AZ01,6,Chip 2,SBG PL,20,10,#00A6A6,1,1,6,6 - AZ01 - 6,196,20 de 196
AZ01,6,Chip 2,SBG PL,20,10,#00A6A6,1,1,6,6 - AZ01 - 6,196,21 de 196
AZ01,6,Chip 2,SBG PL,20,10,#00A6A6,1,1,6,6 - AZ01 - 6,196,22 de 196
AZ01,6,Chip 2,SBG PL,20,10,#00A6A6,1,1,6,6 - AZ01 - 6,196,23 de 196
AZ01,6,Chip 2,SBG PL,20,10,#00A6A6,1,1,6,6 - AZ01 - 6,196,24 de 196
AZ01,6,Chip 2,SBG PL,20,10,#00A6A6,1,1,6,6 - AZ01 - 6,196,25 de 196
AZ01,6,Chip 2,SBG PL,20,10,#00A6A6,1,1,6,6 - AZ01 - 6,196,26 de 196
AZ01,6,Chip 2,SBG PL,20,10,#00A6A6,1,1,6,6 - AZ01 - 6,196,27 de 196
AZ01,6,Chip 2,SBG PL,20,10,#00A6A6,1,1,6,6 - AZ01 - 6,196,28 de 196
AZ01,6,Chip 2,BGF SC+PL,30,5,#3F48CC,1,1,6,6 - AZ01 - 6,225,106 de 225
AZ01,6,Chip 2,BGF SC+PL,30,5,#3F48CC,1,1,6,6 - AZ01 - 6,225,107 de 225
AZ01,6,Chip 2,BGF SC+PL,30,5,#3F48CC,1,1,6,6 - AZ01 - 6,225,108 de 225
AZ01,6,Chip 2,BGF SC+PL,30,5,#3F48CC,1,1,6,6 - AZ01 - 6,225,109 de 225
AZ01,6,Chip 2,BGF SC+PL,30,5,#3F48CC,1,1,6,6 - AZ01 - 6,225,110 de 225
AZ01,6,Chip 2,BGF SC+PL,30,5,#3F48CC,1,1,6,6 - AZ01 - 6,225,111 de 225
AZ01,6,Chip 2,BGF SC+PL,30,5,#3F48CC,1,1,6,6 - AZ01 - 6,225,112 de 225
AZ01,6,Chip 2,BGF SC+PL,30,5,#3F48CC,1,1,6,6 - AZ01 - 6,225,113 de 225
AZ01,6,Chip 2,BGF SC+PL,30,5,#3F48CC,1,1,6,6 - AZ01 - 6,225,114 de 225
AZ01,6,Chip 2,BGF SC+PL,30,5,#3F48CC,1,1,6,6 - AZ01 - 6,225,115 de 225
AZ01,6,Chip 2,BGF SC+PL,30,5,#3F48CC,1,1,6,6 - AZ01 - 6,225,116 de 225
AZ01,6,Chip 2,BGF SC+PL,30,5,#3F48CC,1,1,6,6 - AZ01 - 6,225,117 de 225
AZ01,6,Chip 2,BGF SC+PL,30,5,#3F48CC,1,1,6,6 - AZ01 - 6,225,118 de 225
AZ01,6,Chip 2,BGF SC+PL,30,5,#3F48CC,1,1,6,6 - AZ01 - 6,225,119 de 225
AZ01,6,Chip 2,BGF SC+PL,30,5,#3F48CC,1,1,6,6 - AZ01 - 6,225,120 de 225
AZ01,6,Chip 2,INFRA,37,3,#000000,0,1,6,6 - AZ01 - 6,0,
AZ01,7,Chip 1,CSCF PL,0,8,#02675F,1,1,7,7 - AZ01 - 7,841,175 de 841
AZ01,7,Chip 1,CSCF PL,0,8,#02675F,1,1,7,7 - AZ01 - 7,841,176 de 841
AZ01,7,Chip 1,CSCF PL,0,8,#02675F,1,1,7,7 - AZ01 - 7,841,177 de 841
AZ01,7,Chip 1,CSCF PL,0,8,#02675F,1,1,7,7 - AZ01 - 7,841,178 de 841
AZ01,7,Chip 1,CSCF PL,0,8,#02675F,1,1,7,7 - AZ01 - 7,841,179 de 841
AZ01,7,Chip 1,CSCF PL,0,8,#02675F,1,1,7,7 - AZ01 - 7,841,180 de 841
AZ01,7,Chip 1,CSCF PL,0,8,#02675F,1,1,7,7 - AZ01 - 7,841,181 de 841
AZ01,7,Chip 1,CSCF PL,0,8,#02675F,1,1,7,7 - AZ01 - 7,841,182 de 841
AZ01,7,Chip 1,CSCF PL,0,8,#02675F,1,1,7,7 - AZ01 - 7,841,183 de 841
AZ01,7,Chip 1,CSCF PL,0,8,#02675F,1,1,7,7 - AZ01 - 7,841,184 de 841
AZ01,7,Chip 1,CSCF PL,0,8,#02675F,1,1,7,7 - AZ01 - 7,841,185 de 841
AZ01,7,Chip 1,CSCF PL,0,8,#02675F,1,1,7,7 - AZ01 - 7,841,186 de 841
AZ01,7,Chip 1,CSCF PL,0,8,#02675F,1,1,7,7 - AZ01 - 7,841,187 de 841
AZ01,7,Chip 1,CSCF PL,0,8,#02675F,1,1,7,7 - AZ01 - 7,841,188 de 841
AZ01,7,Chip 1,CSCF PL,0,8,#02675F,1,1,7,7 - AZ01 - 7,841,189 de 841
AZ01,7,Chip 1,CSCF PL,0,8,#02675F,1,1,7,7 - AZ01 - 7,841,190 de 841
AZ01,7,Chip 1,CSCF PL,0,8,#02675F,1,1,7,7 - AZ01 - 7,841,191 de 841
AZ01,7,Chip 1,CSCF PL,0,8,#02675F,1,1,7,7 - AZ01 - 7,841,192 de 841
AZ01,7,Chip 1,CSCF PL,0,8,#02675F,1,1,7,7 - AZ01 - 7,841,193 de 841
AZ01,7,Chip 1,CSCF PL,0,8,#02675F,1,1,7,7 - AZ01 - 7,841,194 de 841
AZ01,7,Chip 1,CSCF PL,0,8,#02675F,1,1,7,7 - AZ01 - 7,841,195 de 841
AZ01,7,Chip 1,CSCF PL,0,8,#02675F,1,1,7,7 - AZ01 - 7,841,196 de 841
AZ01,7,Chip 1,CSCF PL,0,8,#02675F,1,1,7,7 - AZ01 - 7,841,197 de 841
AZ01,7,Chip 1,CSCF PL,0,8,#02675F,1,1,7,7 - AZ01 - 7,841,198 de 841
AZ01,7,Chip 1,CSCF PL,0,8,#02675F,1,1,7,7 - AZ01 - 7,841,199 de 841
AZ01,7,Chip 1,CSCF PL,0,8,#02675F,1,1,7,7 - AZ01 - 7,841,200 de 841
AZ01,7,Chip 1,CSCF PL,0,8,#02675F,1,1,7,7 - AZ01 - 7,841,201 de 841
AZ01,7,Chip 1,CSCF PL,0,8,#02675F,1,1,7,7 - AZ01 - 7,841,202 de 841
AZ01,7,Chip 1,CSCF PL,0,8,#02675F,1,1,7,7 - AZ01 - 7,841,203 de 841
AZ01,7,Chip 1,MTAS-2 PL,8,8,#FADECE,2,1,7,7 - AZ01 - 7,169,27 de 169
AZ01,7,Chip 1,MTAS-2 PL,8,8,#FADECE,2,1,7,7 - AZ01 - 7,169,28 de 169
AZ01,7,Chip 1,MTAS-2 PL,8,8,#FADECE,2,1,7,7 - AZ01 - 7,169,29 de 169
AZ01,7,Chip 1,MTAS-2 PL,8,8,#FADECE,2,1,7,7 - AZ01 - 7,169,30 de 169
AZ01,7,Chip 1,MTAS-2 PL,8,8,#FADECE,2,1,7,7 - AZ01 - 7,169,31 de 169
AZ01,7,Chip 1,MTAS-2 PL,8,8,#FADECE,2,1,7,7 - AZ01 - 7,169,32 de 169
AZ01,7,Chip 1,MTAS-2 PL,8,8,#FADECE,2,1,7,7 - AZ01 - 7,169,33 de 169
AZ01,7,Chip 1,MTAS-2 PL,8,8,#FADECE,2,1,7,7 - AZ01 - 7,169,34 de 169
AZ01,7,Chip 1,MTAS-2 PL,8,8,#FADECE,2,1,7,7 - AZ01 - 7,169,35 de 169
AZ01,7,Chip 1,MTAS-2 PL,8,8,#FADECE,2,1,7,7 - AZ01 - 7,169,36 de 169
AZ01,7,Chip 1,MTAS-2 PL,8,8,#FADECE,2,1,7,7 - AZ01 - 7,169,37 de 169
AZ01,7,Chip 1,MTAS-2 PL,8,8,#FADECE,2,1,7,7 - AZ01 - 7,169,38 de 169
AZ01,7,Chip 1,MTAS-2 PL,8,8,#FADECE,2,1,7,7 - AZ01 - 7,169,39 de 169
AZ01,7,Chip 1,INFRA,17,3,#000000,0,1,7,7 - AZ01 - 7,0,
AZ01,7,Chip 2,SBG PL,20,10,#00A6A6,1,1,7,7 - AZ01 - 7,196,29 de 196
AZ01,7,Chip 2,SBG PL,20,10,#00A6A6,1,1,7,7 - AZ01 - 7,196,30 de 196
AZ01,7,Chip 2,SBG PL,20,10,#00A6A6,1,1,7,7 - AZ01 - 7,196,31 de 196
AZ01,7,Chip 2,SBG PL,20,10,#00A6A6,1,1,7,7 - AZ01 - 7,196,32 de 196
AZ01,7,Chip 2,SBG PL,20,10,#00A6A6,1,1,7,7 - AZ01 - 7,196,33 de 196
AZ01,7,Chip 2,SBG PL,20,10,#00A6A6,1,1,7,7 - AZ01 - 7,196,34 de 196
AZ01,7,Chip 2,SBG PL,20,10,#00A6A6,1,1,7,7 - AZ01 - 7,196,35 de 196
AZ01,7,Chip 2,SBG PL,20,10,#00A6A6,1,1,7,7 - AZ01 - 7,196,36 de 196
AZ01,7,Chip 2,SBG PL,20,10,#00A6A6,1,1,7,7 - AZ01 - 7,196,37 de 196
AZ01,7,Chip 2,SBG PL,20,10,#00A6A6,1,1,7,7 - AZ01 - 7,196,38 de 196
AZ01,7,Chip 2,SBG PL,20,10,#00A6A6,1,1,7,7 - AZ01 - 7,196,39 de 196
AZ01,7,Chip 2,SBG PL,20,10,#00A6A6,1,1,7,7 - AZ01 - 7,196,40 de 196
AZ01,7,Chip 2,SBG PL,20,10,#00A6A6,1,1,7,7 - AZ01 - 7,196,41 de 196
AZ01,7,Chip 2,SBG PL,20,10,#00A6A6,1,1,7,7 - AZ01 - 7,196,42 de 196
AZ01,7,Chip 2,BGF SC+PL,30,5,#3F48CC,1,1,7,7 - AZ01 - 7,225,121 de 225
AZ01,7,Chip 2,BGF SC+PL,30,5,#3F48CC,1,1,7,7 - AZ01 - 7,225,122 de 225
AZ01,7,Chip 2,BGF SC+PL,30,5,#3F48CC,1,1,7,7 - AZ01 - 7,225,123 de 225
AZ01,7,Chip 2,BGF SC+PL,30,5,#3F48CC,1,1,7,7 - AZ01 - 7,225,124 de 225
AZ01,7,Chip 2,BGF SC+PL,30,5,#3F48CC,1,1,7,7 - AZ01 - 7,225,125 de 225
AZ01,7,Chip 2,BGF SC+PL,30,5,#3F48CC,1,1,7,7 - AZ01 - 7,225,126 de 225
AZ01,7,Chip 2,BGF SC+PL,30,5,#3F48CC,1,1,7,7 - AZ01 - 7,225,127 de 225
AZ01,7,Chip 2,BGF SC+PL,30,5,#3F48CC,1,1,7,7 - AZ01 - 7,225,128 de 225
AZ01,7,Chip 2,BGF SC+PL,30,5,#3F48CC,1,1,7,7 - AZ01 - 7,225,129 de 225
AZ01,7,Chip 2,BGF SC+PL,30,5,#3F48CC,1,1,7,7 - AZ01 - 7,225,130 de 225
AZ01,7,Chip 2,BGF SC+PL,30,5,#3F48CC,1,1,7,7 - AZ01 - 7,225,131 de 225
AZ01,7,Chip 2,BGF SC+PL,30,5,#3F48CC,1,1,7,7 - AZ01 - 7,225,132 de 225
AZ01,7,Chip 2,BGF SC+PL,30,5,#3F48CC,1,1,7,7 - AZ01 - 7,225,133 de 225
AZ01,7,Chip 2,BGF SC+PL,30,5,#3F48CC,1,1,7,7 - AZ01 - 7,225,134 de 225
AZ01,7,Chip 2,BGF SC+PL,30,5,#3F48CC,1,1,7,7 - AZ01 - 7,225,135 de 225
AZ01,7,Chip 2,INFRA,37,3,#000000,0,1,7,7 - AZ01 - 7,0,
AZ01,8,Chip 1,CSCF PL,0,8,#02675F,1,1,8,8 - AZ01 - 8,841,204 de 841
AZ01,8,Chip 1,CSCF PL,0,8,#02675F,1,1,8,8 - AZ01 - 8,841,205 de 841
AZ01,8,Chip 1,CSCF PL,0,8,#02675F,1,1,8,8 - AZ01 - 8,841,206 de 841
AZ01,8,Chip 1,CSCF PL,0,8,#02675F,1,1,8,8 - AZ01 - 8,841,207 de 841
AZ01,8,Chip 1,CSCF PL,0,8,#02675F,1,1,8,8 - AZ01 - 8,841,208 de 841
AZ01,8,Chip 1,CSCF PL,0,8,#02675F,1,1,8,8 - AZ01 - 8,841,209 de 841
AZ01,8,Chip 1,CSCF PL,0,8,#02675F,1,1,8,8 - AZ01 - 8,841,210 de 841
AZ01,8,Chip 1,CSCF PL,0,8,#02675F,1,1,8,8 - AZ01 - 8,841,211 de 841
AZ01,8,Chip 1,CSCF PL,0,8,#02675F,1,1,8,8 - AZ01 - 8,841,212 de 841
AZ01,8,Chip 1,CSCF PL,0,8,#02675F,1,1,8,8 - AZ01 - 8,841,213 de 841
AZ01,8,Chip 1,CSCF PL,0,8,#02675F,1,1,8,8 - AZ01 - 8,841,214 de 841
AZ01,8,Chip 1,CSCF PL,0,8,#02675F,1,1,8,8 - AZ01 - 8,841,215 de 841
AZ01,8,Chip 1,CSCF PL,0,8,#02675F,1,1,8,8 - AZ01 - 8,841,216 de 841
AZ01,8,Chip 1,CSCF PL,0,8,#02675F,1,1,8,8 - AZ01 - 8,841,217 de 841
AZ01,8,Chip 1,CSCF PL,0,8,#02675F,1,1,8,8 - AZ01 - 8,841,218 de 841
AZ01,8,Chip 1,CSCF PL,0,8,#02675F,1,1,8,8 - AZ01 - 8,841,219 de 841
AZ01,8,Chip 1,CSCF PL,0,8,#02675F,1,1,8,8 - AZ01 - 8,841,220 de 841
AZ01,8,Chip 1,CSCF PL,0,8,#02675F,1,1,8,8 - AZ01 - 8,841,221 de 841
AZ01,8,Chip 1,CSCF PL,0,8,#02675F,1,1,8,8 - AZ01 - 8,841,222 de 841
AZ01,8,Chip 1,CSCF PL,0,8,#02675F,1,1,8,8 - AZ01 - 8,841,223 de 841
AZ01,8,Chip 1,CSCF PL,0,8,#02675F,1,1,8,8 - AZ01 - 8,841,224 de 841
AZ01,8,Chip 1,CSCF PL,0,8,#02675F,1,1,8,8 - AZ01 - 8,841,225 de 841
AZ01,8,Chip 1,CSCF PL,0,8,#02675F,1,1,8,8 - AZ01 - 8,841,226 de 841
AZ01,8,Chip 1,CSCF PL,0,8,#02675F,1,1,8,8 - AZ01 - 8,841,227 de 841
AZ01,8,Chip 1,CSCF PL,0,8,#02675F,1,1,8,8 - AZ01 - 8,841,228 de 841
AZ01,8,Chip 1,CSCF PL,0,8,#02675F,1,1,8,8 - AZ01 - 8,841,229 de 841
AZ01,8,Chip 1,CSCF PL,0,8,#02675F,1,1,8,8 - AZ01 - 8,841,230 de 841
AZ01,8,Chip 1,CSCF PL,0,8,#02675F,1,1,8,8 - AZ01 - 8,841,231 de 841
AZ01,8,Chip 1,CSCF PL,0,8,#02675F,1,1,8,8 - AZ01 - 8,841,232 de 841
AZ01,8,Chip 1,MTAS-2 PL,8,8,#FADECE,2,1,8,8 - AZ01 - 8,169,40 de 169
AZ01,8,Chip 1,MTAS-2 PL,8,8,#FADECE,2,1,8,8 - AZ01 - 8,169,41 de 169
AZ01,8,Chip 1,MTAS-2 PL,8,8,#FADECE,2,1,8,8 - AZ01 - 8,169,42 de 169
AZ01,8,Chip 1,MTAS-2 PL,8,8,#FADECE,2,1,8,8 - AZ01 - 8,169,43 de 169
AZ01,8,Chip 1,MTAS-2 PL,8,8,#FADECE,2,1,8,8 - AZ01 - 8,169,44 de 169
AZ01,8,Chip 1,MTAS-2 PL,8,8,#FADECE,2,1,8,8 - AZ01 - 8,169,45 de 169
AZ01,8,Chip 1,MTAS-2 PL,8,8,#FADECE,2,1,8,8 - AZ01 - 8,169,46 de 169
AZ01,8,Chip 1,MTAS-2 PL,8,8,#FADECE,2,1,8,8 - AZ01 - 8,169,47 de 169
AZ01,8,Chip 1,MTAS-2 PL,8,8,#FADECE,2,1,8,8 - AZ01 - 8,169,48 de 169
AZ01,8,Chip 1,MTAS-2 PL,8,8,#FADECE,2,1,8,8 - AZ01 - 8,169,49 de 169
AZ01,8,Chip 1,MTAS-2 PL,8,8,#FADECE,2,1,8,8 - AZ01 - 8,169,50 de 169
AZ01,8,Chip 1,MTAS-2 PL,8,8,#FADECE,2,1,8,8 - AZ01 - 8,169,51 de 169
AZ01,8,Chip 1,MTAS-2 PL,8,8,#FADECE,2,1,8,8 - AZ01 - 8,169,52 de 169
AZ01,8,Chip 1,INFRA,17,3,#000000,0,1,8,8 - AZ01 - 8,0,
AZ01,8,Chip 2,SBG PL,20,10,#00A6A6,1,1,8,8 - AZ01 - 8,196,43 de 196
AZ01,8,Chip 2,SBG PL,20,10,#00A6A6,1,1,8,8 - AZ01 - 8,196,44 de 196
AZ01,8,Chip 2,SBG PL,20,10,#00A6A6,1,1,8,8 - AZ01 - 8,196,45 de 196
AZ01,8,Chip 2,SBG PL,20,10,#00A6A6,1,1,8,8 - AZ01 - 8,196,46 de 196
AZ01,8,Chip 2,SBG PL,20,10,#00A6A6,1,1,8,8 - AZ01 - 8,196,47 de 196
AZ01,8,Chip 2,SBG PL,20,10,#00A6A6,1,1,8,8 - AZ01 - 8,196,48 de 196
AZ01,8,Chip 2,SBG PL,20,10,#00A6A6,1,1,8,8 - AZ01 - 8,196,49 de 196
AZ01,8,Chip 2,SBG PL,20,10,#00A6A6,1,1,8,8 - AZ01 - 8,196,50 de 196
AZ01,8,Chip 2,SBG PL,20,10,#00A6A6,1,1,8,8 - AZ01 - 8,196,51 de 196
AZ01,8,Chip 2,SBG PL,20,10,#00A6A6,1,1,8,8 - AZ01 - 8,196,52 de 196
AZ01,8,Chip 2,SBG PL,20,10,#00A6A6,1,1,8,8 - AZ01 - 8,196,53 de 196
AZ01,8,Chip 2,SBG PL,20,10,#00A6A6,1,1,8,8 - AZ01 - 8,196,54 de 196
AZ01,8,Chip 2,SBG PL,20,10,#00A6A6,1,1,8,8 - AZ01 - 8,196,55 de 196
AZ01,8,Chip 2,SBG PL,20,10,#00A6A6,1,1,8,8 - AZ01 - 8,196,56 de 196
AZ01,8,Chip 2,BGF SC+PL,30,5,#3F48CC,1,1,8,8 - AZ01 - 8,225,136 de 225
AZ01,8,Chip 2,BGF SC+PL,30,5,#3F48CC,1,1,8,8 - AZ01 - 8,225,137 de 225
AZ01,8,Chip 2,BGF SC+PL,30,5,#3F48CC,1,1,8,8 - AZ01 - 8,225,138 de 225
AZ01,8,Chip 2,BGF SC+PL,30,5,#3F48CC,1,1,8,8 - AZ01 - 8,225,139 de 225
AZ01,8,Chip 2,BGF SC+PL,30,5,#3F48CC,1,1,8,8 - AZ01 - 8,225,140 de 225
AZ01,8,Chip 2,BGF SC+PL,30,5,#3F48CC,1,1,8,8 - AZ01 - 8,225,141 de 225
AZ01,8,Chip 2,BGF SC+PL,30,5,#3F48CC,1,1,8,8 - AZ01 - 8,225,142 de 225
AZ01,8,Chip 2,BGF SC+PL,30,5,#3F48CC,1,1,8,8 - AZ01 - 8,225,143 de 225
AZ01,8,Chip 2,BGF SC+PL,30,5,#3F48CC,1,1,8,8 - AZ01 - 8,225,144 de 225
AZ01,8,Chip 2,BGF SC+PL,30,5,#3F48CC,1,1,8,8 - AZ01 - 8,225,145 de 225
AZ01,8,Chip 2,BGF SC+PL,30,5,#3F48CC,1,1,8,8 - AZ01 - 8,225,146 de 225
AZ01,8,Chip 2,BGF SC+PL,30,5,#3F48CC,1,1,8,8 - AZ01 - 8,225,147 de 225
AZ01,8,Chip 2,BGF SC+PL,30,5,#3F48CC,1,1,8,8 - AZ01 - 8,225,148 de 225
AZ01,8,Chip 2,BGF SC+PL,30,5,#3F48CC,1,1,8,8 - AZ01 - 8,225,149 de 225
AZ01,8,Chip 2,BGF SC+PL,30,5,#3F48CC,1,1,8,8 - AZ01 - 8,225,150 de 225
AZ01,8,Chip 2,INFRA,37,3,#000000,0,1,8,8 - AZ01 - 8,0,
AZ01,9,Chip 1,CSCF PL,0,8,#02675F,1,1,9,9 - AZ01 - 9,841,233 de 841
AZ01,9,Chip 1,CSCF PL,0,8,#02675F,1,1,9,9 - AZ01 - 9,841,234 de 841
AZ01,9,Chip 1,CSCF PL,0,8,#02675F,1,1,9,9 - AZ01 - 9,841,235 de 841
AZ01,9,Chip 1,CSCF PL,0,8,#02675F,1,1,9,9 - AZ01 - 9,841,236 de 841
AZ01,9,Chip 1,CSCF PL,0,8,#02675F,1,1,9,9 - AZ01 - 9,841,237 de 841
AZ01,9,Chip 1,CSCF PL,0,8,#02675F,1,1,9,9 - AZ01 - 9,841,238 de 841
AZ01,9,Chip 1,CSCF PL,0,8,#02675F,1,1,9,9 - AZ01 - 9,841,239 de 841
AZ01,9,Chip 1,CSCF PL,0,8,#02675F,1,1,9,9 - AZ01 - 9,841,240 de 841
AZ01,9,Chip 1,CSCF PL,0,8,#02675F,1,1,9,9 - AZ01 - 9,841,241 de 841
AZ01,9,Chip 1,CSCF PL,0,8,#02675F,1,1,9,9 - AZ01 - 9,841,242 de 841
AZ01,9,Chip 1,CSCF PL,0,8,#02675F,1,1,9,9 - AZ01 - 9,841,243 de 841
AZ01,9,Chip 1,CSCF PL,0,8,#02675F,1,1,9,9 - AZ01 - 9,841,244 de 841
AZ01,9,Chip 1,CSCF PL,0,8,#02675F,1,1,9,9 - AZ01 - 9,841,245 de 841
AZ01,9,Chip 1,CSCF PL,0,8,#02675F,1,1,9,9 - AZ01 - 9,841,246 de 841
AZ01,9,Chip 1,CSCF PL,0,8,#02675F,1,1,9,9 - AZ01 - 9,841,247 de 841
AZ01,9,Chip 1,CSCF PL,0,8,#02675F,1,1,9,9 - AZ01 - 9,841,248 de 841
AZ01,9,Chip 1,CSCF PL,0,8,#02675F,1,1,9,9 - AZ01 - 9,841,249 de 841
AZ01,9,Chip 1,CSCF PL,0,8,#02675F,1,1,9,9 - AZ01 - 9,841,250 de 841
AZ01,9,Chip 1,CSCF PL,0,8,#02675F,1,1,9,9 - AZ01 - 9,841,251 de 841
AZ01,9,Chip 1,CSCF PL,0,8,#02675F,1,1,9,9 - AZ01 - 9,841,252 de 841
AZ01,9,Chip 1,CSCF PL,0,8,#02675F,1,1,9,9 - AZ01 - 9,841,253 de 841
AZ01,9,Chip 1,CSCF PL,0,8,#02675F,1,1,9,9 - AZ01 - 9,841,254 de 841
AZ01,9,Chip 1,CSCF PL,0,8,#02675F,1,1,9,9 - AZ01 - 9,841,255 de 841
AZ01,9,Chip 1,CSCF PL,0,8,#02675F,1,1,9,9 - AZ01 - 9,841,256 de 841
AZ01,9,Chip 1,CSCF PL,0,8,#02675F,1,1,9,9 - AZ01 - 9,841,257 de 841
AZ01,9,Chip 1,CSCF PL,0,8,#02675F,1,1,9,9 - AZ01 - 9,841,258 de 841
AZ01,9,Chip 1,CSCF PL,0,8,#02675F,1,1,9,9 - AZ01 - 9,841,259 de 841
AZ01,9,Chip 1,CSCF PL,0,8,#02675F,1,1,9,9 - AZ01 - 9,841,260 de 841
AZ01,9,Chip 1,CSCF PL,0,8,#02675F,1,1,9,9 - AZ01 - 9,841,261 de 841
AZ01,9,Chip 1,MTAS-2 PL,8,8,#FADECE,2,1,9,9 - AZ01 - 9,169,53 de 169
AZ01,9,Chip 1,MTAS-2 PL,8,8,#FADECE,2,1,9,9 - AZ01 - 9,169,54 de 169
AZ01,9,Chip 1,MTAS-2 PL,8,8,#FADECE,2,1,9,9 - AZ01 - 9,169,55 de 169
AZ01,9,Chip 1,MTAS-2 PL,8,8,#FADECE,2,1,9,9 - AZ01 - 9,169,56 de 169
AZ01,9,Chip 1,MTAS-2 PL,8,8,#FADECE,2,1,9,9 - AZ01 - 9,169,57 de 169
AZ01,9,Chip 1,MTAS-2 PL,8,8,#FADECE,2,1,9,9 - AZ01 - 9,169,58 de 169
AZ01,9,Chip 1,MTAS-2 PL,8,8,#FADECE,2,1,9,9 - AZ01 - 9,169,59 de 169
AZ01,9,Chip 1,MTAS-2 PL,8,8,#FADECE,2,1,9,9 - AZ01 - 9,169,60 de 169
AZ01,9,Chip 1,MTAS-2 PL,8,8,#FADECE,2,1,9,9 - AZ01 - 9,169,61 de 169
AZ01,9,Chip 1,MTAS-2 PL,8,8,#FADECE,2,1,9,9 - AZ01 - 9,169,62 de 169
AZ01,9,Chip 1,MTAS-2 PL,8,8,#FADECE,2,1,9,9 - AZ01 - 9,169,63 de 169
AZ01,9,Chip 1,MTAS-2 PL,8,8,#FADECE,2,1,9,9 - AZ01 - 9,169,64 de 169
AZ01,9,Chip 1,MTAS-2 PL,8,8,#FADECE,2,1,9,9 - AZ01 - 9,169,65 de 169
AZ01,9,Chip 1,INFRA,17,3,#000000,0,1,9,9 - AZ01 - 9,0,
AZ01,9,Chip 2,SBG PL,20,10,#00A6A6,1,1,9,9 - AZ01 - 9,196,57 de 196
AZ01,9,Chip 2,SBG PL,20,10,#00A6A6,1,1,9,9 - AZ01 - 9,196,58 de 196
AZ01,9,Chip 2,SBG PL,20,10,#00A6A6,1,1,9,9 - AZ01 - 9,196,59 de 196
AZ01,9,Chip 2,SBG PL,20,10,#00A6A6,1,1,9,9 - AZ01 - 9,196,60 de 196
AZ01,9,Chip 2,SBG PL,20,10,#00A6A6,1,1,9,9 - AZ01 - 9,196,61 de 196
AZ01,9,Chip 2,SBG PL,20,10,#00A6A6,1,1,9,9 - AZ01 - 9,196,62 de 196
AZ01,9,Chip 2,SBG PL,20,10,#00A6A6,1,1,9,9 - AZ01 - 9,196,63 de 196
AZ01,9,Chip 2,SBG PL,20,10,#00A6A6,1,1,9,9 - AZ01 - 9,196,64 de 196
AZ01,9,Chip 2,SBG PL,20,10,#00A6A6,1,1,9,9 - AZ01 - 9,196,65 de 196
AZ01,9,Chip 2,SBG PL,20,10,#00A6A6,1,1,9,9 - AZ01 - 9,196,66 de 196
AZ01,9,Chip 2,SBG PL,20,10,#00A6A6,1,1,9,9 - AZ01 - 9,196,67 de 196
AZ01,9,Chip 2,SBG PL,20,10,#00A6A6,1,1,9,9 - AZ01 - 9,196,68 de 196
AZ01,9,Chip 2,SBG PL,20,10,#00A6A6,1,1,9,9 - AZ01 - 9,196,69 de 196
AZ01,9,Chip 2,SBG PL,20,10,#00A6A6,1,1,9,9 - AZ01 - 9,196,70 de 196
AZ01,9,Chip 2,BGF SC+PL,30,5,#3F48CC,1,1,9,9 - AZ01 - 9,225,151 de 225
AZ01,9,Chip 2,BGF SC+PL,30,5,#3F48CC,1,1,9,9 - AZ01 - 9,225,152 de 225
AZ01,9,Chip 2,BGF SC+PL,30,5,#3F48CC,1,1,9,9 - AZ01 - 9,225,153 de 225
AZ01,9,Chip 2,BGF SC+PL,30,5,#3F48CC,1,1,9,9 - AZ01 - 9,225,154 de 225
AZ01,9,Chip 2,BGF SC+PL,30,5,#3F48CC,1,1,9,9 - AZ01 - 9,225,155 de 225
AZ01,9,Chip 2,BGF SC+PL,30,5,#3F48CC,1,1,9,9 - AZ01 - 9,225,156 de 225
AZ01,9,Chip 2,BGF SC+PL,30,5,#3F48CC,1,1,9,9 - AZ01 - 9,225,157 de 225
AZ01,9,Chip 2,BGF SC+PL,30,5,#3F48CC,1,1,9,9 - AZ01 - 9,225,158 de 225
AZ01,9,Chip 2,BGF SC+PL,30,5,#3F48CC,1,1,9,9 - AZ01 - 9,225,159 de 225
AZ01,9,Chip 2,BGF SC+PL,30,5,#3F48CC,1,1,9,9 - AZ01 - 9,225,160 de 225
AZ01,9,Chip 2,BGF SC+PL,30,5,#3F48CC,1,1,9,9 - AZ01 - 9,225,161 de 225
AZ01,9,Chip 2,BGF SC+PL,30,5,#3F48CC,1,1,9,9 - AZ01 - 9,225,162 de 225
AZ01,9,Chip 2,BGF SC+PL,30,5,#3F48CC,1,1,9,9 - AZ01 - 9,225,163 de 225
AZ01,9,Chip 2,BGF SC+PL,30,5,#3F48CC,1,1,9,9 - AZ01 - 9,225,164 de 225
AZ01,9,Chip 2,BGF SC+PL,30,5,#3F48CC,1,1,9,9 - AZ01 - 9,225,165 de 225
AZ01,9,Chip 2,INFRA,37,3,#000000,0,1,9,9 - AZ01 - 9,0,
AZ01,10,Chip 1,CSCF PL,0,8,#02675F,1,1,10,10 - AZ01 - 10,841,262 de 841
AZ01,10,Chip 1,CSCF PL,0,8,#02675F,1,1,10,10 - AZ01 - 10,841,263 de 841
AZ01,10,Chip 1,CSCF PL,0,8,#02675F,1,1,10,10 - AZ01 - 10,841,264 de 841
AZ01,10,Chip 1,CSCF PL,0,8,#02675F,1,1,10,10 - AZ01 - 10,841,265 de 841
AZ01,10,Chip 1,CSCF PL,0,8,#02675F,1,1,10,10 - AZ01 - 10,841,266 de 841
AZ01,10,Chip 1,CSCF PL,0,8,#02675F,1,1,10,10 - AZ01 - 10,841,267 de 841
AZ01,10,Chip 1,CSCF PL,0,8,#02675F,1,1,10,10 - AZ01 - 10,841,268 de 841
AZ01,10,Chip 1,CSCF PL,0,8,#02675F,1,1,10,10 - AZ01 - 10,841,269 de 841
AZ01,10,Chip 1,CSCF PL,0,8,#02675F,1,1,10,10 - AZ01 - 10,841,270 de 841
AZ01,10,Chip 1,CSCF PL,0,8,#02675F,1,1,10,10 - AZ01 - 10,841,271 de 841
AZ01,10,Chip 1,CSCF PL,0,8,#02675F,1,1,10,10 - AZ01 - 10,841,272 de 841
AZ01,10,Chip 1,CSCF PL,0,8,#02675F,1,1,10,10 - AZ01 - 10,841,273 de 841
AZ01,10,Chip 1,CSCF PL,0,8,#02675F,1,1,10,10 - AZ01 - 10,841,274 de 841
AZ01,10,Chip 1,CSCF PL,0,8,#02675F,1,1,10,10 - AZ01 - 10,841,275 de 841
AZ01,10,Chip 1,CSCF PL,0,8,#02675F,1,1,10,10 - AZ01 - 10,841,276 de 841
AZ01,10,Chip 1,CSCF PL,0,8,#02675F,1,1,10,10 - AZ01 - 10,841,277 de 841
AZ01,10,Chip 1,CSCF PL,0,8,#02675F,1,1,10,10 - AZ01 - 10,841,278 de 841
AZ01,10,Chip 1,CSCF PL,0,8,#02675F,1,1,10,10 - AZ01 - 10,841,279 de 841
AZ01,10,Chip 1,CSCF PL,0,8,#02675F,1,1,10,10 - AZ01 - 10,841,280 de 841
AZ01,10,Chip 1,CSCF PL,0,8,#02675F,1,1,10,10 - AZ01 - 10,841,281 de 841
AZ01,10,Chip 1,CSCF PL,0,8,#02675F,1,1,10,10 - AZ01 - 10,841,282 de 841
AZ01,10,Chip 1,CSCF PL,0,8,#02675F,1,1,10,10 - AZ01 - 10,841,283 de 841
AZ01,10,Chip 1,CSCF PL,0,8,#02675F,1,1,10,10 - AZ01 - 10,841,284 de 841
AZ01,10,Chip 1,CSCF PL,0,8,#02675F,1,1,10,10 - AZ01 - 10,841,285 de 841
AZ01,10,Chip 1,CSCF PL,0,8,#02675F,1,1,10,10 - AZ01 - 10,841,286 de 841
AZ01,10,Chip 1,CSCF PL,0,8,#02675F,1,1,10,10 - AZ01 - 10,841,287 de 841
AZ01,10,Chip 1,CSCF PL,0,8,#02675F,1,1,10,10 - AZ01 - 10,841,288 de 841
AZ01,10,Chip 1,CSCF PL,0,8,#02675F,1,1,10,10 - AZ01 - 10,841,289 de 841
AZ01,10,Chip 1,CSCF PL,0,8,#02675F,1,1,10,10 - AZ01 - 10,841,290 de 841
AZ01,10,Chip 1,MTAS-2 PL,8,8,#FADECE,2,1,10,10 - AZ01 - 10,169,66 de 169
AZ01,10,Chip 1,MTAS-2 PL,8,8,#FADECE,2,1,10,10 - AZ01 - 10,169,67 de 169
AZ01,10,Chip 1,MTAS-2 PL,8,8,#FADECE,2,1,10,10 - AZ01 - 10,169,68 de 169
AZ01,10,Chip 1,MTAS-2 PL,8,8,#FADECE,2,1,10,10 - AZ01 - 10,169,69 de 169
AZ01,10,Chip 1,MTAS-2 PL,8,8,#FADECE,2,1,10,10 - AZ01 - 10,169,70 de 169
AZ01,10,Chip 1,MTAS-2 PL,8,8,#FADECE,2,1,10,10 - AZ01 - 10,169,71 de 169
AZ01,10,Chip 1,MTAS-2 PL,8,8,#FADECE,2,1,10,10 - AZ01 - 10,169,72 de 169
AZ01,10,Chip 1,MTAS-2 PL,8,8,#FADECE,2,1,10,10 - AZ01 - 10,169,73 de 169
AZ01,10,Chip 1,MTAS-2 PL,8,8,#FADECE,2,1,10,10 - AZ01 - 10,169,74 de 169
AZ01,10,Chip 1,MTAS-2 PL,8,8,#FADECE,2,1,10,10 - AZ01 - 10,169,75 de 169
AZ01,10,Chip 1,MTAS-2 PL,8,8,#FADECE,2,1,10,10 - AZ01 - 10,169,76 de 169
AZ01,10,Chip 1,MTAS-2 PL,8,8,#FADECE,2,1,10,10 - AZ01 - 10,169,77 de 169
AZ01,10,Chip 1,MTAS-2 PL,8,8,#FADECE,2,1,10,10 - AZ01 - 10,169,78 de 169
AZ01,10,Chip 1,INFRA,17,3,#000000,0,1,10,10 - AZ01 - 10,0,
AZ01,10,Chip 2,SBG PL,20,10,#00A6A6,1,1,10,10 - AZ01 - 10,196,71 de 196
AZ01,10,Chip 2,SBG PL,20,10,#00A6A6,1,1,10,10 - AZ01 - 10,196,72 de 196
AZ01,10,Chip 2,SBG PL,20,10,#00A6A6,1,1,10,10 - AZ01 - 10,196,73 de 196
AZ01,10,Chip 2,SBG PL,20,10,#00A6A6,1,1,10,10 - AZ01 - 10,196,74 de 196
AZ01,10,Chip 2,SBG PL,20,10,#00A6A6,1,1,10,10 - AZ01 - 10,196,75 de 196
AZ01,10,Chip 2,SBG PL,20,10,#00A6A6,1,1,10,10 - AZ01 - 10,196,76 de 196
AZ01,10,Chip 2,SBG PL,20,10,#00A6A6,1,1,10,10 - AZ01 - 10,196,77 de 196
AZ01,10,Chip 2,SBG PL,20,10,#00A6A6,1,1,10,10 - AZ01 - 10,196,78 de 196
AZ01,10,Chip 2,SBG PL,20,10,#00A6A6,1,1,10,10 - AZ01 - 10,196,79 de 196
AZ01,10,Chip 2,SBG PL,20,10,#00A6A6,1,1,10,10 - AZ01 - 10,196,80 de 196
AZ01,10,Chip 2,SBG PL,20,10,#00A6A6,1,1,10,10 - AZ01 - 10,196,81 de 196
AZ01,10,Chip 2,SBG PL,20,10,#00A6A6,1,1,10,10 - AZ01 - 10,196,82 de 196
AZ01,10,Chip 2,SBG PL,20,10,#00A6A6,1,1,10,10 - AZ01 - 10,196,83 de 196
AZ01,10,Chip 2,SBG PL,20,10,#00A6A6,1,1,10,10 - AZ01 - 10,196,84 de 196
AZ01,10,Chip 2,BGF SC+PL,30,5,#3F48CC,1,1,10,10 - AZ01 - 10,225,166 de 225
AZ01,10,Chip 2,BGF SC+PL,30,5,#3F48CC,1,1,10,10 - AZ01 - 10,225,167 de 225
AZ01,10,Chip 2,BGF SC+PL,30,5,#3F48CC,1,1,10,10 - AZ01 - 10,225,168 de 225
AZ01,10,Chip 2,BGF SC+PL,30,5,#3F48CC,1,1,10,10 - AZ01 - 10,225,169 de 225
AZ01,10,Chip 2,BGF SC+PL,30,5,#3F48CC,1,1,10,10 - AZ01 - 10,225,170 de 225
AZ01,10,Chip 2,BGF SC+PL,30,5,#3F48CC,1,1,10,10 - AZ01 - 10,225,171 de 225
AZ01,10,Chip 2,BGF SC+PL,30,5,#3F48CC,1,1,10,10 - AZ01 - 10,225,172 de 225
AZ01,10,Chip 2,BGF SC+PL,30,5,#3F48CC,1,1,10,10 - AZ01 - 10,225,173 de 225
AZ01,10,Chip 2,BGF SC+PL,30,5,#3F48CC,1,1,10,10 - AZ01 - 10,225,174 de 225
AZ01,10,Chip 2,BGF SC+PL,30,5,#3F48CC,1,1,10,10 - AZ01 - 10,225,175 de 225
AZ01,10,Chip 2,BGF SC+PL,30,5,#3F48CC,1,1,10,10 - AZ01 - 10,225,176 de 225
AZ01,10,Chip 2,BGF SC+PL,30,5,#3F48CC,1,1,10,10 - AZ01 - 10,225,177 de 225
AZ01,10,Chip 2,BGF SC+PL,30,5,#3F48CC,1,1,10,10 - AZ01 - 10,225,178 de 225
AZ01,10,Chip 2,BGF SC+PL,30,5,#3F48CC,1,1,10,10 - AZ01 - 10,225,179 de 225
AZ01,10,Chip 2,BGF SC+PL,30,5,#3F48CC,1,1,10,10 - AZ01 - 10,225,180 de 225
AZ01,10,Chip 2,INFRA,37,3,#000000,0,1,10,10 - AZ01 - 10,0,
AZ01,11,Chip 1,CSCF PL,0,8,#02675F,1,1,11,11 - AZ01 - 11,841,291 de 841
AZ01,11,Chip 1,CSCF PL,0,8,#02675F,1,1,11,11 - AZ01 - 11,841,292 de 841
AZ01,11,Chip 1,CSCF PL,0,8,#02675F,1,1,11,11 - AZ01 - 11,841,293 de 841
AZ01,11,Chip 1,CSCF PL,0,8,#02675F,1,1,11,11 - AZ01 - 11,841,294 de 841
AZ01,11,Chip 1,CSCF PL,0,8,#02675F,1,1,11,11 - AZ01 - 11,841,295 de 841
AZ01,11,Chip 1,CSCF PL,0,8,#02675F,1,1,11,11 - AZ01 - 11,841,296 de 841
AZ01,11,Chip 1,CSCF PL,0,8,#02675F,1,1,11,11 - AZ01 - 11,841,297 de 841
AZ01,11,Chip 1,CSCF PL,0,8,#02675F,1,1,11,11 - AZ01 - 11,841,298 de 841
AZ01,11,Chip 1,CSCF PL,0,8,#02675F,1,1,11,11 - AZ01 - 11,841,299 de 841
AZ01,11,Chip 1,CSCF PL,0,8,#02675F,1,1,11,11 - AZ01 - 11,841,300 de 841
AZ01,11,Chip 1,CSCF PL,0,8,#02675F,1,1,11,11 - AZ01 - 11,841,301 de 841
AZ01,11,Chip 1,CSCF PL,0,8,#02675F,1,1,11,11 - AZ01 - 11,841,302 de 841
AZ01,11,Chip 1,CSCF PL,0,8,#02675F,1,1,11,11 - AZ01 - 11,841,303 de 841
AZ01,11,Chip 1,CSCF PL,0,8,#02675F,1,1,11,11 - AZ01 - 11,841,304 de 841
AZ01,11,Chip 1,CSCF PL,0,8,#02675F,1,1,11,11 - AZ01 - 11,841,305 de 841
AZ01,11,Chip 1,CSCF PL,0,8,#02675F,1,1,11,11 - AZ01 - 11,841,306 de 841
AZ01,11,Chip 1,CSCF PL,0,8,#02675F,1,1,11,11 - AZ01 - 11,841,307 de 841
AZ01,11,Chip 1,CSCF PL,0,8,#02675F,1,1,11,11 - AZ01 - 11,841,308 de 841
AZ01,11,Chip 1,CSCF PL,0,8,#02675F,1,1,11,11 - AZ01 - 11,841,309 de 841
AZ01,11,Chip 1,CSCF PL,0,8,#02675F,1,1,11,11 - AZ01 - 11,841,310 de 841
AZ01,11,Chip 1,CSCF PL,0,8,#02675F,1,1,11,11 - AZ01 - 11,841,311 de 841
AZ01,11,Chip 1,CSCF PL,0,8,#02675F,1,1,11,11 - AZ01 - 11,841,312 de 841
AZ01,11,Chip 1,CSCF PL,0,8,#02675F,1,1,11,11 - AZ01 - 11,841,313 de 841
AZ01,11,Chip 1,CSCF PL,0,8,#02675F,1,1,11,11 - AZ01 - 11,841,314 de 841
AZ01,11,Chip 1,CSCF PL,0,8,#02675F,1,1,11,11 - AZ01 - 11,841,315 de 841
AZ01,11,Chip 1,CSCF PL,0,8,#02675F,1,1,11,11 - AZ01 - 11,841,316 de 841
AZ01,11,Chip 1,CSCF PL,0,8,#02675F,1,1,11,11 - AZ01 - 11,841,317 de 841
AZ01,11,Chip 1,CSCF PL,0,8,#02675F,1,1,11,11 - AZ01 - 11,841,318 de 841
AZ01,11,Chip 1,CSCF PL,0,8,#02675F,1,1,11,11 - AZ01 - 11,841,319 de 841
AZ01,11,Chip 1,PDRA PL,8,6,#FF7300,1,2,11,11 - AZ01 - 11,144,1 de 144
AZ01,11,Chip 1,PDRA PL,8,6,#FF7300,1,2,11,11 - AZ01 - 11,144,2 de 144
AZ01,11,Chip 1,PDRA PL,8,6,#FF7300,1,2,11,11 - AZ01 - 11,144,3 de 144
AZ01,11,Chip 1,PDRA PL,8,6,#FF7300,1,2,11,11 - AZ01 - 11,144,4 de 144
AZ01,11,Chip 1,PDRA PL,8,6,#FF7300,1,2,11,11 - AZ01 - 11,144,5 de 144
AZ01,11,Chip 1,PDRA PL,8,6,#FF7300,1,2,11,11 - AZ01 - 11,144,6 de 144
AZ01,11,Chip 1,PDRA PL,8,6,#FF7300,1,2,11,11 - AZ01 - 11,144,7 de 144
AZ01,11,Chip 1,PDRA PL,8,6,#FF7300,1,2,11,11 - AZ01 - 11,144,8 de 144
AZ01,11,Chip 1,PDRA PL,8,6,#FF7300,1,2,11,11 - AZ01 - 11,144,9 de 144
AZ01,11,Chip 1,PDRA PL,8,6,#FF7300,1,2,11,11 - AZ01 - 11,144,10 de 144
AZ01,11,Chip 1,PDRA PL,8,6,#FF7300,1,2,11,11 - AZ01 - 11,144,11 de 144
AZ01,11,Chip 1,PDRA PL,8,6,#FF7300,1,2,11,11 - AZ01 - 11,144,12 de 144
AZ01,11,Chip 1,INFRA,17,3,#000000,0,1,11,11 - AZ01 - 11,0,
AZ01,11,Chip 2,MTAS-2 PL,20,8,#FADECE,2,1,11,11 - AZ01 - 11,169,105 de 169
AZ01,11,Chip 2,MTAS-2 PL,20,8,#FADECE,2,1,11,11 - AZ01 - 11,169,106 de 169
AZ01,11,Chip 2,MTAS-2 PL,20,8,#FADECE,2,1,11,11 - AZ01 - 11,169,107 de 169
AZ01,11,Chip 2,MTAS-2 PL,20,8,#FADECE,2,1,11,11 - AZ01 - 11,169,108 de 169
AZ01,11,Chip 2,MTAS-2 PL,20,8,#FADECE,2,1,11,11 - AZ01 - 11,169,109 de 169
AZ01,11,Chip 2,MTAS-2 PL,20,8,#FADECE,2,1,11,11 - AZ01 - 11,169,110 de 169
AZ01,11,Chip 2,MTAS-2 PL,20,8,#FADECE,2,1,11,11 - AZ01 - 11,169,111 de 169
AZ01,11,Chip 2,MTAS-2 PL,20,8,#FADECE,2,1,11,11 - AZ01 - 11,169,112 de 169
AZ01,11,Chip 2,MTAS-2 PL,20,8,#FADECE,2,1,11,11 - AZ01 - 11,169,113 de 169
AZ01,11,Chip 2,MTAS-2 PL,20,8,#FADECE,2,1,11,11 - AZ01 - 11,169,114 de 169
AZ01,11,Chip 2,MTAS-2 PL,20,8,#FADECE,2,1,11,11 - AZ01 - 11,169,115 de 169
AZ01,11,Chip 2,MTAS-2 PL,20,8,#FADECE,2,1,11,11 - AZ01 - 11,169,116 de 169
AZ01,11,Chip 2,MTAS-2 PL,20,8,#FADECE,2,1,11,11 - AZ01 - 11,169,117 de 169
AZ01,11,Chip 2,BGF SC+PL,28,5,#3F48CC,1,1,11,11 - AZ01 - 11,225,181 de 225
AZ01,11,Chip 2,BGF SC+PL,28,5,#3F48CC,1,1,11,11 - AZ01 - 11,225,182 de 225
AZ01,11,Chip 2,BGF SC+PL,28,5,#3F48CC,1,1,11,11 - AZ01 - 11,225,183 de 225
AZ01,11,Chip 2,BGF SC+PL,28,5,#3F48CC,1,1,11,11 - AZ01 - 11,225,184 de 225
AZ01,11,Chip 2,BGF SC+PL,28,5,#3F48CC,1,1,11,11 - AZ01 - 11,225,185 de 225
AZ01,11,Chip 2,BGF SC+PL,28,5,#3F48CC,1,1,11,11 - AZ01 - 11,225,186 de 225
AZ01,11,Chip 2,BGF SC+PL,28,5,#3F48CC,1,1,11,11 - AZ01 - 11,225,187 de 225
AZ01,11,Chip 2,BGF SC+PL,28,5,#3F48CC,1,1,11,11 - AZ01 - 11,225,188 de 225
AZ01,11,Chip 2,BGF SC+PL,28,5,#3F48CC,1,1,11,11 - AZ01 - 11,225,189 de 225
AZ01,11,Chip 2,BGF SC+PL,28,5,#3F48CC,1,1,11,11 - AZ01 - 11,225,190 de 225
AZ01,11,Chip 2,BGF SC+PL,28,5,#3F48CC,1,1,11,11 - AZ01 - 11,225,191 de 225
AZ01,11,Chip 2,BGF SC+PL,28,5,#3F48CC,1,1,11,11 - AZ01 - 11,225,192 de 225
AZ01,11,Chip 2,BGF SC+PL,28,5,#3F48CC,1,1,11,11 - AZ01 - 11,225,193 de 225
AZ01,11,Chip 2,BGF SC+PL,28,5,#3F48CC,1,1,11,11 - AZ01 - 11,225,194 de 225
AZ01,11,Chip 2,BGF SC+PL,28,5,#3F48CC,1,1,11,11 - AZ01 - 11,225,195 de 225
AZ01,11,Chip 2,INFRA,37,3,#000000,0,1,11,11 - AZ01 - 11,0,
AZ01,12,Chip 1,CSCF PL,0,8,#02675F,1,1,12,12 - AZ01 - 12,841,320 de 841
AZ01,12,Chip 1,CSCF PL,0,8,#02675F,1,1,12,12 - AZ01 - 12,841,321 de 841
AZ01,12,Chip 1,CSCF PL,0,8,#02675F,1,1,12,12 - AZ01 - 12,841,322 de 841
AZ01,12,Chip 1,CSCF PL,0,8,#02675F,1,1,12,12 - AZ01 - 12,841,323 de 841
AZ01,12,Chip 1,CSCF PL,0,8,#02675F,1,1,12,12 - AZ01 - 12,841,324 de 841
AZ01,12,Chip 1,CSCF PL,0,8,#02675F,1,1,12,12 - AZ01 - 12,841,325 de 841
AZ01,12,Chip 1,CSCF PL,0,8,#02675F,1,1,12,12 - AZ01 - 12,841,326 de 841
AZ01,12,Chip 1,CSCF PL,0,8,#02675F,1,1,12,12 - AZ01 - 12,841,327 de 841
AZ01,12,Chip 1,CSCF PL,0,8,#02675F,1,1,12,12 - AZ01 - 12,841,328 de 841
AZ01,12,Chip 1,CSCF PL,0,8,#02675F,1,1,12,12 - AZ01 - 12,841,329 de 841
AZ01,12,Chip 1,CSCF PL,0,8,#02675F,1,1,12,12 - AZ01 - 12,841,330 de 841
AZ01,12,Chip 1,CSCF PL,0,8,#02675F,1,1,12,12 - AZ01 - 12,841,331 de 841
AZ01,12,Chip 1,CSCF PL,0,8,#02675F,1,1,12,12 - AZ01 - 12,841,332 de 841
AZ01,12,Chip 1,CSCF PL,0,8,#02675F,1,1,12,12 - AZ01 - 12,841,333 de 841
AZ01,12,Chip 1,CSCF PL,0,8,#02675F,1,1,12,12 - AZ01 - 12,841,334 de 841
AZ01,12,Chip 1,CSCF PL,0,8,#02675F,1,1,12,12 - AZ01 - 12,841,335 de 841
AZ01,12,Chip 1,CSCF PL,0,8,#02675F,1,1,12,12 - AZ01 - 12,841,336 de 841
AZ01,12,Chip 1,CSCF PL,0,8,#02675F,1,1,12,12 - AZ01 - 12,841,337 de 841
AZ01,12,Chip 1,CSCF PL,0,8,#02675F,1,1,12,12 - AZ01 - 12,841,338 de 841
AZ01,12,Chip 1,CSCF PL,0,8,#02675F,1,1,12,12 - AZ01 - 12,841,339 de 841
AZ01,12,Chip 1,CSCF PL,0,8,#02675F,1,1,12,12 - AZ01 - 12,841,340 de 841
AZ01,12,Chip 1,CSCF PL,0,8,#02675F,1,1,12,12 - AZ01 - 12,841,341 de 841
AZ01,12,Chip 1,CSCF PL,0,8,#02675F,1,1,12,12 - AZ01 - 12,841,342 de 841
AZ01,12,Chip 1,CSCF PL,0,8,#02675F,1,1,12,12 - AZ01 - 12,841,343 de 841
AZ01,12,Chip 1,CSCF PL,0,8,#02675F,1,1,12,12 - AZ01 - 12,841,344 de 841
AZ01,12,Chip 1,CSCF PL,0,8,#02675F,1,1,12,12 - AZ01 - 12,841,345 de 841
AZ01,12,Chip 1,CSCF PL,0,8,#02675F,1,1,12,12 - AZ01 - 12,841,346 de 841
AZ01,12,Chip 1,CSCF PL,0,8,#02675F,1,1,12,12 - AZ01 - 12,841,347 de 841
AZ01,12,Chip 1,CSCF PL,0,8,#02675F,1,1,12,12 - AZ01 - 12,841,348 de 841
AZ01,12,Chip 1,PDRA PL,8,6,#FF7300,1,2,12,12 - AZ01 - 12,144,13 de 144
AZ01,12,Chip 1,PDRA PL,8,6,#FF7300,1,2,12,12 - AZ01 - 12,144,14 de 144
AZ01,12,Chip 1,PDRA PL,8,6,#FF7300,1,2,12,12 - AZ01 - 12,144,15 de 144
AZ01,12,Chip 1,PDRA PL,8,6,#FF7300,1,2,12,12 - AZ01 - 12,144,16 de 144
AZ01,12,Chip 1,PDRA PL,8,6,#FF7300,1,2,12,12 - AZ01 - 12,144,17 de 144
AZ01,12,Chip 1,PDRA PL,8,6,#FF7300,1,2,12,12 - AZ01 - 12,144,18 de 144
AZ01,12,Chip 1,PDRA PL,8,6,#FF7300,1,2,12,12 - AZ01 - 12,144,19 de 144
AZ01,12,Chip 1,PDRA PL,8,6,#FF7300,1,2,12,12 - AZ01 - 12,144,20 de 144
AZ01,12,Chip 1,PDRA PL,8,6,#FF7300,1,2,12,12 - AZ01 - 12,144,21 de 144
AZ01,12,Chip 1,PDRA PL,8,6,#FF7300,1,2,12,12 - AZ01 - 12,144,22 de 144
AZ01,12,Chip 1,PDRA PL,8,6,#FF7300,1,2,12,12 - AZ01 - 12,144,23 de 144
AZ01,12,Chip 1,PDRA PL,8,6,#FF7300,1,2,12,12 - AZ01 - 12,144,24 de 144
AZ01,12,Chip 1,INFRA,17,3,#000000,0,1,12,12 - AZ01 - 12,0,
AZ01,12,Chip 2,MTAS-2 PL,20,8,#FADECE,2,1,12,12 - AZ01 - 12,169,118 de 169
AZ01,12,Chip 2,MTAS-2 PL,20,8,#FADECE,2,1,12,12 - AZ01 - 12,169,119 de 169
AZ01,12,Chip 2,MTAS-2 PL,20,8,#FADECE,2,1,12,12 - AZ01 - 12,169,120 de 169
AZ01,12,Chip 2,MTAS-2 PL,20,8,#FADECE,2,1,12,12 - AZ01 - 12,169,121 de 169
AZ01,12,Chip 2,MTAS-2 PL,20,8,#FADECE,2,1,12,12 - AZ01 - 12,169,122 de 169
AZ01,12,Chip 2,MTAS-2 PL,20,8,#FADECE,2,1,12,12 - AZ01 - 12,169,123 de 169
AZ01,12,Chip 2,MTAS-2 PL,20,8,#FADECE,2,1,12,12 - AZ01 - 12,169,124 de 169
AZ01,12,Chip 2,MTAS-2 PL,20,8,#FADECE,2,1,12,12 - AZ01 - 12,169,125 de 169
AZ01,12,Chip 2,MTAS-2 PL,20,8,#FADECE,2,1,12,12 - AZ01 - 12,169,126 de 169
AZ01,12,Chip 2,MTAS-2 PL,20,8,#FADECE,2,1,12,12 - AZ01 - 12,169,127 de 169
AZ01,12,Chip 2,MTAS-2 PL,20,8,#FADECE,2,1,12,12 - AZ01 - 12,169,128 de 169
AZ01,12,Chip 2,MTAS-2 PL,20,8,#FADECE,2,1,12,12 - AZ01 - 12,169,129 de 169
AZ01,12,Chip 2,MTAS-2 PL,20,8,#FADECE,2,1,12,12 - AZ01 - 12,169,130 de 169
AZ01,12,Chip 2,BGF SC+PL,28,5,#3F48CC,1,1,12,12 - AZ01 - 12,225,196 de 225
AZ01,12,Chip 2,BGF SC+PL,28,5,#3F48CC,1,1,12,12 - AZ01 - 12,225,197 de 225
AZ01,12,Chip 2,BGF SC+PL,28,5,#3F48CC,1,1,12,12 - AZ01 - 12,225,198 de 225
AZ01,12,Chip 2,BGF SC+PL,28,5,#3F48CC,1,1,12,12 - AZ01 - 12,225,199 de 225
AZ01,12,Chip 2,BGF SC+PL,28,5,#3F48CC,1,1,12,12 - AZ01 - 12,225,200 de 225
AZ01,12,Chip 2,BGF SC+PL,28,5,#3F48CC,1,1,12,12 - AZ01 - 12,225,201 de 225
AZ01,12,Chip 2,BGF SC+PL,28,5,#3F48CC,1,1,12,12 - AZ01 - 12,225,202 de 225
AZ01,12,Chip 2,BGF SC+PL,28,5,#3F48CC,1,1,12,12 - AZ01 - 12,225,203 de 225
AZ01,12,Chip 2,BGF SC+PL,28,5,#3F48CC,1,1,12,12 - AZ01 - 12,225,204 de 225
AZ01,12,Chip 2,BGF SC+PL,28,5,#3F48CC,1,1,12,12 - AZ01 - 12,225,205 de 225
AZ01,12,Chip 2,BGF SC+PL,28,5,#3F48CC,1,1,12,12 - AZ01 - 12,225,206 de 225
AZ01,12,Chip 2,BGF SC+PL,28,5,#3F48CC,1,1,12,12 - AZ01 - 12,225,207 de 225
AZ01,12,Chip 2,BGF SC+PL,28,5,#3F48CC,1,1,12,12 - AZ01 - 12,225,208 de 225
AZ01,12,Chip 2,BGF SC+PL,28,5,#3F48CC,1,1,12,12 - AZ01 - 12,225,209 de 225
AZ01,12,Chip 2,BGF SC+PL,28,5,#3F48CC,1,1,12,12 - AZ01 - 12,225,210 de 225
AZ01,12,Chip 2,INFRA,37,3,#000000,0,1,12,12 - AZ01 - 12,0,
AZ01,13,Chip 1,CSCF PL,0,8,#02675F,1,1,13,13 - AZ01 - 13,841,349 de 841
AZ01,13,Chip 1,CSCF PL,0,8,#02675F,1,1,13,13 - AZ01 - 13,841,350 de 841
AZ01,13,Chip 1,CSCF PL,0,8,#02675F,1,1,13,13 - AZ01 - 13,841,351 de 841
AZ01,13,Chip 1,CSCF PL,0,8,#02675F,1,1,13,13 - AZ01 - 13,841,352 de 841
AZ01,13,Chip 1,CSCF PL,0,8,#02675F,1,1,13,13 - AZ01 - 13,841,353 de 841
AZ01,13,Chip 1,CSCF PL,0,8,#02675F,1,1,13,13 - AZ01 - 13,841,354 de 841
AZ01,13,Chip 1,CSCF PL,0,8,#02675F,1,1,13,13 - AZ01 - 13,841,355 de 841
AZ01,13,Chip 1,CSCF PL,0,8,#02675F,1,1,13,13 - AZ01 - 13,841,356 de 841
AZ01,13,Chip 1,CSCF PL,0,8,#02675F,1,1,13,13 - AZ01 - 13,841,357 de 841
AZ01,13,Chip 1,CSCF PL,0,8,#02675F,1,1,13,13 - AZ01 - 13,841,358 de 841
AZ01,13,Chip 1,CSCF PL,0,8,#02675F,1,1,13,13 - AZ01 - 13,841,359 de 841
AZ01,13,Chip 1,CSCF PL,0,8,#02675F,1,1,13,13 - AZ01 - 13,841,360 de 841
AZ01,13,Chip 1,CSCF PL,0,8,#02675F,1,1,13,13 - AZ01 - 13,841,361 de 841
AZ01,13,Chip 1,CSCF PL,0,8,#02675F,1,1,13,13 - AZ01 - 13,841,362 de 841
AZ01,13,Chip 1,CSCF PL,0,8,#02675F,1,1,13,13 - AZ01 - 13,841,363 de 841
AZ01,13,Chip 1,CSCF PL,0,8,#02675F,1,1,13,13 - AZ01 - 13,841,364 de 841
AZ01,13,Chip 1,CSCF PL,0,8,#02675F,1,1,13,13 - AZ01 - 13,841,365 de 841
AZ01,13,Chip 1,CSCF PL,0,8,#02675F,1,1,13,13 - AZ01 - 13,841,366 de 841
AZ01,13,Chip 1,CSCF PL,0,8,#02675F,1,1,13,13 - AZ01 - 13,841,367 de 841
AZ01,13,Chip 1,CSCF PL,0,8,#02675F,1,1,13,13 - AZ01 - 13,841,368 de 841
AZ01,13,Chip 1,CSCF PL,0,8,#02675F,1,1,13,13 - AZ01 - 13,841,369 de 841
AZ01,13,Chip 1,CSCF PL,0,8,#02675F,1,1,13,13 - AZ01 - 13,841,370 de 841
AZ01,13,Chip 1,CSCF PL,0,8,#02675F,1,1,13,13 - AZ01 - 13,841,371 de 841
AZ01,13,Chip 1,CSCF PL,0,8,#02675F,1,1,13,13 - AZ01 - 13,841,372 de 841
AZ01,13,Chip 1,CSCF PL,0,8,#02675F,1,1,13,13 - AZ01 - 13,841,373 de 841
AZ01,13,Chip 1,CSCF PL,0,8,#02675F,1,1,13,13 - AZ01 - 13,841,374 de 841
AZ01,13,Chip 1,CSCF PL,0,8,#02675F,1,1,13,13 - AZ01 - 13,841,375 de 841
AZ01,13,Chip 1,CSCF PL,0,8,#02675F,1,1,13,13 - AZ01 - 13,841,376 de 841
AZ01,13,Chip 1,CSCF PL,0,8,#02675F,1,1,13,13 - AZ01 - 13,841,377 de 841
AZ01,13,Chip 1,DRA PL,8,6,#FDD835,1,2,13,13 - AZ01 - 13,81,1 de 81
AZ01,13,Chip 1,DRA PL,8,6,#FDD835,1,2,13,13 - AZ01 - 13,81,2 de 81
AZ01,13,Chip 1,DRA PL,8,6,#FDD835,1,2,13,13 - AZ01 - 13,81,3 de 81
AZ01,13,Chip 1,DRA PL,8,6,#FDD835,1,2,13,13 - AZ01 - 13,81,4 de 81
AZ01,13,Chip 1,DRA PL,8,6,#FDD835,1,2,13,13 - AZ01 - 13,81,5 de 81
AZ01,13,Chip 1,DRA PL,8,6,#FDD835,1,2,13,13 - AZ01 - 13,81,6 de 81
AZ01,13,Chip 1,DRA PL,8,6,#FDD835,1,2,13,13 - AZ01 - 13,81,7 de 81
AZ01,13,Chip 1,DRA PL,8,6,#FDD835,1,2,13,13 - AZ01 - 13,81,8 de 81
AZ01,13,Chip 1,DRA PL,8,6,#FDD835,1,2,13,13 - AZ01 - 13,81,9 de 81
AZ01,13,Chip 1,INFRA,17,3,#000000,0,1,13,13 - AZ01 - 13,0,
AZ01,13,Chip 2,MTAS-2 PL,20,8,#FADECE,2,1,13,13 - AZ01 - 13,169,131 de 169
AZ01,13,Chip 2,MTAS-2 PL,20,8,#FADECE,2,1,13,13 - AZ01 - 13,169,132 de 169
AZ01,13,Chip 2,MTAS-2 PL,20,8,#FADECE,2,1,13,13 - AZ01 - 13,169,133 de 169
AZ01,13,Chip 2,MTAS-2 PL,20,8,#FADECE,2,1,13,13 - AZ01 - 13,169,134 de 169
AZ01,13,Chip 2,MTAS-2 PL,20,8,#FADECE,2,1,13,13 - AZ01 - 13,169,135 de 169
AZ01,13,Chip 2,MTAS-2 PL,20,8,#FADECE,2,1,13,13 - AZ01 - 13,169,136 de 169
AZ01,13,Chip 2,MTAS-2 PL,20,8,#FADECE,2,1,13,13 - AZ01 - 13,169,137 de 169
AZ01,13,Chip 2,MTAS-2 PL,20,8,#FADECE,2,1,13,13 - AZ01 - 13,169,138 de 169
AZ01,13,Chip 2,MTAS-2 PL,20,8,#FADECE,2,1,13,13 - AZ01 - 13,169,139 de 169
AZ01,13,Chip 2,MTAS-2 PL,20,8,#FADECE,2,1,13,13 - AZ01 - 13,169,140 de 169
AZ01,13,Chip 2,MTAS-2 PL,20,8,#FADECE,2,1,13,13 - AZ01 - 13,169,141 de 169
AZ01,13,Chip 2,MTAS-2 PL,20,8,#FADECE,2,1,13,13 - AZ01 - 13,169,142 de 169
AZ01,13,Chip 2,MTAS-2 PL,20,8,#FADECE,2,1,13,13 - AZ01 - 13,169,143 de 169
AZ01,13,Chip 2,BGF SC+PL,28,5,#3F48CC,1,1,13,13 - AZ01 - 13,225,211 de 225
AZ01,13,Chip 2,BGF SC+PL,28,5,#3F48CC,1,1,13,13 - AZ01 - 13,225,212 de 225
AZ01,13,Chip 2,BGF SC+PL,28,5,#3F48CC,1,1,13,13 - AZ01 - 13,225,213 de 225
AZ01,13,Chip 2,BGF SC+PL,28,5,#3F48CC,1,1,13,13 - AZ01 - 13,225,214 de 225
AZ01,13,Chip 2,BGF SC+PL,28,5,#3F48CC,1,1,13,13 - AZ01 - 13,225,215 de 225
AZ01,13,Chip 2,BGF SC+PL,28,5,#3F48CC,1,1,13,13 - AZ01 - 13,225,216 de 225
AZ01,13,Chip 2,BGF SC+PL,28,5,#3F48CC,1,1,13,13 - AZ01 - 13,225,217 de 225
AZ01,13,Chip 2,BGF SC+PL,28,5,#3F48CC,1,1,13,13 - AZ01 - 13,225,218 de 225
AZ01,13,Chip 2,BGF SC+PL,28,5,#3F48CC,1,1,13,13 - AZ01 - 13,225,219 de 225
AZ01,13,Chip 2,BGF SC+PL,28,5,#3F48CC,1,1,13,13 - AZ01 - 13,225,220 de 225
AZ01,13,Chip 2,BGF SC+PL,28,5,#3F48CC,1,1,13,13 - AZ01 - 13,225,221 de 225
AZ01,13,Chip 2,BGF SC+PL,28,5,#3F48CC,1,1,13,13 - AZ01 - 13,225,222 de 225
AZ01,13,Chip 2,BGF SC+PL,28,5,#3F48CC,1,1,13,13 - AZ01 - 13,225,223 de 225
AZ01,13,Chip 2,BGF SC+PL,28,5,#3F48CC,1,1,13,13 - AZ01 - 13,225,224 de 225
AZ01,13,Chip 2,BGF SC+PL,28,5,#3F48CC,1,1,13,13 - AZ01 - 13,225,225 de 225
AZ01,13,Chip 2,INFRA,37,3,#000000,0,1,13,13 - AZ01 - 13,0,
AZ01,14,Chip 1,CSCF PL,0,8,#02675F,1,1,14,14 - AZ01 - 14,841,378 de 841
AZ01,14,Chip 1,CSCF PL,0,8,#02675F,1,1,14,14 - AZ01 - 14,841,379 de 841
AZ01,14,Chip 1,CSCF PL,0,8,#02675F,1,1,14,14 - AZ01 - 14,841,380 de 841
AZ01,14,Chip 1,CSCF PL,0,8,#02675F,1,1,14,14 - AZ01 - 14,841,381 de 841
AZ01,14,Chip 1,CSCF PL,0,8,#02675F,1,1,14,14 - AZ01 - 14,841,382 de 841
AZ01,14,Chip 1,CSCF PL,0,8,#02675F,1,1,14,14 - AZ01 - 14,841,383 de 841
AZ01,14,Chip 1,CSCF PL,0,8,#02675F,1,1,14,14 - AZ01 - 14,841,384 de 841
AZ01,14,Chip 1,CSCF PL,0,8,#02675F,1,1,14,14 - AZ01 - 14,841,385 de 841
AZ01,14,Chip 1,CSCF PL,0,8,#02675F,1,1,14,14 - AZ01 - 14,841,386 de 841
AZ01,14,Chip 1,CSCF PL,0,8,#02675F,1,1,14,14 - AZ01 - 14,841,387 de 841
AZ01,14,Chip 1,CSCF PL,0,8,#02675F,1,1,14,14 - AZ01 - 14,841,388 de 841
AZ01,14,Chip 1,CSCF PL,0,8,#02675F,1,1,14,14 - AZ01 - 14,841,389 de 841
AZ01,14,Chip 1,CSCF PL,0,8,#02675F,1,1,14,14 - AZ01 - 14,841,390 de 841
AZ01,14,Chip 1,CSCF PL,0,8,#02675F,1,1,14,14 - AZ01 - 14,841,391 de 841
AZ01,14,Chip 1,CSCF PL,0,8,#02675F,1,1,14,14 - AZ01 - 14,841,392 de 841
AZ01,14,Chip 1,CSCF PL,0,8,#02675F,1,1,14,14 - AZ01 - 14,841,393 de 841
AZ01,14,Chip 1,CSCF PL,0,8,#02675F,1,1,14,14 - AZ01 - 14,841,394 de 841
AZ01,14,Chip 1,CSCF PL,0,8,#02675F,1,1,14,14 - AZ01 - 14,841,395 de 841
AZ01,14,Chip 1,CSCF PL,0,8,#02675F,1,1,14,14 - AZ01 - 14,841,396 de 841
AZ01,14,Chip 1,CSCF PL,0,8,#02675F,1,1,14,14 - AZ01 - 14,841,397 de 841
AZ01,14,Chip 1,CSCF PL,0,8,#02675F,1,1,14,14 - AZ01 - 14,841,398 de 841
AZ01,14,Chip 1,CSCF PL,0,8,#02675F,1,1,14,14 - AZ01 - 14,841,399 de 841
AZ01,14,Chip 1,CSCF PL,0,8,#02675F,1,1,14,14 - AZ01 - 14,841,400 de 841
AZ01,14,Chip 1,CSCF PL,0,8,#02675F,1,1,14,14 - AZ01 - 14,841,401 de 841
AZ01,14,Chip 1,CSCF PL,0,8,#02675F,1,1,14,14 - AZ01 - 14,841,402 de 841
AZ01,14,Chip 1,CSCF PL,0,8,#02675F,1,1,14,14 - AZ01 - 14,841,403 de 841
AZ01,14,Chip 1,CSCF PL,0,8,#02675F,1,1,14,14 - AZ01 - 14,841,404 de 841
AZ01,14,Chip 1,CSCF PL,0,8,#02675F,1,1,14,14 - AZ01 - 14,841,405 de 841
AZ01,14,Chip 1,CSCF PL,0,8,#02675F,1,1,14,14 - AZ01 - 14,841,406 de 841
AZ01,14,Chip 1,BGF SC+PL,8,5,#3F48CC,1,1,14,14 - AZ01 - 14,225,1 de 225
AZ01,14,Chip 1,BGF SC+PL,8,5,#3F48CC,1,1,14,14 - AZ01 - 14,225,2 de 225
AZ01,14,Chip 1,BGF SC+PL,8,5,#3F48CC,1,1,14,14 - AZ01 - 14,225,3 de 225
AZ01,14,Chip 1,BGF SC+PL,8,5,#3F48CC,1,1,14,14 - AZ01 - 14,225,4 de 225
AZ01,14,Chip 1,BGF SC+PL,8,5,#3F48CC,1,1,14,14 - AZ01 - 14,225,5 de 225
AZ01,14,Chip 1,BGF SC+PL,8,5,#3F48CC,1,1,14,14 - AZ01 - 14,225,6 de 225
AZ01,14,Chip 1,BGF SC+PL,8,5,#3F48CC,1,1,14,14 - AZ01 - 14,225,7 de 225
AZ01,14,Chip 1,BGF SC+PL,8,5,#3F48CC,1,1,14,14 - AZ01 - 14,225,8 de 225
AZ01,14,Chip 1,BGF SC+PL,8,5,#3F48CC,1,1,14,14 - AZ01 - 14,225,9 de 225
AZ01,14,Chip 1,BGF SC+PL,8,5,#3F48CC,1,1,14,14 - AZ01 - 14,225,10 de 225
AZ01,14,Chip 1,BGF SC+PL,8,5,#3F48CC,1,1,14,14 - AZ01 - 14,225,11 de 225
AZ01,14,Chip 1,BGF SC+PL,8,5,#3F48CC,1,1,14,14 - AZ01 - 14,225,12 de 225
AZ01,14,Chip 1,BGF SC+PL,8,5,#3F48CC,1,1,14,14 - AZ01 - 14,225,13 de 225
AZ01,14,Chip 1,BGF SC+PL,8,5,#3F48CC,1,1,14,14 - AZ01 - 14,225,14 de 225
AZ01,14,Chip 1,BGF SC+PL,8,5,#3F48CC,1,1,14,14 - AZ01 - 14,225,15 de 225
AZ01,14,Chip 1,INFRA,17,3,#000000,0,1,14,14 - AZ01 - 14,0,
AZ01,14,Chip 2,SBG PL,20,10,#00A6A6,1,1,14,14 - AZ01 - 14,196,85 de 196
AZ01,14,Chip 2,SBG PL,20,10,#00A6A6,1,1,14,14 - AZ01 - 14,196,86 de 196
AZ01,14,Chip 2,SBG PL,20,10,#00A6A6,1,1,14,14 - AZ01 - 14,196,87 de 196
AZ01,14,Chip 2,SBG PL,20,10,#00A6A6,1,1,14,14 - AZ01 - 14,196,88 de 196
AZ01,14,Chip 2,SBG PL,20,10,#00A6A6,1,1,14,14 - AZ01 - 14,196,89 de 196
AZ01,14,Chip 2,SBG PL,20,10,#00A6A6,1,1,14,14 - AZ01 - 14,196,90 de 196
AZ01,14,Chip 2,SBG PL,20,10,#00A6A6,1,1,14,14 - AZ01 - 14,196,91 de 196
AZ01,14,Chip 2,SBG PL,20,10,#00A6A6,1,1,14,14 - AZ01 - 14,196,92 de 196
AZ01,14,Chip 2,SBG PL,20,10,#00A6A6,1,1,14,14 - AZ01 - 14,196,93 de 196
AZ01,14,Chip 2,SBG PL,20,10,#00A6A6,1,1,14,14 - AZ01 - 14,196,94 de 196
AZ01,14,Chip 2,SBG PL,20,10,#00A6A6,1,1,14,14 - AZ01 - 14,196,95 de 196
AZ01,14,Chip 2,SBG PL,20,10,#00A6A6,1,1,14,14 - AZ01 - 14,196,96 de 196
AZ01,14,Chip 2,SBG PL,20,10,#00A6A6,1,1,14,14 - AZ01 - 14,196,97 de 196
AZ01,14,Chip 2,SBG PL,20,10,#00A6A6,1,1,14,14 - AZ01 - 14,196,98 de 196
AZ01,14,Chip 2,PDRA PL,30,6,#FF7300,1,2,14,14 - AZ01 - 14,144,37 de 144
AZ01,14,Chip 2,PDRA PL,30,6,#FF7300,1,2,14,14 - AZ01 - 14,144,38 de 144
AZ01,14,Chip 2,PDRA PL,30,6,#FF7300,1,2,14,14 - AZ01 - 14,144,39 de 144
AZ01,14,Chip 2,PDRA PL,30,6,#FF7300,1,2,14,14 - AZ01 - 14,144,40 de 144
AZ01,14,Chip 2,PDRA PL,30,6,#FF7300,1,2,14,14 - AZ01 - 14,144,41 de 144
AZ01,14,Chip 2,PDRA PL,30,6,#FF7300,1,2,14,14 - AZ01 - 14,144,42 de 144
AZ01,14,Chip 2,PDRA PL,30,6,#FF7300,1,2,14,14 - AZ01 - 14,144,43 de 144
AZ01,14,Chip 2,PDRA PL,30,6,#FF7300,1,2,14,14 - AZ01 - 14,144,44 de 144
AZ01,14,Chip 2,PDRA PL,30,6,#FF7300,1,2,14,14 - AZ01 - 14,144,45 de 144
AZ01,14,Chip 2,PDRA PL,30,6,#FF7300,1,2,14,14 - AZ01 - 14,144,46 de 144
AZ01,14,Chip 2,PDRA PL,30,6,#FF7300,1,2,14,14 - AZ01 - 14,144,47 de 144
AZ01,14,Chip 2,PDRA PL,30,6,#FF7300,1,2,14,14 - AZ01 - 14,144,48 de 144
AZ01,14,Chip 2,INFRA,37,3,#000000,0,1,14,14 - AZ01 - 14,0,
AZ01,15,Chip 1,CSCF PL,0,8,#02675F,1,1,15,15 - AZ01 - 15,841,407 de 841
AZ01,15,Chip 1,CSCF PL,0,8,#02675F,1,1,15,15 - AZ01 - 15,841,408 de 841
AZ01,15,Chip 1,CSCF PL,0,8,#02675F,1,1,15,15 - AZ01 - 15,841,409 de 841
AZ01,15,Chip 1,CSCF PL,0,8,#02675F,1,1,15,15 - AZ01 - 15,841,410 de 841
AZ01,15,Chip 1,CSCF PL,0,8,#02675F,1,1,15,15 - AZ01 - 15,841,411 de 841
AZ01,15,Chip 1,CSCF PL,0,8,#02675F,1,1,15,15 - AZ01 - 15,841,412 de 841
AZ01,15,Chip 1,CSCF PL,0,8,#02675F,1,1,15,15 - AZ01 - 15,841,413 de 841
AZ01,15,Chip 1,CSCF PL,0,8,#02675F,1,1,15,15 - AZ01 - 15,841,414 de 841
AZ01,15,Chip 1,CSCF PL,0,8,#02675F,1,1,15,15 - AZ01 - 15,841,415 de 841
AZ01,15,Chip 1,CSCF PL,0,8,#02675F,1,1,15,15 - AZ01 - 15,841,416 de 841
AZ01,15,Chip 1,CSCF PL,0,8,#02675F,1,1,15,15 - AZ01 - 15,841,417 de 841
AZ01,15,Chip 1,CSCF PL,0,8,#02675F,1,1,15,15 - AZ01 - 15,841,418 de 841
AZ01,15,Chip 1,CSCF PL,0,8,#02675F,1,1,15,15 - AZ01 - 15,841,419 de 841
AZ01,15,Chip 1,CSCF PL,0,8,#02675F,1,1,15,15 - AZ01 - 15,841,420 de 841
AZ01,15,Chip 1,CSCF PL,0,8,#02675F,1,1,15,15 - AZ01 - 15,841,421 de 841
AZ01,15,Chip 1,CSCF PL,0,8,#02675F,1,1,15,15 - AZ01 - 15,841,422 de 841
AZ01,15,Chip 1,CSCF PL,0,8,#02675F,1,1,15,15 - AZ01 - 15,841,423 de 841
AZ01,15,Chip 1,CSCF PL,0,8,#02675F,1,1,15,15 - AZ01 - 15,841,424 de 841
AZ01,15,Chip 1,CSCF PL,0,8,#02675F,1,1,15,15 - AZ01 - 15,841,425 de 841
AZ01,15,Chip 1,CSCF PL,0,8,#02675F,1,1,15,15 - AZ01 - 15,841,426 de 841
AZ01,15,Chip 1,CSCF PL,0,8,#02675F,1,1,15,15 - AZ01 - 15,841,427 de 841
AZ01,15,Chip 1,CSCF PL,0,8,#02675F,1,1,15,15 - AZ01 - 15,841,428 de 841
AZ01,15,Chip 1,CSCF PL,0,8,#02675F,1,1,15,15 - AZ01 - 15,841,429 de 841
AZ01,15,Chip 1,CSCF PL,0,8,#02675F,1,1,15,15 - AZ01 - 15,841,430 de 841
AZ01,15,Chip 1,CSCF PL,0,8,#02675F,1,1,15,15 - AZ01 - 15,841,431 de 841
AZ01,15,Chip 1,CSCF PL,0,8,#02675F,1,1,15,15 - AZ01 - 15,841,432 de 841
AZ01,15,Chip 1,CSCF PL,0,8,#02675F,1,1,15,15 - AZ01 - 15,841,433 de 841
AZ01,15,Chip 1,CSCF PL,0,8,#02675F,1,1,15,15 - AZ01 - 15,841,434 de 841
AZ01,15,Chip 1,CSCF PL,0,8,#02675F,1,1,15,15 - AZ01 - 15,841,435 de 841
AZ01,15,Chip 1,BGF SC+PL,8,5,#3F48CC,1,1,15,15 - AZ01 - 15,225,16 de 225
AZ01,15,Chip 1,BGF SC+PL,8,5,#3F48CC,1,1,15,15 - AZ01 - 15,225,17 de 225
AZ01,15,Chip 1,BGF SC+PL,8,5,#3F48CC,1,1,15,15 - AZ01 - 15,225,18 de 225
AZ01,15,Chip 1,BGF SC+PL,8,5,#3F48CC,1,1,15,15 - AZ01 - 15,225,19 de 225
AZ01,15,Chip 1,BGF SC+PL,8,5,#3F48CC,1,1,15,15 - AZ01 - 15,225,20 de 225
AZ01,15,Chip 1,BGF SC+PL,8,5,#3F48CC,1,1,15,15 - AZ01 - 15,225,21 de 225
AZ01,15,Chip 1,BGF SC+PL,8,5,#3F48CC,1,1,15,15 - AZ01 - 15,225,22 de 225
AZ01,15,Chip 1,BGF SC+PL,8,5,#3F48CC,1,1,15,15 - AZ01 - 15,225,23 de 225
AZ01,15,Chip 1,BGF SC+PL,8,5,#3F48CC,1,1,15,15 - AZ01 - 15,225,24 de 225
AZ01,15,Chip 1,BGF SC+PL,8,5,#3F48CC,1,1,15,15 - AZ01 - 15,225,25 de 225
AZ01,15,Chip 1,BGF SC+PL,8,5,#3F48CC,1,1,15,15 - AZ01 - 15,225,26 de 225
AZ01,15,Chip 1,BGF SC+PL,8,5,#3F48CC,1,1,15,15 - AZ01 - 15,225,27 de 225
AZ01,15,Chip 1,BGF SC+PL,8,5,#3F48CC,1,1,15,15 - AZ01 - 15,225,28 de 225
AZ01,15,Chip 1,BGF SC+PL,8,5,#3F48CC,1,1,15,15 - AZ01 - 15,225,29 de 225
AZ01,15,Chip 1,BGF SC+PL,8,5,#3F48CC,1,1,15,15 - AZ01 - 15,225,30 de 225
AZ01,15,Chip 1,INFRA,17,3,#000000,0,1,15,15 - AZ01 - 15,0,
AZ01,15,Chip 2,INFRA,37,3,#000000,0,1,15,15 - AZ01 - 15,0,
AZ01,16,Chip 1,CSCF PL,0,8,#02675F,1,1,16,16 - AZ01 - 16,841,436 de 841
AZ01,16,Chip 1,CSCF PL,0,8,#02675F,1,1,16,16 - AZ01 - 16,841,437 de 841
AZ01,16,Chip 1,CSCF PL,0,8,#02675F,1,1,16,16 - AZ01 - 16,841,438 de 841
AZ01,16,Chip 1,CSCF PL,0,8,#02675F,1,1,16,16 - AZ01 - 16,841,439 de 841
AZ01,16,Chip 1,CSCF PL,0,8,#02675F,1,1,16,16 - AZ01 - 16,841,440 de 841
AZ01,16,Chip 1,CSCF PL,0,8,#02675F,1,1,16,16 - AZ01 - 16,841,441 de 841
AZ01,16,Chip 1,CSCF PL,0,8,#02675F,1,1,16,16 - AZ01 - 16,841,442 de 841
AZ01,16,Chip 1,CSCF PL,0,8,#02675F,1,1,16,16 - AZ01 - 16,841,443 de 841
AZ01,16,Chip 1,CSCF PL,0,8,#02675F,1,1,16,16 - AZ01 - 16,841,444 de 841
AZ01,16,Chip 1,CSCF PL,0,8,#02675F,1,1,16,16 - AZ01 - 16,841,445 de 841
AZ01,16,Chip 1,CSCF PL,0,8,#02675F,1,1,16,16 - AZ01 - 16,841,446 de 841
AZ01,16,Chip 1,CSCF PL,0,8,#02675F,1,1,16,16 - AZ01 - 16,841,447 de 841
AZ01,16,Chip 1,CSCF PL,0,8,#02675F,1,1,16,16 - AZ01 - 16,841,448 de 841
AZ01,16,Chip 1,CSCF PL,0,8,#02675F,1,1,16,16 - AZ01 - 16,841,449 de 841
AZ01,16,Chip 1,CSCF PL,0,8,#02675F,1,1,16,16 - AZ01 - 16,841,450 de 841
AZ01,16,Chip 1,CSCF PL,0,8,#02675F,1,1,16,16 - AZ01 - 16,841,451 de 841
AZ01,16,Chip 1,CSCF PL,0,8,#02675F,1,1,16,16 - AZ01 - 16,841,452 de 841
AZ01,16,Chip 1,CSCF PL,0,8,#02675F,1,1,16,16 - AZ01 - 16,841,453 de 841
AZ01,16,Chip 1,CSCF PL,0,8,#02675F,1,1,16,16 - AZ01 - 16,841,454 de 841
AZ01,16,Chip 1,CSCF PL,0,8,#02675F,1,1,16,16 - AZ01 - 16,841,455 de 841
AZ01,16,Chip 1,CSCF PL,0,8,#02675F,1,1,16,16 - AZ01 - 16,841,456 de 841
AZ01,16,Chip 1,CSCF PL,0,8,#02675F,1,1,16,16 - AZ01 - 16,841,457 de 841
AZ01,16,Chip 1,CSCF PL,0,8,#02675F,1,1,16,16 - AZ01 - 16,841,458 de 841
AZ01,16,Chip 1,CSCF PL,0,8,#02675F,1,1,16,16 - AZ01 - 16,841,459 de 841
AZ01,16,Chip 1,CSCF PL,0,8,#02675F,1,1,16,16 - AZ01 - 16,841,460 de 841
AZ01,16,Chip 1,CSCF PL,0,8,#02675F,1,1,16,16 - AZ01 - 16,841,461 de 841
AZ01,16,Chip 1,CSCF PL,0,8,#02675F,1,1,16,16 - AZ01 - 16,841,462 de 841
AZ01,16,Chip 1,CSCF PL,0,8,#02675F,1,1,16,16 - AZ01 - 16,841,463 de 841
AZ01,16,Chip 1,CSCF PL,0,8,#02675F,1,1,16,16 - AZ01 - 16,841,464 de 841
AZ01,16,Chip 1,MTAS-1 PL,8,8,#F7C7AC,1,1,16,16 - AZ01 - 16,169,53 de 169
AZ01,16,Chip 1,MTAS-1 PL,8,8,#F7C7AC,1,1,16,16 - AZ01 - 16,169,54 de 169
AZ01,16,Chip 1,MTAS-1 PL,8,8,#F7C7AC,1,1,16,16 - AZ01 - 16,169,55 de 169
AZ01,16,Chip 1,MTAS-1 PL,8,8,#F7C7AC,1,1,16,16 - AZ01 - 16,169,56 de 169
AZ01,16,Chip 1,MTAS-1 PL,8,8,#F7C7AC,1,1,16,16 - AZ01 - 16,169,57 de 169
AZ01,16,Chip 1,MTAS-1 PL,8,8,#F7C7AC,1,1,16,16 - AZ01 - 16,169,58 de 169
AZ01,16,Chip 1,MTAS-1 PL,8,8,#F7C7AC,1,1,16,16 - AZ01 - 16,169,59 de 169
AZ01,16,Chip 1,MTAS-1 PL,8,8,#F7C7AC,1,1,16,16 - AZ01 - 16,169,60 de 169
AZ01,16,Chip 1,MTAS-1 PL,8,8,#F7C7AC,1,1,16,16 - AZ01 - 16,169,61 de 169
AZ01,16,Chip 1,MTAS-1 PL,8,8,#F7C7AC,1,1,16,16 - AZ01 - 16,169,62 de 169
AZ01,16,Chip 1,MTAS-1 PL,8,8,#F7C7AC,1,1,16,16 - AZ01 - 16,169,63 de 169
AZ01,16,Chip 1,MTAS-1 PL,8,8,#F7C7AC,1,1,16,16 - AZ01 - 16,169,64 de 169
AZ01,16,Chip 1,MTAS-1 PL,8,8,#F7C7AC,1,1,16,16 - AZ01 - 16,169,65 de 169
AZ01,16,Chip 1,INFRA,17,3,#000000,0,1,16,16 - AZ01 - 16,0,
AZ01,16,Chip 2,MRF SC+PL,20,17,#FF1493,1,1,16,16 - AZ01 - 16,9,1 de 9
AZ01,16,Chip 2,MRF SC+PL,20,17,#FF1493,1,1,16,16 - AZ01 - 16,9,2 de 9
AZ01,16,Chip 2,MRF SC+PL,20,17,#FF1493,1,1,16,16 - AZ01 - 16,9,3 de 9
AZ01,16,Chip 2,INFRA,37,3,#000000,0,1,16,16 - AZ01 - 16,0,
AZ01,17,Chip 1,CSCF PL,0,8,#02675F,1,1,17,17 - AZ01 - 17,841,465 de 841
AZ01,17,Chip 1,CSCF PL,0,8,#02675F,1,1,17,17 - AZ01 - 17,841,466 de 841
AZ01,17,Chip 1,CSCF PL,0,8,#02675F,1,1,17,17 - AZ01 - 17,841,467 de 841
AZ01,17,Chip 1,CSCF PL,0,8,#02675F,1,1,17,17 - AZ01 - 17,841,468 de 841
AZ01,17,Chip 1,CSCF PL,0,8,#02675F,1,1,17,17 - AZ01 - 17,841,469 de 841
AZ01,17,Chip 1,CSCF PL,0,8,#02675F,1,1,17,17 - AZ01 - 17,841,470 de 841
AZ01,17,Chip 1,CSCF PL,0,8,#02675F,1,1,17,17 - AZ01 - 17,841,471 de 841
AZ01,17,Chip 1,CSCF PL,0,8,#02675F,1,1,17,17 - AZ01 - 17,841,472 de 841
AZ01,17,Chip 1,CSCF PL,0,8,#02675F,1,1,17,17 - AZ01 - 17,841,473 de 841
AZ01,17,Chip 1,CSCF PL,0,8,#02675F,1,1,17,17 - AZ01 - 17,841,474 de 841
AZ01,17,Chip 1,CSCF PL,0,8,#02675F,1,1,17,17 - AZ01 - 17,841,475 de 841
AZ01,17,Chip 1,CSCF PL,0,8,#02675F,1,1,17,17 - AZ01 - 17,841,476 de 841
AZ01,17,Chip 1,CSCF PL,0,8,#02675F,1,1,17,17 - AZ01 - 17,841,477 de 841
AZ01,17,Chip 1,CSCF PL,0,8,#02675F,1,1,17,17 - AZ01 - 17,841,478 de 841
AZ01,17,Chip 1,CSCF PL,0,8,#02675F,1,1,17,17 - AZ01 - 17,841,479 de 841
AZ01,17,Chip 1,CSCF PL,0,8,#02675F,1,1,17,17 - AZ01 - 17,841,480 de 841
AZ01,17,Chip 1,CSCF PL,0,8,#02675F,1,1,17,17 - AZ01 - 17,841,481 de 841
AZ01,17,Chip 1,CSCF PL,0,8,#02675F,1,1,17,17 - AZ01 - 17,841,482 de 841
AZ01,17,Chip 1,CSCF PL,0,8,#02675F,1,1,17,17 - AZ01 - 17,841,483 de 841
AZ01,17,Chip 1,CSCF PL,0,8,#02675F,1,1,17,17 - AZ01 - 17,841,484 de 841
AZ01,17,Chip 1,CSCF PL,0,8,#02675F,1,1,17,17 - AZ01 - 17,841,485 de 841
AZ01,17,Chip 1,CSCF PL,0,8,#02675F,1,1,17,17 - AZ01 - 17,841,486 de 841
AZ01,17,Chip 1,CSCF PL,0,8,#02675F,1,1,17,17 - AZ01 - 17,841,487 de 841
AZ01,17,Chip 1,CSCF PL,0,8,#02675F,1,1,17,17 - AZ01 - 17,841,488 de 841
AZ01,17,Chip 1,CSCF PL,0,8,#02675F,1,1,17,17 - AZ01 - 17,841,489 de 841
AZ01,17,Chip 1,CSCF PL,0,8,#02675F,1,1,17,17 - AZ01 - 17,841,490 de 841
AZ01,17,Chip 1,CSCF PL,0,8,#02675F,1,1,17,17 - AZ01 - 17,841,491 de 841
AZ01,17,Chip 1,CSCF PL,0,8,#02675F,1,1,17,17 - AZ01 - 17,841,492 de 841
AZ01,17,Chip 1,CSCF PL,0,8,#02675F,1,1,17,17 - AZ01 - 17,841,493 de 841
AZ01,17,Chip 1,MTAS-1 PL,8,8,#F7C7AC,1,1,17,17 - AZ01 - 17,169,66 de 169
AZ01,17,Chip 1,MTAS-1 PL,8,8,#F7C7AC,1,1,17,17 - AZ01 - 17,169,67 de 169
AZ01,17,Chip 1,MTAS-1 PL,8,8,#F7C7AC,1,1,17,17 - AZ01 - 17,169,68 de 169
AZ01,17,Chip 1,MTAS-1 PL,8,8,#F7C7AC,1,1,17,17 - AZ01 - 17,169,69 de 169
AZ01,17,Chip 1,MTAS-1 PL,8,8,#F7C7AC,1,1,17,17 - AZ01 - 17,169,70 de 169
AZ01,17,Chip 1,MTAS-1 PL,8,8,#F7C7AC,1,1,17,17 - AZ01 - 17,169,71 de 169
AZ01,17,Chip 1,MTAS-1 PL,8,8,#F7C7AC,1,1,17,17 - AZ01 - 17,169,72 de 169
AZ01,17,Chip 1,MTAS-1 PL,8,8,#F7C7AC,1,1,17,17 - AZ01 - 17,169,73 de 169
AZ01,17,Chip 1,MTAS-1 PL,8,8,#F7C7AC,1,1,17,17 - AZ01 - 17,169,74 de 169
AZ01,17,Chip 1,MTAS-1 PL,8,8,#F7C7AC,1,1,17,17 - AZ01 - 17,169,75 de 169
AZ01,17,Chip 1,MTAS-1 PL,8,8,#F7C7AC,1,1,17,17 - AZ01 - 17,169,76 de 169
AZ01,17,Chip 1,MTAS-1 PL,8,8,#F7C7AC,1,1,17,17 - AZ01 - 17,169,77 de 169
AZ01,17,Chip 1,MTAS-1 PL,8,8,#F7C7AC,1,1,17,17 - AZ01 - 17,169,78 de 169
AZ01,17,Chip 1,INFRA,17,3,#000000,0,1,17,17 - AZ01 - 17,0,
AZ01,17,Chip 2,MRF SC+PL,20,17,#FF1493,1,1,17,17 - AZ01 - 17,9,4 de 9
AZ01,17,Chip 2,MRF SC+PL,20,17,#FF1493,1,1,17,17 - AZ01 - 17,9,5 de 9
AZ01,17,Chip 2,MRF SC+PL,20,17,#FF1493,1,1,17,17 - AZ01 - 17,9,6 de 9
AZ01,17,Chip 2,INFRA,37,3,#000000,0,1,17,17 - AZ01 - 17,0,
AZ01,18,Chip 1,CSCF PL,0,8,#02675F,1,1,18,18 - AZ01 - 18,841,494 de 841
AZ01,18,Chip 1,CSCF PL,0,8,#02675F,1,1,18,18 - AZ01 - 18,841,495 de 841
AZ01,18,Chip 1,CSCF PL,0,8,#02675F,1,1,18,18 - AZ01 - 18,841,496 de 841
AZ01,18,Chip 1,CSCF PL,0,8,#02675F,1,1,18,18 - AZ01 - 18,841,497 de 841
AZ01,18,Chip 1,CSCF PL,0,8,#02675F,1,1,18,18 - AZ01 - 18,841,498 de 841
AZ01,18,Chip 1,CSCF PL,0,8,#02675F,1,1,18,18 - AZ01 - 18,841,499 de 841
AZ01,18,Chip 1,CSCF PL,0,8,#02675F,1,1,18,18 - AZ01 - 18,841,500 de 841
AZ01,18,Chip 1,CSCF PL,0,8,#02675F,1,1,18,18 - AZ01 - 18,841,501 de 841
AZ01,18,Chip 1,CSCF PL,0,8,#02675F,1,1,18,18 - AZ01 - 18,841,502 de 841
AZ01,18,Chip 1,CSCF PL,0,8,#02675F,1,1,18,18 - AZ01 - 18,841,503 de 841
AZ01,18,Chip 1,CSCF PL,0,8,#02675F,1,1,18,18 - AZ01 - 18,841,504 de 841
AZ01,18,Chip 1,CSCF PL,0,8,#02675F,1,1,18,18 - AZ01 - 18,841,505 de 841
AZ01,18,Chip 1,CSCF PL,0,8,#02675F,1,1,18,18 - AZ01 - 18,841,506 de 841
AZ01,18,Chip 1,CSCF PL,0,8,#02675F,1,1,18,18 - AZ01 - 18,841,507 de 841
AZ01,18,Chip 1,CSCF PL,0,8,#02675F,1,1,18,18 - AZ01 - 18,841,508 de 841
AZ01,18,Chip 1,CSCF PL,0,8,#02675F,1,1,18,18 - AZ01 - 18,841,509 de 841
AZ01,18,Chip 1,CSCF PL,0,8,#02675F,1,1,18,18 - AZ01 - 18,841,510 de 841
AZ01,18,Chip 1,CSCF PL,0,8,#02675F,1,1,18,18 - AZ01 - 18,841,511 de 841
AZ01,18,Chip 1,CSCF PL,0,8,#02675F,1,1,18,18 - AZ01 - 18,841,512 de 841
AZ01,18,Chip 1,CSCF PL,0,8,#02675F,1,1,18,18 - AZ01 - 18,841,513 de 841
AZ01,18,Chip 1,CSCF PL,0,8,#02675F,1,1,18,18 - AZ01 - 18,841,514 de 841
AZ01,18,Chip 1,CSCF PL,0,8,#02675F,1,1,18,18 - AZ01 - 18,841,515 de 841
AZ01,18,Chip 1,CSCF PL,0,8,#02675F,1,1,18,18 - AZ01 - 18,841,516 de 841
AZ01,18,Chip 1,CSCF PL,0,8,#02675F,1,1,18,18 - AZ01 - 18,841,517 de 841
AZ01,18,Chip 1,CSCF PL,0,8,#02675F,1,1,18,18 - AZ01 - 18,841,518 de 841
AZ01,18,Chip 1,CSCF PL,0,8,#02675F,1,1,18,18 - AZ01 - 18,841,519 de 841
AZ01,18,Chip 1,CSCF PL,0,8,#02675F,1,1,18,18 - AZ01 - 18,841,520 de 841
AZ01,18,Chip 1,CSCF PL,0,8,#02675F,1,1,18,18 - AZ01 - 18,841,521 de 841
AZ01,18,Chip 1,CSCF PL,0,8,#02675F,1,1,18,18 - AZ01 - 18,841,522 de 841
AZ01,18,Chip 1,MTAS-1 PL,8,8,#F7C7AC,1,1,18,18 - AZ01 - 18,169,79 de 169
AZ01,18,Chip 1,MTAS-1 PL,8,8,#F7C7AC,1,1,18,18 - AZ01 - 18,169,80 de 169
AZ01,18,Chip 1,MTAS-1 PL,8,8,#F7C7AC,1,1,18,18 - AZ01 - 18,169,81 de 169
AZ01,18,Chip 1,MTAS-1 PL,8,8,#F7C7AC,1,1,18,18 - AZ01 - 18,169,82 de 169
AZ01,18,Chip 1,MTAS-1 PL,8,8,#F7C7AC,1,1,18,18 - AZ01 - 18,169,83 de 169
AZ01,18,Chip 1,MTAS-1 PL,8,8,#F7C7AC,1,1,18,18 - AZ01 - 18,169,84 de 169
AZ01,18,Chip 1,MTAS-1 PL,8,8,#F7C7AC,1,1,18,18 - AZ01 - 18,169,85 de 169
AZ01,18,Chip 1,MTAS-1 PL,8,8,#F7C7AC,1,1,18,18 - AZ01 - 18,169,86 de 169
AZ01,18,Chip 1,MTAS-1 PL,8,8,#F7C7AC,1,1,18,18 - AZ01 - 18,169,87 de 169
AZ01,18,Chip 1,MTAS-1 PL,8,8,#F7C7AC,1,1,18,18 - AZ01 - 18,169,88 de 169
AZ01,18,Chip 1,MTAS-1 PL,8,8,#F7C7AC,1,1,18,18 - AZ01 - 18,169,89 de 169
AZ01,18,Chip 1,MTAS-1 PL,8,8,#F7C7AC,1,1,18,18 - AZ01 - 18,169,90 de 169
AZ01,18,Chip 1,MTAS-1 PL,8,8,#F7C7AC,1,1,18,18 - AZ01 - 18,169,91 de 169
AZ01,18,Chip 1,INFRA,17,3,#000000,0,1,18,18 - AZ01 - 18,0,
AZ01,18,Chip 2,SBG PL,20,10,#00A6A6,1,1,18,18 - AZ01 - 18,196,99 de 196
AZ01,18,Chip 2,SBG PL,20,10,#00A6A6,1,1,18,18 - AZ01 - 18,196,100 de 196
AZ01,18,Chip 2,SBG PL,20,10,#00A6A6,1,1,18,18 - AZ01 - 18,196,101 de 196
AZ01,18,Chip 2,SBG PL,20,10,#00A6A6,1,1,18,18 - AZ01 - 18,196,102 de 196
AZ01,18,Chip 2,SBG PL,20,10,#00A6A6,1,1,18,18 - AZ01 - 18,196,103 de 196
AZ01,18,Chip 2,SBG PL,20,10,#00A6A6,1,1,18,18 - AZ01 - 18,196,104 de 196
AZ01,18,Chip 2,SBG PL,20,10,#00A6A6,1,1,18,18 - AZ01 - 18,196,105 de 196
AZ01,18,Chip 2,SBG PL,20,10,#00A6A6,1,1,18,18 - AZ01 - 18,196,106 de 196
AZ01,18,Chip 2,SBG PL,20,10,#00A6A6,1,1,18,18 - AZ01 - 18,196,107 de 196
AZ01,18,Chip 2,SBG PL,20,10,#00A6A6,1,1,18,18 - AZ01 - 18,196,108 de 196
AZ01,18,Chip 2,SBG PL,20,10,#00A6A6,1,1,18,18 - AZ01 - 18,196,109 de 196
AZ01,18,Chip 2,SBG PL,20,10,#00A6A6,1,1,18,18 - AZ01 - 18,196,110 de 196
AZ01,18,Chip 2,SBG PL,20,10,#00A6A6,1,1,18,18 - AZ01 - 18,196,111 de 196
AZ01,18,Chip 2,SBG PL,20,10,#00A6A6,1,1,18,18 - AZ01 - 18,196,112 de 196
AZ01,18,Chip 2,PDRA PL,30,6,#FF7300,1,2,18,18 - AZ01 - 18,144,49 de 144
AZ01,18,Chip 2,PDRA PL,30,6,#FF7300,1,2,18,18 - AZ01 - 18,144,50 de 144
AZ01,18,Chip 2,PDRA PL,30,6,#FF7300,1,2,18,18 - AZ01 - 18,144,51 de 144
AZ01,18,Chip 2,PDRA PL,30,6,#FF7300,1,2,18,18 - AZ01 - 18,144,52 de 144
AZ01,18,Chip 2,PDRA PL,30,6,#FF7300,1,2,18,18 - AZ01 - 18,144,53 de 144
AZ01,18,Chip 2,PDRA PL,30,6,#FF7300,1,2,18,18 - AZ01 - 18,144,54 de 144
AZ01,18,Chip 2,PDRA PL,30,6,#FF7300,1,2,18,18 - AZ01 - 18,144,55 de 144
AZ01,18,Chip 2,PDRA PL,30,6,#FF7300,1,2,18,18 - AZ01 - 18,144,56 de 144
AZ01,18,Chip 2,PDRA PL,30,6,#FF7300,1,2,18,18 - AZ01 - 18,144,57 de 144
AZ01,18,Chip 2,PDRA PL,30,6,#FF7300,1,2,18,18 - AZ01 - 18,144,58 de 144
AZ01,18,Chip 2,PDRA PL,30,6,#FF7300,1,2,18,18 - AZ01 - 18,144,59 de 144
AZ01,18,Chip 2,PDRA PL,30,6,#FF7300,1,2,18,18 - AZ01 - 18,144,60 de 144
AZ01,18,Chip 2,INFRA,37,3,#000000,0,1,18,18 - AZ01 - 18,0,
AZ01,19,Chip 1,CSCF PL,0,8,#02675F,1,1,19,19 - AZ01 - 19,841,523 de 841
AZ01,19,Chip 1,CSCF PL,0,8,#02675F,1,1,19,19 - AZ01 - 19,841,524 de 841
AZ01,19,Chip 1,CSCF PL,0,8,#02675F,1,1,19,19 - AZ01 - 19,841,525 de 841
AZ01,19,Chip 1,CSCF PL,0,8,#02675F,1,1,19,19 - AZ01 - 19,841,526 de 841
AZ01,19,Chip 1,CSCF PL,0,8,#02675F,1,1,19,19 - AZ01 - 19,841,527 de 841
AZ01,19,Chip 1,CSCF PL,0,8,#02675F,1,1,19,19 - AZ01 - 19,841,528 de 841
AZ01,19,Chip 1,CSCF PL,0,8,#02675F,1,1,19,19 - AZ01 - 19,841,529 de 841
AZ01,19,Chip 1,CSCF PL,0,8,#02675F,1,1,19,19 - AZ01 - 19,841,530 de 841
AZ01,19,Chip 1,CSCF PL,0,8,#02675F,1,1,19,19 - AZ01 - 19,841,531 de 841
AZ01,19,Chip 1,CSCF PL,0,8,#02675F,1,1,19,19 - AZ01 - 19,841,532 de 841
AZ01,19,Chip 1,CSCF PL,0,8,#02675F,1,1,19,19 - AZ01 - 19,841,533 de 841
AZ01,19,Chip 1,CSCF PL,0,8,#02675F,1,1,19,19 - AZ01 - 19,841,534 de 841
AZ01,19,Chip 1,CSCF PL,0,8,#02675F,1,1,19,19 - AZ01 - 19,841,535 de 841
AZ01,19,Chip 1,CSCF PL,0,8,#02675F,1,1,19,19 - AZ01 - 19,841,536 de 841
AZ01,19,Chip 1,CSCF PL,0,8,#02675F,1,1,19,19 - AZ01 - 19,841,537 de 841
AZ01,19,Chip 1,CSCF PL,0,8,#02675F,1,1,19,19 - AZ01 - 19,841,538 de 841
AZ01,19,Chip 1,CSCF PL,0,8,#02675F,1,1,19,19 - AZ01 - 19,841,539 de 841
AZ01,19,Chip 1,CSCF PL,0,8,#02675F,1,1,19,19 - AZ01 - 19,841,540 de 841
AZ01,19,Chip 1,CSCF PL,0,8,#02675F,1,1,19,19 - AZ01 - 19,841,541 de 841
AZ01,19,Chip 1,CSCF PL,0,8,#02675F,1,1,19,19 - AZ01 - 19,841,542 de 841
AZ01,19,Chip 1,CSCF PL,0,8,#02675F,1,1,19,19 - AZ01 - 19,841,543 de 841
AZ01,19,Chip 1,CSCF PL,0,8,#02675F,1,1,19,19 - AZ01 - 19,841,544 de 841
AZ01,19,Chip 1,CSCF PL,0,8,#02675F,1,1,19,19 - AZ01 - 19,841,545 de 841
AZ01,19,Chip 1,CSCF PL,0,8,#02675F,1,1,19,19 - AZ01 - 19,841,546 de 841
AZ01,19,Chip 1,CSCF PL,0,8,#02675F,1,1,19,19 - AZ01 - 19,841,547 de 841
AZ01,19,Chip 1,CSCF PL,0,8,#02675F,1,1,19,19 - AZ01 - 19,841,548 de 841
AZ01,19,Chip 1,CSCF PL,0,8,#02675F,1,1,19,19 - AZ01 - 19,841,549 de 841
AZ01,19,Chip 1,CSCF PL,0,8,#02675F,1,1,19,19 - AZ01 - 19,841,550 de 841
AZ01,19,Chip 1,CSCF PL,0,8,#02675F,1,1,19,19 - AZ01 - 19,841,551 de 841
AZ01,19,Chip 1,MTAS-1 PL,8,8,#F7C7AC,1,1,19,19 - AZ01 - 19,169,92 de 169
AZ01,19,Chip 1,MTAS-1 PL,8,8,#F7C7AC,1,1,19,19 - AZ01 - 19,169,93 de 169
AZ01,19,Chip 1,MTAS-1 PL,8,8,#F7C7AC,1,1,19,19 - AZ01 - 19,169,94 de 169
AZ01,19,Chip 1,MTAS-1 PL,8,8,#F7C7AC,1,1,19,19 - AZ01 - 19,169,95 de 169
AZ01,19,Chip 1,MTAS-1 PL,8,8,#F7C7AC,1,1,19,19 - AZ01 - 19,169,96 de 169
AZ01,19,Chip 1,MTAS-1 PL,8,8,#F7C7AC,1,1,19,19 - AZ01 - 19,169,97 de 169
AZ01,19,Chip 1,MTAS-1 PL,8,8,#F7C7AC,1,1,19,19 - AZ01 - 19,169,98 de 169
AZ01,19,Chip 1,MTAS-1 PL,8,8,#F7C7AC,1,1,19,19 - AZ01 - 19,169,99 de 169
AZ01,19,Chip 1,MTAS-1 PL,8,8,#F7C7AC,1,1,19,19 - AZ01 - 19,169,100 de 169
AZ01,19,Chip 1,MTAS-1 PL,8,8,#F7C7AC,1,1,19,19 - AZ01 - 19,169,101 de 169
AZ01,19,Chip 1,MTAS-1 PL,8,8,#F7C7AC,1,1,19,19 - AZ01 - 19,169,102 de 169
AZ01,19,Chip 1,MTAS-1 PL,8,8,#F7C7AC,1,1,19,19 - AZ01 - 19,169,103 de 169
AZ01,19,Chip 1,MTAS-1 PL,8,8,#F7C7AC,1,1,19,19 - AZ01 - 19,169,104 de 169
AZ01,19,Chip 1,INFRA,17,3,#000000,0,1,19,19 - AZ01 - 19,0,
AZ01,19,Chip 2,SBG PL,20,10,#00A6A6,1,1,19,19 - AZ01 - 19,196,113 de 196
AZ01,19,Chip 2,SBG PL,20,10,#00A6A6,1,1,19,19 - AZ01 - 19,196,114 de 196
AZ01,19,Chip 2,SBG PL,20,10,#00A6A6,1,1,19,19 - AZ01 - 19,196,115 de 196
AZ01,19,Chip 2,SBG PL,20,10,#00A6A6,1,1,19,19 - AZ01 - 19,196,116 de 196
AZ01,19,Chip 2,SBG PL,20,10,#00A6A6,1,1,19,19 - AZ01 - 19,196,117 de 196
AZ01,19,Chip 2,SBG PL,20,10,#00A6A6,1,1,19,19 - AZ01 - 19,196,118 de 196
AZ01,19,Chip 2,SBG PL,20,10,#00A6A6,1,1,19,19 - AZ01 - 19,196,119 de 196
AZ01,19,Chip 2,SBG PL,20,10,#00A6A6,1,1,19,19 - AZ01 - 19,196,120 de 196
AZ01,19,Chip 2,SBG PL,20,10,#00A6A6,1,1,19,19 - AZ01 - 19,196,121 de 196
AZ01,19,Chip 2,SBG PL,20,10,#00A6A6,1,1,19,19 - AZ01 - 19,196,122 de 196
AZ01,19,Chip 2,SBG PL,20,10,#00A6A6,1,1,19,19 - AZ01 - 19,196,123 de 196
AZ01,19,Chip 2,SBG PL,20,10,#00A6A6,1,1,19,19 - AZ01 - 19,196,124 de 196
AZ01,19,Chip 2,SBG PL,20,10,#00A6A6,1,1,19,19 - AZ01 - 19,196,125 de 196
AZ01,19,Chip 2,SBG PL,20,10,#00A6A6,1,1,19,19 - AZ01 - 19,196,126 de 196
AZ01,19,Chip 2,PDRA PL,30,6,#FF7300,1,2,19,19 - AZ01 - 19,144,61 de 144
AZ01,19,Chip 2,PDRA PL,30,6,#FF7300,1,2,19,19 - AZ01 - 19,144,62 de 144
AZ01,19,Chip 2,PDRA PL,30,6,#FF7300,1,2,19,19 - AZ01 - 19,144,63 de 144
AZ01,19,Chip 2,PDRA PL,30,6,#FF7300,1,2,19,19 - AZ01 - 19,144,64 de 144
AZ01,19,Chip 2,PDRA PL,30,6,#FF7300,1,2,19,19 - AZ01 - 19,144,65 de 144
AZ01,19,Chip 2,PDRA PL,30,6,#FF7300,1,2,19,19 - AZ01 - 19,144,66 de 144
AZ01,19,Chip 2,PDRA PL,30,6,#FF7300,1,2,19,19 - AZ01 - 19,144,67 de 144
AZ01,19,Chip 2,PDRA PL,30,6,#FF7300,1,2,19,19 - AZ01 - 19,144,68 de 144
AZ01,19,Chip 2,PDRA PL,30,6,#FF7300,1,2,19,19 - AZ01 - 19,144,69 de 144
AZ01,19,Chip 2,PDRA PL,30,6,#FF7300,1,2,19,19 - AZ01 - 19,144,70 de 144
AZ01,19,Chip 2,PDRA PL,30,6,#FF7300,1,2,19,19 - AZ01 - 19,144,71 de 144
AZ01,19,Chip 2,PDRA PL,30,6,#FF7300,1,2,19,19 - AZ01 - 19,144,72 de 144
AZ01,19,Chip 2,INFRA,37,3,#000000,0,1,19,19 - AZ01 - 19,0,
AZ01,20,Chip 1,CSCF PL,0,8,#02675F,1,1,20,20 - AZ01 - 20,841,552 de 841
AZ01,20,Chip 1,CSCF PL,0,8,#02675F,1,1,20,20 - AZ01 - 20,841,553 de 841
AZ01,20,Chip 1,CSCF PL,0,8,#02675F,1,1,20,20 - AZ01 - 20,841,554 de 841
AZ01,20,Chip 1,CSCF PL,0,8,#02675F,1,1,20,20 - AZ01 - 20,841,555 de 841
AZ01,20,Chip 1,CSCF PL,0,8,#02675F,1,1,20,20 - AZ01 - 20,841,556 de 841
AZ01,20,Chip 1,CSCF PL,0,8,#02675F,1,1,20,20 - AZ01 - 20,841,557 de 841
AZ01,20,Chip 1,CSCF PL,0,8,#02675F,1,1,20,20 - AZ01 - 20,841,558 de 841
AZ01,20,Chip 1,CSCF PL,0,8,#02675F,1,1,20,20 - AZ01 - 20,841,559 de 841
AZ01,20,Chip 1,CSCF PL,0,8,#02675F,1,1,20,20 - AZ01 - 20,841,560 de 841
AZ01,20,Chip 1,CSCF PL,0,8,#02675F,1,1,20,20 - AZ01 - 20,841,561 de 841
AZ01,20,Chip 1,CSCF PL,0,8,#02675F,1,1,20,20 - AZ01 - 20,841,562 de 841
AZ01,20,Chip 1,CSCF PL,0,8,#02675F,1,1,20,20 - AZ01 - 20,841,563 de 841
AZ01,20,Chip 1,CSCF PL,0,8,#02675F,1,1,20,20 - AZ01 - 20,841,564 de 841
AZ01,20,Chip 1,CSCF PL,0,8,#02675F,1,1,20,20 - AZ01 - 20,841,565 de 841
AZ01,20,Chip 1,CSCF PL,0,8,#02675F,1,1,20,20 - AZ01 - 20,841,566 de 841
AZ01,20,Chip 1,CSCF PL,0,8,#02675F,1,1,20,20 - AZ01 - 20,841,567 de 841
AZ01,20,Chip 1,CSCF PL,0,8,#02675F,1,1,20,20 - AZ01 - 20,841,568 de 841
AZ01,20,Chip 1,CSCF PL,0,8,#02675F,1,1,20,20 - AZ01 - 20,841,569 de 841
AZ01,20,Chip 1,CSCF PL,0,8,#02675F,1,1,20,20 - AZ01 - 20,841,570 de 841
AZ01,20,Chip 1,CSCF PL,0,8,#02675F,1,1,20,20 - AZ01 - 20,841,571 de 841
AZ01,20,Chip 1,CSCF PL,0,8,#02675F,1,1,20,20 - AZ01 - 20,841,572 de 841
AZ01,20,Chip 1,CSCF PL,0,8,#02675F,1,1,20,20 - AZ01 - 20,841,573 de 841
AZ01,20,Chip 1,CSCF PL,0,8,#02675F,1,1,20,20 - AZ01 - 20,841,574 de 841
AZ01,20,Chip 1,CSCF PL,0,8,#02675F,1,1,20,20 - AZ01 - 20,841,575 de 841
AZ01,20,Chip 1,CSCF PL,0,8,#02675F,1,1,20,20 - AZ01 - 20,841,576 de 841
AZ01,20,Chip 1,CSCF PL,0,8,#02675F,1,1,20,20 - AZ01 - 20,841,577 de 841
AZ01,20,Chip 1,CSCF PL,0,8,#02675F,1,1,20,20 - AZ01 - 20,841,578 de 841
AZ01,20,Chip 1,CSCF PL,0,8,#02675F,1,1,20,20 - AZ01 - 20,841,579 de 841
AZ01,20,Chip 1,CSCF PL,0,8,#02675F,1,1,20,20 - AZ01 - 20,841,580 de 841
AZ01,20,Chip 1,MTAS-1 PL,8,8,#F7C7AC,1,1,20,20 - AZ01 - 20,169,105 de 169
AZ01,20,Chip 1,MTAS-1 PL,8,8,#F7C7AC,1,1,20,20 - AZ01 - 20,169,106 de 169
AZ01,20,Chip 1,MTAS-1 PL,8,8,#F7C7AC,1,1,20,20 - AZ01 - 20,169,107 de 169
AZ01,20,Chip 1,MTAS-1 PL,8,8,#F7C7AC,1,1,20,20 - AZ01 - 20,169,108 de 169
AZ01,20,Chip 1,MTAS-1 PL,8,8,#F7C7AC,1,1,20,20 - AZ01 - 20,169,109 de 169
AZ01,20,Chip 1,MTAS-1 PL,8,8,#F7C7AC,1,1,20,20 - AZ01 - 20,169,110 de 169
AZ01,20,Chip 1,MTAS-1 PL,8,8,#F7C7AC,1,1,20,20 - AZ01 - 20,169,111 de 169
AZ01,20,Chip 1,MTAS-1 PL,8,8,#F7C7AC,1,1,20,20 - AZ01 - 20,169,112 de 169
AZ01,20,Chip 1,MTAS-1 PL,8,8,#F7C7AC,1,1,20,20 - AZ01 - 20,169,113 de 169
AZ01,20,Chip 1,MTAS-1 PL,8,8,#F7C7AC,1,1,20,20 - AZ01 - 20,169,114 de 169
AZ01,20,Chip 1,MTAS-1 PL,8,8,#F7C7AC,1,1,20,20 - AZ01 - 20,169,115 de 169
AZ01,20,Chip 1,MTAS-1 PL,8,8,#F7C7AC,1,1,20,20 - AZ01 - 20,169,116 de 169
AZ01,20,Chip 1,MTAS-1 PL,8,8,#F7C7AC,1,1,20,20 - AZ01 - 20,169,117 de 169
AZ01,20,Chip 1,INFRA,17,3,#000000,0,1,20,20 - AZ01 - 20,0,
AZ01,20,Chip 2,SBG PL,20,10,#00A6A6,1,1,20,20 - AZ01 - 20,196,127 de 196
AZ01,20,Chip 2,SBG PL,20,10,#00A6A6,1,1,20,20 - AZ01 - 20,196,128 de 196
AZ01,20,Chip 2,SBG PL,20,10,#00A6A6,1,1,20,20 - AZ01 - 20,196,129 de 196
AZ01,20,Chip 2,SBG PL,20,10,#00A6A6,1,1,20,20 - AZ01 - 20,196,130 de 196
AZ01,20,Chip 2,SBG PL,20,10,#00A6A6,1,1,20,20 - AZ01 - 20,196,131 de 196
AZ01,20,Chip 2,SBG PL,20,10,#00A6A6,1,1,20,20 - AZ01 - 20,196,132 de 196
AZ01,20,Chip 2,SBG PL,20,10,#00A6A6,1,1,20,20 - AZ01 - 20,196,133 de 196
AZ01,20,Chip 2,SBG PL,20,10,#00A6A6,1,1,20,20 - AZ01 - 20,196,134 de 196
AZ01,20,Chip 2,SBG PL,20,10,#00A6A6,1,1,20,20 - AZ01 - 20,196,135 de 196
AZ01,20,Chip 2,SBG PL,20,10,#00A6A6,1,1,20,20 - AZ01 - 20,196,136 de 196
AZ01,20,Chip 2,SBG PL,20,10,#00A6A6,1,1,20,20 - AZ01 - 20,196,137 de 196
AZ01,20,Chip 2,SBG PL,20,10,#00A6A6,1,1,20,20 - AZ01 - 20,196,138 de 196
AZ01,20,Chip 2,SBG PL,20,10,#00A6A6,1,1,20,20 - AZ01 - 20,196,139 de 196
AZ01,20,Chip 2,SBG PL,20,10,#00A6A6,1,1,20,20 - AZ01 - 20,196,140 de 196
AZ01,20,Chip 2,PDRA PL,30,6,#FF7300,1,2,20,20 - AZ01 - 20,144,73 de 144
AZ01,20,Chip 2,PDRA PL,30,6,#FF7300,1,2,20,20 - AZ01 - 20,144,74 de 144
AZ01,20,Chip 2,PDRA PL,30,6,#FF7300,1,2,20,20 - AZ01 - 20,144,75 de 144
AZ01,20,Chip 2,PDRA PL,30,6,#FF7300,1,2,20,20 - AZ01 - 20,144,76 de 144
AZ01,20,Chip 2,PDRA PL,30,6,#FF7300,1,2,20,20 - AZ01 - 20,144,77 de 144
AZ01,20,Chip 2,PDRA PL,30,6,#FF7300,1,2,20,20 - AZ01 - 20,144,78 de 144
AZ01,20,Chip 2,PDRA PL,30,6,#FF7300,1,2,20,20 - AZ01 - 20,144,79 de 144
AZ01,20,Chip 2,PDRA PL,30,6,#FF7300,1,2,20,20 - AZ01 - 20,144,80 de 144
AZ01,20,Chip 2,PDRA PL,30,6,#FF7300,1,2,20,20 - AZ01 - 20,144,81 de 144
AZ01,20,Chip 2,PDRA PL,30,6,#FF7300,1,2,20,20 - AZ01 - 20,144,82 de 144
AZ01,20,Chip 2,PDRA PL,30,6,#FF7300,1,2,20,20 - AZ01 - 20,144,83 de 144
AZ01,20,Chip 2,PDRA PL,30,6,#FF7300,1,2,20,20 - AZ01 - 20,144,84 de 144
AZ01,20,Chip 2,INFRA,37,3,#000000,0,1,20,20 - AZ01 - 20,0,
AZ01,21,Chip 1,CSCF PL,0,8,#02675F,1,1,21,21 - AZ01 - 21,841,581 de 841
AZ01,21,Chip 1,CSCF PL,0,8,#02675F,1,1,21,21 - AZ01 - 21,841,582 de 841
AZ01,21,Chip 1,CSCF PL,0,8,#02675F,1,1,21,21 - AZ01 - 21,841,583 de 841
AZ01,21,Chip 1,CSCF PL,0,8,#02675F,1,1,21,21 - AZ01 - 21,841,584 de 841
AZ01,21,Chip 1,CSCF PL,0,8,#02675F,1,1,21,21 - AZ01 - 21,841,585 de 841
AZ01,21,Chip 1,CSCF PL,0,8,#02675F,1,1,21,21 - AZ01 - 21,841,586 de 841
AZ01,21,Chip 1,CSCF PL,0,8,#02675F,1,1,21,21 - AZ01 - 21,841,587 de 841
AZ01,21,Chip 1,CSCF PL,0,8,#02675F,1,1,21,21 - AZ01 - 21,841,588 de 841
AZ01,21,Chip 1,CSCF PL,0,8,#02675F,1,1,21,21 - AZ01 - 21,841,589 de 841
AZ01,21,Chip 1,CSCF PL,0,8,#02675F,1,1,21,21 - AZ01 - 21,841,590 de 841
AZ01,21,Chip 1,CSCF PL,0,8,#02675F,1,1,21,21 - AZ01 - 21,841,591 de 841
AZ01,21,Chip 1,CSCF PL,0,8,#02675F,1,1,21,21 - AZ01 - 21,841,592 de 841
AZ01,21,Chip 1,CSCF PL,0,8,#02675F,1,1,21,21 - AZ01 - 21,841,593 de 841
AZ01,21,Chip 1,CSCF PL,0,8,#02675F,1,1,21,21 - AZ01 - 21,841,594 de 841
AZ01,21,Chip 1,CSCF PL,0,8,#02675F,1,1,21,21 - AZ01 - 21,841,595 de 841
AZ01,21,Chip 1,CSCF PL,0,8,#02675F,1,1,21,21 - AZ01 - 21,841,596 de 841
AZ01,21,Chip 1,CSCF PL,0,8,#02675F,1,1,21,21 - AZ01 - 21,841,597 de 841
AZ01,21,Chip 1,CSCF PL,0,8,#02675F,1,1,21,21 - AZ01 - 21,841,598 de 841
AZ01,21,Chip 1,CSCF PL,0,8,#02675F,1,1,21,21 - AZ01 - 21,841,599 de 841
AZ01,21,Chip 1,CSCF PL,0,8,#02675F,1,1,21,21 - AZ01 - 21,841,600 de 841
AZ01,21,Chip 1,CSCF PL,0,8,#02675F,1,1,21,21 - AZ01 - 21,841,601 de 841
AZ01,21,Chip 1,CSCF PL,0,8,#02675F,1,1,21,21 - AZ01 - 21,841,602 de 841
AZ01,21,Chip 1,CSCF PL,0,8,#02675F,1,1,21,21 - AZ01 - 21,841,603 de 841
AZ01,21,Chip 1,CSCF PL,0,8,#02675F,1,1,21,21 - AZ01 - 21,841,604 de 841
AZ01,21,Chip 1,CSCF PL,0,8,#02675F,1,1,21,21 - AZ01 - 21,841,605 de 841
AZ01,21,Chip 1,CSCF PL,0,8,#02675F,1,1,21,21 - AZ01 - 21,841,606 de 841
AZ01,21,Chip 1,CSCF PL,0,8,#02675F,1,1,21,21 - AZ01 - 21,841,607 de 841
AZ01,21,Chip 1,CSCF PL,0,8,#02675F,1,1,21,21 - AZ01 - 21,841,608 de 841
AZ01,21,Chip 1,CSCF PL,0,8,#02675F,1,1,21,21 - AZ01 - 21,841,609 de 841
AZ01,21,Chip 1,MTAS-1 PL,8,8,#F7C7AC,1,1,21,21 - AZ01 - 21,169,118 de 169
AZ01,21,Chip 1,MTAS-1 PL,8,8,#F7C7AC,1,1,21,21 - AZ01 - 21,169,119 de 169
AZ01,21,Chip 1,MTAS-1 PL,8,8,#F7C7AC,1,1,21,21 - AZ01 - 21,169,120 de 169
AZ01,21,Chip 1,MTAS-1 PL,8,8,#F7C7AC,1,1,21,21 - AZ01 - 21,169,121 de 169
AZ01,21,Chip 1,MTAS-1 PL,8,8,#F7C7AC,1,1,21,21 - AZ01 - 21,169,122 de 169
AZ01,21,Chip 1,MTAS-1 PL,8,8,#F7C7AC,1,1,21,21 - AZ01 - 21,169,123 de 169
AZ01,21,Chip 1,MTAS-1 PL,8,8,#F7C7AC,1,1,21,21 - AZ01 - 21,169,124 de 169
AZ01,21,Chip 1,MTAS-1 PL,8,8,#F7C7AC,1,1,21,21 - AZ01 - 21,169,125 de 169
AZ01,21,Chip 1,MTAS-1 PL,8,8,#F7C7AC,1,1,21,21 - AZ01 - 21,169,126 de 169
AZ01,21,Chip 1,MTAS-1 PL,8,8,#F7C7AC,1,1,21,21 - AZ01 - 21,169,127 de 169
AZ01,21,Chip 1,MTAS-1 PL,8,8,#F7C7AC,1,1,21,21 - AZ01 - 21,169,128 de 169
AZ01,21,Chip 1,MTAS-1 PL,8,8,#F7C7AC,1,1,21,21 - AZ01 - 21,169,129 de 169
AZ01,21,Chip 1,MTAS-1 PL,8,8,#F7C7AC,1,1,21,21 - AZ01 - 21,169,130 de 169
AZ01,21,Chip 1,INFRA,17,3,#000000,0,1,21,21 - AZ01 - 21,0,
AZ01,21,Chip 2,SBG PL,20,10,#00A6A6,1,1,21,21 - AZ01 - 21,196,141 de 196
AZ01,21,Chip 2,SBG PL,20,10,#00A6A6,1,1,21,21 - AZ01 - 21,196,142 de 196
AZ01,21,Chip 2,SBG PL,20,10,#00A6A6,1,1,21,21 - AZ01 - 21,196,143 de 196
AZ01,21,Chip 2,SBG PL,20,10,#00A6A6,1,1,21,21 - AZ01 - 21,196,144 de 196
AZ01,21,Chip 2,SBG PL,20,10,#00A6A6,1,1,21,21 - AZ01 - 21,196,145 de 196
AZ01,21,Chip 2,SBG PL,20,10,#00A6A6,1,1,21,21 - AZ01 - 21,196,146 de 196
AZ01,21,Chip 2,SBG PL,20,10,#00A6A6,1,1,21,21 - AZ01 - 21,196,147 de 196
AZ01,21,Chip 2,SBG PL,20,10,#00A6A6,1,1,21,21 - AZ01 - 21,196,148 de 196
AZ01,21,Chip 2,SBG PL,20,10,#00A6A6,1,1,21,21 - AZ01 - 21,196,149 de 196
AZ01,21,Chip 2,SBG PL,20,10,#00A6A6,1,1,21,21 - AZ01 - 21,196,150 de 196
AZ01,21,Chip 2,SBG PL,20,10,#00A6A6,1,1,21,21 - AZ01 - 21,196,151 de 196
AZ01,21,Chip 2,SBG PL,20,10,#00A6A6,1,1,21,21 - AZ01 - 21,196,152 de 196
AZ01,21,Chip 2,SBG PL,20,10,#00A6A6,1,1,21,21 - AZ01 - 21,196,153 de 196
AZ01,21,Chip 2,SBG PL,20,10,#00A6A6,1,1,21,21 - AZ01 - 21,196,154 de 196
AZ01,21,Chip 2,PDRA PL,30,6,#FF7300,1,2,21,21 - AZ01 - 21,144,85 de 144
AZ01,21,Chip 2,PDRA PL,30,6,#FF7300,1,2,21,21 - AZ01 - 21,144,86 de 144
AZ01,21,Chip 2,PDRA PL,30,6,#FF7300,1,2,21,21 - AZ01 - 21,144,87 de 144
AZ01,21,Chip 2,PDRA PL,30,6,#FF7300,1,2,21,21 - AZ01 - 21,144,88 de 144
AZ01,21,Chip 2,PDRA PL,30,6,#FF7300,1,2,21,21 - AZ01 - 21,144,89 de 144
AZ01,21,Chip 2,PDRA PL,30,6,#FF7300,1,2,21,21 - AZ01 - 21,144,90 de 144
AZ01,21,Chip 2,PDRA PL,30,6,#FF7300,1,2,21,21 - AZ01 - 21,144,91 de 144
AZ01,21,Chip 2,PDRA PL,30,6,#FF7300,1,2,21,21 - AZ01 - 21,144,92 de 144
AZ01,21,Chip 2,PDRA PL,30,6,#FF7300,1,2,21,21 - AZ01 - 21,144,93 de 144
AZ01,21,Chip 2,PDRA PL,30,6,#FF7300,1,2,21,21 - AZ01 - 21,144,94 de 144
AZ01,21,Chip 2,PDRA PL,30,6,#FF7300,1,2,21,21 - AZ01 - 21,144,95 de 144
AZ01,21,Chip 2,PDRA PL,30,6,#FF7300,1,2,21,21 - AZ01 - 21,144,96 de 144
AZ01,21,Chip 2,INFRA,37,3,#000000,0,1,21,21 - AZ01 - 21,0,
AZ01,22,Chip 1,CSCF PL,0,8,#02675F,1,1,22,22 - AZ01 - 22,841,610 de 841
AZ01,22,Chip 1,CSCF PL,0,8,#02675F,1,1,22,22 - AZ01 - 22,841,611 de 841
AZ01,22,Chip 1,CSCF PL,0,8,#02675F,1,1,22,22 - AZ01 - 22,841,612 de 841
AZ01,22,Chip 1,CSCF PL,0,8,#02675F,1,1,22,22 - AZ01 - 22,841,613 de 841
AZ01,22,Chip 1,CSCF PL,0,8,#02675F,1,1,22,22 - AZ01 - 22,841,614 de 841
AZ01,22,Chip 1,CSCF PL,0,8,#02675F,1,1,22,22 - AZ01 - 22,841,615 de 841
AZ01,22,Chip 1,CSCF PL,0,8,#02675F,1,1,22,22 - AZ01 - 22,841,616 de 841
AZ01,22,Chip 1,CSCF PL,0,8,#02675F,1,1,22,22 - AZ01 - 22,841,617 de 841
AZ01,22,Chip 1,CSCF PL,0,8,#02675F,1,1,22,22 - AZ01 - 22,841,618 de 841
AZ01,22,Chip 1,CSCF PL,0,8,#02675F,1,1,22,22 - AZ01 - 22,841,619 de 841
AZ01,22,Chip 1,CSCF PL,0,8,#02675F,1,1,22,22 - AZ01 - 22,841,620 de 841
AZ01,22,Chip 1,CSCF PL,0,8,#02675F,1,1,22,22 - AZ01 - 22,841,621 de 841
AZ01,22,Chip 1,CSCF PL,0,8,#02675F,1,1,22,22 - AZ01 - 22,841,622 de 841
AZ01,22,Chip 1,CSCF PL,0,8,#02675F,1,1,22,22 - AZ01 - 22,841,623 de 841
AZ01,22,Chip 1,CSCF PL,0,8,#02675F,1,1,22,22 - AZ01 - 22,841,624 de 841
AZ01,22,Chip 1,CSCF PL,0,8,#02675F,1,1,22,22 - AZ01 - 22,841,625 de 841
AZ01,22,Chip 1,CSCF PL,0,8,#02675F,1,1,22,22 - AZ01 - 22,841,626 de 841
AZ01,22,Chip 1,CSCF PL,0,8,#02675F,1,1,22,22 - AZ01 - 22,841,627 de 841
AZ01,22,Chip 1,CSCF PL,0,8,#02675F,1,1,22,22 - AZ01 - 22,841,628 de 841
AZ01,22,Chip 1,CSCF PL,0,8,#02675F,1,1,22,22 - AZ01 - 22,841,629 de 841
AZ01,22,Chip 1,CSCF PL,0,8,#02675F,1,1,22,22 - AZ01 - 22,841,630 de 841
AZ01,22,Chip 1,CSCF PL,0,8,#02675F,1,1,22,22 - AZ01 - 22,841,631 de 841
AZ01,22,Chip 1,CSCF PL,0,8,#02675F,1,1,22,22 - AZ01 - 22,841,632 de 841
AZ01,22,Chip 1,CSCF PL,0,8,#02675F,1,1,22,22 - AZ01 - 22,841,633 de 841
AZ01,22,Chip 1,CSCF PL,0,8,#02675F,1,1,22,22 - AZ01 - 22,841,634 de 841
AZ01,22,Chip 1,CSCF PL,0,8,#02675F,1,1,22,22 - AZ01 - 22,841,635 de 841
AZ01,22,Chip 1,CSCF PL,0,8,#02675F,1,1,22,22 - AZ01 - 22,841,636 de 841
AZ01,22,Chip 1,CSCF PL,0,8,#02675F,1,1,22,22 - AZ01 - 22,841,637 de 841
AZ01,22,Chip 1,CSCF PL,0,8,#02675F,1,1,22,22 - AZ01 - 22,841,638 de 841
AZ01,22,Chip 1,MTAS-1 PL,8,8,#F7C7AC,1,1,22,22 - AZ01 - 22,169,131 de 169
AZ01,22,Chip 1,MTAS-1 PL,8,8,#F7C7AC,1,1,22,22 - AZ01 - 22,169,132 de 169
AZ01,22,Chip 1,MTAS-1 PL,8,8,#F7C7AC,1,1,22,22 - AZ01 - 22,169,133 de 169
AZ01,22,Chip 1,MTAS-1 PL,8,8,#F7C7AC,1,1,22,22 - AZ01 - 22,169,134 de 169
AZ01,22,Chip 1,MTAS-1 PL,8,8,#F7C7AC,1,1,22,22 - AZ01 - 22,169,135 de 169
AZ01,22,Chip 1,MTAS-1 PL,8,8,#F7C7AC,1,1,22,22 - AZ01 - 22,169,136 de 169
AZ01,22,Chip 1,MTAS-1 PL,8,8,#F7C7AC,1,1,22,22 - AZ01 - 22,169,137 de 169
AZ01,22,Chip 1,MTAS-1 PL,8,8,#F7C7AC,1,1,22,22 - AZ01 - 22,169,138 de 169
AZ01,22,Chip 1,MTAS-1 PL,8,8,#F7C7AC,1,1,22,22 - AZ01 - 22,169,139 de 169
AZ01,22,Chip 1,MTAS-1 PL,8,8,#F7C7AC,1,1,22,22 - AZ01 - 22,169,140 de 169
AZ01,22,Chip 1,MTAS-1 PL,8,8,#F7C7AC,1,1,22,22 - AZ01 - 22,169,141 de 169
AZ01,22,Chip 1,MTAS-1 PL,8,8,#F7C7AC,1,1,22,22 - AZ01 - 22,169,142 de 169
AZ01,22,Chip 1,MTAS-1 PL,8,8,#F7C7AC,1,1,22,22 - AZ01 - 22,169,143 de 169
AZ01,22,Chip 1,INFRA,17,3,#000000,0,1,22,22 - AZ01 - 22,0,
AZ01,22,Chip 2,SBG PL,20,10,#00A6A6,1,1,22,22 - AZ01 - 22,196,155 de 196
AZ01,22,Chip 2,SBG PL,20,10,#00A6A6,1,1,22,22 - AZ01 - 22,196,156 de 196
AZ01,22,Chip 2,SBG PL,20,10,#00A6A6,1,1,22,22 - AZ01 - 22,196,157 de 196
AZ01,22,Chip 2,SBG PL,20,10,#00A6A6,1,1,22,22 - AZ01 - 22,196,158 de 196
AZ01,22,Chip 2,SBG PL,20,10,#00A6A6,1,1,22,22 - AZ01 - 22,196,159 de 196
AZ01,22,Chip 2,SBG PL,20,10,#00A6A6,1,1,22,22 - AZ01 - 22,196,160 de 196
AZ01,22,Chip 2,SBG PL,20,10,#00A6A6,1,1,22,22 - AZ01 - 22,196,161 de 196
AZ01,22,Chip 2,SBG PL,20,10,#00A6A6,1,1,22,22 - AZ01 - 22,196,162 de 196
AZ01,22,Chip 2,SBG PL,20,10,#00A6A6,1,1,22,22 - AZ01 - 22,196,163 de 196
AZ01,22,Chip 2,SBG PL,20,10,#00A6A6,1,1,22,22 - AZ01 - 22,196,164 de 196
AZ01,22,Chip 2,SBG PL,20,10,#00A6A6,1,1,22,22 - AZ01 - 22,196,165 de 196
AZ01,22,Chip 2,SBG PL,20,10,#00A6A6,1,1,22,22 - AZ01 - 22,196,166 de 196
AZ01,22,Chip 2,SBG PL,20,10,#00A6A6,1,1,22,22 - AZ01 - 22,196,167 de 196
AZ01,22,Chip 2,SBG PL,20,10,#00A6A6,1,1,22,22 - AZ01 - 22,196,168 de 196
AZ01,22,Chip 2,PDRA PL,30,6,#FF7300,1,2,22,22 - AZ01 - 22,144,97 de 144
AZ01,22,Chip 2,PDRA PL,30,6,#FF7300,1,2,22,22 - AZ01 - 22,144,98 de 144
AZ01,22,Chip 2,PDRA PL,30,6,#FF7300,1,2,22,22 - AZ01 - 22,144,99 de 144
AZ01,22,Chip 2,PDRA PL,30,6,#FF7300,1,2,22,22 - AZ01 - 22,144,100 de 144
AZ01,22,Chip 2,PDRA PL,30,6,#FF7300,1,2,22,22 - AZ01 - 22,144,101 de 144
AZ01,22,Chip 2,PDRA PL,30,6,#FF7300,1,2,22,22 - AZ01 - 22,144,102 de 144
AZ01,22,Chip 2,PDRA PL,30,6,#FF7300,1,2,22,22 - AZ01 - 22,144,103 de 144
AZ01,22,Chip 2,PDRA PL,30,6,#FF7300,1,2,22,22 - AZ01 - 22,144,104 de 144
AZ01,22,Chip 2,PDRA PL,30,6,#FF7300,1,2,22,22 - AZ01 - 22,144,105 de 144
AZ01,22,Chip 2,PDRA PL,30,6,#FF7300,1,2,22,22 - AZ01 - 22,144,106 de 144
AZ01,22,Chip 2,PDRA PL,30,6,#FF7300,1,2,22,22 - AZ01 - 22,144,107 de 144
AZ01,22,Chip 2,PDRA PL,30,6,#FF7300,1,2,22,22 - AZ01 - 22,144,108 de 144
AZ01,22,Chip 2,INFRA,37,3,#000000,0,1,22,22 - AZ01 - 22,0,
AZ01,23,Chip 1,CSCF PL,0,8,#02675F,1,1,23,23 - AZ01 - 23,841,639 de 841
AZ01,23,Chip 1,CSCF PL,0,8,#02675F,1,1,23,23 - AZ01 - 23,841,640 de 841
AZ01,23,Chip 1,CSCF PL,0,8,#02675F,1,1,23,23 - AZ01 - 23,841,641 de 841
AZ01,23,Chip 1,CSCF PL,0,8,#02675F,1,1,23,23 - AZ01 - 23,841,642 de 841
AZ01,23,Chip 1,CSCF PL,0,8,#02675F,1,1,23,23 - AZ01 - 23,841,643 de 841
AZ01,23,Chip 1,CSCF PL,0,8,#02675F,1,1,23,23 - AZ01 - 23,841,644 de 841
AZ01,23,Chip 1,CSCF PL,0,8,#02675F,1,1,23,23 - AZ01 - 23,841,645 de 841
AZ01,23,Chip 1,CSCF PL,0,8,#02675F,1,1,23,23 - AZ01 - 23,841,646 de 841
AZ01,23,Chip 1,CSCF PL,0,8,#02675F,1,1,23,23 - AZ01 - 23,841,647 de 841
AZ01,23,Chip 1,CSCF PL,0,8,#02675F,1,1,23,23 - AZ01 - 23,841,648 de 841
AZ01,23,Chip 1,CSCF PL,0,8,#02675F,1,1,23,23 - AZ01 - 23,841,649 de 841
AZ01,23,Chip 1,CSCF PL,0,8,#02675F,1,1,23,23 - AZ01 - 23,841,650 de 841
AZ01,23,Chip 1,CSCF PL,0,8,#02675F,1,1,23,23 - AZ01 - 23,841,651 de 841
AZ01,23,Chip 1,CSCF PL,0,8,#02675F,1,1,23,23 - AZ01 - 23,841,652 de 841
AZ01,23,Chip 1,CSCF PL,0,8,#02675F,1,1,23,23 - AZ01 - 23,841,653 de 841
AZ01,23,Chip 1,CSCF PL,0,8,#02675F,1,1,23,23 - AZ01 - 23,841,654 de 841
AZ01,23,Chip 1,CSCF PL,0,8,#02675F,1,1,23,23 - AZ01 - 23,841,655 de 841
AZ01,23,Chip 1,CSCF PL,0,8,#02675F,1,1,23,23 - AZ01 - 23,841,656 de 841
AZ01,23,Chip 1,CSCF PL,0,8,#02675F,1,1,23,23 - AZ01 - 23,841,657 de 841
AZ01,23,Chip 1,CSCF PL,0,8,#02675F,1,1,23,23 - AZ01 - 23,841,658 de 841
AZ01,23,Chip 1,CSCF PL,0,8,#02675F,1,1,23,23 - AZ01 - 23,841,659 de 841
AZ01,23,Chip 1,CSCF PL,0,8,#02675F,1,1,23,23 - AZ01 - 23,841,660 de 841
AZ01,23,Chip 1,CSCF PL,0,8,#02675F,1,1,23,23 - AZ01 - 23,841,661 de 841
AZ01,23,Chip 1,CSCF PL,0,8,#02675F,1,1,23,23 - AZ01 - 23,841,662 de 841
AZ01,23,Chip 1,CSCF PL,0,8,#02675F,1,1,23,23 - AZ01 - 23,841,663 de 841
AZ01,23,Chip 1,CSCF PL,0,8,#02675F,1,1,23,23 - AZ01 - 23,841,664 de 841
AZ01,23,Chip 1,CSCF PL,0,8,#02675F,1,1,23,23 - AZ01 - 23,841,665 de 841
AZ01,23,Chip 1,CSCF PL,0,8,#02675F,1,1,23,23 - AZ01 - 23,841,666 de 841
AZ01,23,Chip 1,CSCF PL,0,8,#02675F,1,1,23,23 - AZ01 - 23,841,667 de 841
AZ01,23,Chip 1,MTAS-1 PL,8,8,#F7C7AC,1,1,23,23 - AZ01 - 23,169,144 de 169
AZ01,23,Chip 1,MTAS-1 PL,8,8,#F7C7AC,1,1,23,23 - AZ01 - 23,169,145 de 169
AZ01,23,Chip 1,MTAS-1 PL,8,8,#F7C7AC,1,1,23,23 - AZ01 - 23,169,146 de 169
AZ01,23,Chip 1,MTAS-1 PL,8,8,#F7C7AC,1,1,23,23 - AZ01 - 23,169,147 de 169
AZ01,23,Chip 1,MTAS-1 PL,8,8,#F7C7AC,1,1,23,23 - AZ01 - 23,169,148 de 169
AZ01,23,Chip 1,MTAS-1 PL,8,8,#F7C7AC,1,1,23,23 - AZ01 - 23,169,149 de 169
AZ01,23,Chip 1,MTAS-1 PL,8,8,#F7C7AC,1,1,23,23 - AZ01 - 23,169,150 de 169
AZ01,23,Chip 1,MTAS-1 PL,8,8,#F7C7AC,1,1,23,23 - AZ01 - 23,169,151 de 169
AZ01,23,Chip 1,MTAS-1 PL,8,8,#F7C7AC,1,1,23,23 - AZ01 - 23,169,152 de 169
AZ01,23,Chip 1,MTAS-1 PL,8,8,#F7C7AC,1,1,23,23 - AZ01 - 23,169,153 de 169
AZ01,23,Chip 1,MTAS-1 PL,8,8,#F7C7AC,1,1,23,23 - AZ01 - 23,169,154 de 169
AZ01,23,Chip 1,MTAS-1 PL,8,8,#F7C7AC,1,1,23,23 - AZ01 - 23,169,155 de 169
AZ01,23,Chip 1,MTAS-1 PL,8,8,#F7C7AC,1,1,23,23 - AZ01 - 23,169,156 de 169
AZ01,23,Chip 1,INFRA,17,3,#000000,0,1,23,23 - AZ01 - 23,0,
AZ01,23,Chip 2,SBG PL,20,10,#00A6A6,1,1,23,23 - AZ01 - 23,196,169 de 196
AZ01,23,Chip 2,SBG PL,20,10,#00A6A6,1,1,23,23 - AZ01 - 23,196,170 de 196
AZ01,23,Chip 2,SBG PL,20,10,#00A6A6,1,1,23,23 - AZ01 - 23,196,171 de 196
AZ01,23,Chip 2,SBG PL,20,10,#00A6A6,1,1,23,23 - AZ01 - 23,196,172 de 196
AZ01,23,Chip 2,SBG PL,20,10,#00A6A6,1,1,23,23 - AZ01 - 23,196,173 de 196
AZ01,23,Chip 2,SBG PL,20,10,#00A6A6,1,1,23,23 - AZ01 - 23,196,174 de 196
AZ01,23,Chip 2,SBG PL,20,10,#00A6A6,1,1,23,23 - AZ01 - 23,196,175 de 196
AZ01,23,Chip 2,SBG PL,20,10,#00A6A6,1,1,23,23 - AZ01 - 23,196,176 de 196
AZ01,23,Chip 2,SBG PL,20,10,#00A6A6,1,1,23,23 - AZ01 - 23,196,177 de 196
AZ01,23,Chip 2,SBG PL,20,10,#00A6A6,1,1,23,23 - AZ01 - 23,196,178 de 196
AZ01,23,Chip 2,SBG PL,20,10,#00A6A6,1,1,23,23 - AZ01 - 23,196,179 de 196
AZ01,23,Chip 2,SBG PL,20,10,#00A6A6,1,1,23,23 - AZ01 - 23,196,180 de 196
AZ01,23,Chip 2,SBG PL,20,10,#00A6A6,1,1,23,23 - AZ01 - 23,196,181 de 196
AZ01,23,Chip 2,SBG PL,20,10,#00A6A6,1,1,23,23 - AZ01 - 23,196,182 de 196
AZ01,23,Chip 2,DRA PL,30,6,#FDD835,1,2,23,23 - AZ01 - 23,81,73 de 81
AZ01,23,Chip 2,DRA PL,30,6,#FDD835,1,2,23,23 - AZ01 - 23,81,74 de 81
AZ01,23,Chip 2,DRA PL,30,6,#FDD835,1,2,23,23 - AZ01 - 23,81,75 de 81
AZ01,23,Chip 2,DRA PL,30,6,#FDD835,1,2,23,23 - AZ01 - 23,81,76 de 81
AZ01,23,Chip 2,DRA PL,30,6,#FDD835,1,2,23,23 - AZ01 - 23,81,77 de 81
AZ01,23,Chip 2,DRA PL,30,6,#FDD835,1,2,23,23 - AZ01 - 23,81,78 de 81
AZ01,23,Chip 2,DRA PL,30,6,#FDD835,1,2,23,23 - AZ01 - 23,81,79 de 81
AZ01,23,Chip 2,DRA PL,30,6,#FDD835,1,2,23,23 - AZ01 - 23,81,80 de 81
AZ01,23,Chip 2,DRA PL,30,6,#FDD835,1,2,23,23 - AZ01 - 23,81,81 de 81
AZ01,23,Chip 2,INFRA,37,3,#000000,0,1,23,23 - AZ01 - 23,0,
AZ01,24,Chip 1,CSCF PL,0,8,#02675F,1,1,24,24 - AZ01 - 24,841,668 de 841
AZ01,24,Chip 1,CSCF PL,0,8,#02675F,1,1,24,24 - AZ01 - 24,841,669 de 841
AZ01,24,Chip 1,CSCF PL,0,8,#02675F,1,1,24,24 - AZ01 - 24,841,670 de 841
AZ01,24,Chip 1,CSCF PL,0,8,#02675F,1,1,24,24 - AZ01 - 24,841,671 de 841
AZ01,24,Chip 1,CSCF PL,0,8,#02675F,1,1,24,24 - AZ01 - 24,841,672 de 841
AZ01,24,Chip 1,CSCF PL,0,8,#02675F,1,1,24,24 - AZ01 - 24,841,673 de 841
AZ01,24,Chip 1,CSCF PL,0,8,#02675F,1,1,24,24 - AZ01 - 24,841,674 de 841
AZ01,24,Chip 1,CSCF PL,0,8,#02675F,1,1,24,24 - AZ01 - 24,841,675 de 841
AZ01,24,Chip 1,CSCF PL,0,8,#02675F,1,1,24,24 - AZ01 - 24,841,676 de 841
AZ01,24,Chip 1,CSCF PL,0,8,#02675F,1,1,24,24 - AZ01 - 24,841,677 de 841
AZ01,24,Chip 1,CSCF PL,0,8,#02675F,1,1,24,24 - AZ01 - 24,841,678 de 841
AZ01,24,Chip 1,CSCF PL,0,8,#02675F,1,1,24,24 - AZ01 - 24,841,679 de 841
AZ01,24,Chip 1,CSCF PL,0,8,#02675F,1,1,24,24 - AZ01 - 24,841,680 de 841
AZ01,24,Chip 1,CSCF PL,0,8,#02675F,1,1,24,24 - AZ01 - 24,841,681 de 841
AZ01,24,Chip 1,CSCF PL,0,8,#02675F,1,1,24,24 - AZ01 - 24,841,682 de 841
AZ01,24,Chip 1,CSCF PL,0,8,#02675F,1,1,24,24 - AZ01 - 24,841,683 de 841
AZ01,24,Chip 1,CSCF PL,0,8,#02675F,1,1,24,24 - AZ01 - 24,841,684 de 841
AZ01,24,Chip 1,CSCF PL,0,8,#02675F,1,1,24,24 - AZ01 - 24,841,685 de 841
AZ01,24,Chip 1,CSCF PL,0,8,#02675F,1,1,24,24 - AZ01 - 24,841,686 de 841
AZ01,24,Chip 1,CSCF PL,0,8,#02675F,1,1,24,24 - AZ01 - 24,841,687 de 841
AZ01,24,Chip 1,CSCF PL,0,8,#02675F,1,1,24,24 - AZ01 - 24,841,688 de 841
AZ01,24,Chip 1,CSCF PL,0,8,#02675F,1,1,24,24 - AZ01 - 24,841,689 de 841
AZ01,24,Chip 1,CSCF PL,0,8,#02675F,1,1,24,24 - AZ01 - 24,841,690 de 841
AZ01,24,Chip 1,CSCF PL,0,8,#02675F,1,1,24,24 - AZ01 - 24,841,691 de 841
AZ01,24,Chip 1,CSCF PL,0,8,#02675F,1,1,24,24 - AZ01 - 24,841,692 de 841
AZ01,24,Chip 1,CSCF PL,0,8,#02675F,1,1,24,24 - AZ01 - 24,841,693 de 841
AZ01,24,Chip 1,CSCF PL,0,8,#02675F,1,1,24,24 - AZ01 - 24,841,694 de 841
AZ01,24,Chip 1,CSCF PL,0,8,#02675F,1,1,24,24 - AZ01 - 24,841,695 de 841
AZ01,24,Chip 1,CSCF PL,0,8,#02675F,1,1,24,24 - AZ01 - 24,841,696 de 841
AZ01,24,Chip 1,MTAS-1 PL,8,8,#F7C7AC,1,1,24,24 - AZ01 - 24,169,157 de 169
AZ01,24,Chip 1,MTAS-1 PL,8,8,#F7C7AC,1,1,24,24 - AZ01 - 24,169,158 de 169
AZ01,24,Chip 1,MTAS-1 PL,8,8,#F7C7AC,1,1,24,24 - AZ01 - 24,169,159 de 169
AZ01,24,Chip 1,MTAS-1 PL,8,8,#F7C7AC,1,1,24,24 - AZ01 - 24,169,160 de 169
AZ01,24,Chip 1,MTAS-1 PL,8,8,#F7C7AC,1,1,24,24 - AZ01 - 24,169,161 de 169
AZ01,24,Chip 1,MTAS-1 PL,8,8,#F7C7AC,1,1,24,24 - AZ01 - 24,169,162 de 169
AZ01,24,Chip 1,MTAS-1 PL,8,8,#F7C7AC,1,1,24,24 - AZ01 - 24,169,163 de 169
AZ01,24,Chip 1,MTAS-1 PL,8,8,#F7C7AC,1,1,24,24 - AZ01 - 24,169,164 de 169
AZ01,24,Chip 1,MTAS-1 PL,8,8,#F7C7AC,1,1,24,24 - AZ01 - 24,169,165 de 169
AZ01,24,Chip 1,MTAS-1 PL,8,8,#F7C7AC,1,1,24,24 - AZ01 - 24,169,166 de 169
AZ01,24,Chip 1,MTAS-1 PL,8,8,#F7C7AC,1,1,24,24 - AZ01 - 24,169,167 de 169
AZ01,24,Chip 1,MTAS-1 PL,8,8,#F7C7AC,1,1,24,24 - AZ01 - 24,169,168 de 169
AZ01,24,Chip 1,MTAS-1 PL,8,8,#F7C7AC,1,1,24,24 - AZ01 - 24,169,169 de 169
AZ01,24,Chip 1,INFRA,17,3,#000000,0,1,24,24 - AZ01 - 24,0,
AZ01,24,Chip 2,MTAS-2 PL,20,8,#FADECE,2,1,24,24 - AZ01 - 24,169,144 de 169
AZ01,24,Chip 2,MTAS-2 PL,20,8,#FADECE,2,1,24,24 - AZ01 - 24,169,145 de 169
AZ01,24,Chip 2,MTAS-2 PL,20,8,#FADECE,2,1,24,24 - AZ01 - 24,169,146 de 169
AZ01,24,Chip 2,MTAS-2 PL,20,8,#FADECE,2,1,24,24 - AZ01 - 24,169,147 de 169
AZ01,24,Chip 2,MTAS-2 PL,20,8,#FADECE,2,1,24,24 - AZ01 - 24,169,148 de 169
AZ01,24,Chip 2,MTAS-2 PL,20,8,#FADECE,2,1,24,24 - AZ01 - 24,169,149 de 169
AZ01,24,Chip 2,MTAS-2 PL,20,8,#FADECE,2,1,24,24 - AZ01 - 24,169,150 de 169
AZ01,24,Chip 2,MTAS-2 PL,20,8,#FADECE,2,1,24,24 - AZ01 - 24,169,151 de 169
AZ01,24,Chip 2,MTAS-2 PL,20,8,#FADECE,2,1,24,24 - AZ01 - 24,169,152 de 169
AZ01,24,Chip 2,MTAS-2 PL,20,8,#FADECE,2,1,24,24 - AZ01 - 24,169,153 de 169
AZ01,24,Chip 2,MTAS-2 PL,20,8,#FADECE,2,1,24,24 - AZ01 - 24,169,154 de 169
AZ01,24,Chip 2,MTAS-2 PL,20,8,#FADECE,2,1,24,24 - AZ01 - 24,169,155 de 169
AZ01,24,Chip 2,MTAS-2 PL,20,8,#FADECE,2,1,24,24 - AZ01 - 24,169,156 de 169
AZ01,24,Chip 2,PDRA PL,28,6,#FF7300,1,2,24,24 - AZ01 - 24,144,109 de 144
AZ01,24,Chip 2,PDRA PL,28,6,#FF7300,1,2,24,24 - AZ01 - 24,144,110 de 144
AZ01,24,Chip 2,PDRA PL,28,6,#FF7300,1,2,24,24 - AZ01 - 24,144,111 de 144
AZ01,24,Chip 2,PDRA PL,28,6,#FF7300,1,2,24,24 - AZ01 - 24,144,112 de 144
AZ01,24,Chip 2,PDRA PL,28,6,#FF7300,1,2,24,24 - AZ01 - 24,144,113 de 144
AZ01,24,Chip 2,PDRA PL,28,6,#FF7300,1,2,24,24 - AZ01 - 24,144,114 de 144
AZ01,24,Chip 2,PDRA PL,28,6,#FF7300,1,2,24,24 - AZ01 - 24,144,115 de 144
AZ01,24,Chip 2,PDRA PL,28,6,#FF7300,1,2,24,24 - AZ01 - 24,144,116 de 144
AZ01,24,Chip 2,PDRA PL,28,6,#FF7300,1,2,24,24 - AZ01 - 24,144,117 de 144
AZ01,24,Chip 2,PDRA PL,28,6,#FF7300,1,2,24,24 - AZ01 - 24,144,118 de 144
AZ01,24,Chip 2,PDRA PL,28,6,#FF7300,1,2,24,24 - AZ01 - 24,144,119 de 144
AZ01,24,Chip 2,PDRA PL,28,6,#FF7300,1,2,24,24 - AZ01 - 24,144,120 de 144
AZ01,24,Chip 2,INFRA,37,3,#000000,0,1,24,24 - AZ01 - 24,0,
AZ01,25,Chip 1,CSCF PL,0,8,#02675F,1,1,25,25 - AZ01 - 25,841,697 de 841
AZ01,25,Chip 1,CSCF PL,0,8,#02675F,1,1,25,25 - AZ01 - 25,841,698 de 841
AZ01,25,Chip 1,CSCF PL,0,8,#02675F,1,1,25,25 - AZ01 - 25,841,699 de 841
AZ01,25,Chip 1,CSCF PL,0,8,#02675F,1,1,25,25 - AZ01 - 25,841,700 de 841
AZ01,25,Chip 1,CSCF PL,0,8,#02675F,1,1,25,25 - AZ01 - 25,841,701 de 841
AZ01,25,Chip 1,CSCF PL,0,8,#02675F,1,1,25,25 - AZ01 - 25,841,702 de 841
AZ01,25,Chip 1,CSCF PL,0,8,#02675F,1,1,25,25 - AZ01 - 25,841,703 de 841
AZ01,25,Chip 1,CSCF PL,0,8,#02675F,1,1,25,25 - AZ01 - 25,841,704 de 841
AZ01,25,Chip 1,CSCF PL,0,8,#02675F,1,1,25,25 - AZ01 - 25,841,705 de 841
AZ01,25,Chip 1,CSCF PL,0,8,#02675F,1,1,25,25 - AZ01 - 25,841,706 de 841
AZ01,25,Chip 1,CSCF PL,0,8,#02675F,1,1,25,25 - AZ01 - 25,841,707 de 841
AZ01,25,Chip 1,CSCF PL,0,8,#02675F,1,1,25,25 - AZ01 - 25,841,708 de 841
AZ01,25,Chip 1,CSCF PL,0,8,#02675F,1,1,25,25 - AZ01 - 25,841,709 de 841
AZ01,25,Chip 1,CSCF PL,0,8,#02675F,1,1,25,25 - AZ01 - 25,841,710 de 841
AZ01,25,Chip 1,CSCF PL,0,8,#02675F,1,1,25,25 - AZ01 - 25,841,711 de 841
AZ01,25,Chip 1,CSCF PL,0,8,#02675F,1,1,25,25 - AZ01 - 25,841,712 de 841
AZ01,25,Chip 1,CSCF PL,0,8,#02675F,1,1,25,25 - AZ01 - 25,841,713 de 841
AZ01,25,Chip 1,CSCF PL,0,8,#02675F,1,1,25,25 - AZ01 - 25,841,714 de 841
AZ01,25,Chip 1,CSCF PL,0,8,#02675F,1,1,25,25 - AZ01 - 25,841,715 de 841
AZ01,25,Chip 1,CSCF PL,0,8,#02675F,1,1,25,25 - AZ01 - 25,841,716 de 841
AZ01,25,Chip 1,CSCF PL,0,8,#02675F,1,1,25,25 - AZ01 - 25,841,717 de 841
AZ01,25,Chip 1,CSCF PL,0,8,#02675F,1,1,25,25 - AZ01 - 25,841,718 de 841
AZ01,25,Chip 1,CSCF PL,0,8,#02675F,1,1,25,25 - AZ01 - 25,841,719 de 841
AZ01,25,Chip 1,CSCF PL,0,8,#02675F,1,1,25,25 - AZ01 - 25,841,720 de 841
AZ01,25,Chip 1,CSCF PL,0,8,#02675F,1,1,25,25 - AZ01 - 25,841,721 de 841
AZ01,25,Chip 1,CSCF PL,0,8,#02675F,1,1,25,25 - AZ01 - 25,841,722 de 841
AZ01,25,Chip 1,CSCF PL,0,8,#02675F,1,1,25,25 - AZ01 - 25,841,723 de 841
AZ01,25,Chip 1,CSCF PL,0,8,#02675F,1,1,25,25 - AZ01 - 25,841,724 de 841
AZ01,25,Chip 1,CSCF PL,0,8,#02675F,1,1,25,25 - AZ01 - 25,841,725 de 841
AZ01,25,Chip 1,MTAS-2 PL,8,8,#FADECE,2,1,25,25 - AZ01 - 25,169,79 de 169
AZ01,25,Chip 1,MTAS-2 PL,8,8,#FADECE,2,1,25,25 - AZ01 - 25,169,80 de 169
AZ01,25,Chip 1,MTAS-2 PL,8,8,#FADECE,2,1,25,25 - AZ01 - 25,169,81 de 169
AZ01,25,Chip 1,MTAS-2 PL,8,8,#FADECE,2,1,25,25 - AZ01 - 25,169,82 de 169
AZ01,25,Chip 1,MTAS-2 PL,8,8,#FADECE,2,1,25,25 - AZ01 - 25,169,83 de 169
AZ01,25,Chip 1,MTAS-2 PL,8,8,#FADECE,2,1,25,25 - AZ01 - 25,169,84 de 169
AZ01,25,Chip 1,MTAS-2 PL,8,8,#FADECE,2,1,25,25 - AZ01 - 25,169,85 de 169
AZ01,25,Chip 1,MTAS-2 PL,8,8,#FADECE,2,1,25,25 - AZ01 - 25,169,86 de 169
AZ01,25,Chip 1,MTAS-2 PL,8,8,#FADECE,2,1,25,25 - AZ01 - 25,169,87 de 169
AZ01,25,Chip 1,MTAS-2 PL,8,8,#FADECE,2,1,25,25 - AZ01 - 25,169,88 de 169
AZ01,25,Chip 1,MTAS-2 PL,8,8,#FADECE,2,1,25,25 - AZ01 - 25,169,89 de 169
AZ01,25,Chip 1,MTAS-2 PL,8,8,#FADECE,2,1,25,25 - AZ01 - 25,169,90 de 169
AZ01,25,Chip 1,MTAS-2 PL,8,8,#FADECE,2,1,25,25 - AZ01 - 25,169,91 de 169
AZ01,25,Chip 1,INFRA,17,3,#000000,0,1,25,25 - AZ01 - 25,0,
AZ01,25,Chip 2,MRF SC+PL,20,17,#FF1493,1,1,25,25 - AZ01 - 25,9,7 de 9
AZ01,25,Chip 2,MRF SC+PL,20,17,#FF1493,1,1,25,25 - AZ01 - 25,9,8 de 9
AZ01,25,Chip 2,MRF SC+PL,20,17,#FF1493,1,1,25,25 - AZ01 - 25,9,9 de 9
AZ01,25,Chip 2,INFRA,37,3,#000000,0,1,25,25 - AZ01 - 25,0,
AZ01,26,Chip 1,CSCF PL,0,8,#02675F,1,1,26,26 - AZ01 - 26,841,726 de 841
AZ01,26,Chip 1,CSCF PL,0,8,#02675F,1,1,26,26 - AZ01 - 26,841,727 de 841
AZ01,26,Chip 1,CSCF PL,0,8,#02675F,1,1,26,26 - AZ01 - 26,841,728 de 841
AZ01,26,Chip 1,CSCF PL,0,8,#02675F,1,1,26,26 - AZ01 - 26,841,729 de 841
AZ01,26,Chip 1,CSCF PL,0,8,#02675F,1,1,26,26 - AZ01 - 26,841,730 de 841
AZ01,26,Chip 1,CSCF PL,0,8,#02675F,1,1,26,26 - AZ01 - 26,841,731 de 841
AZ01,26,Chip 1,CSCF PL,0,8,#02675F,1,1,26,26 - AZ01 - 26,841,732 de 841
AZ01,26,Chip 1,CSCF PL,0,8,#02675F,1,1,26,26 - AZ01 - 26,841,733 de 841
AZ01,26,Chip 1,CSCF PL,0,8,#02675F,1,1,26,26 - AZ01 - 26,841,734 de 841
AZ01,26,Chip 1,CSCF PL,0,8,#02675F,1,1,26,26 - AZ01 - 26,841,735 de 841
AZ01,26,Chip 1,CSCF PL,0,8,#02675F,1,1,26,26 - AZ01 - 26,841,736 de 841
AZ01,26,Chip 1,CSCF PL,0,8,#02675F,1,1,26,26 - AZ01 - 26,841,737 de 841
AZ01,26,Chip 1,CSCF PL,0,8,#02675F,1,1,26,26 - AZ01 - 26,841,738 de 841
AZ01,26,Chip 1,CSCF PL,0,8,#02675F,1,1,26,26 - AZ01 - 26,841,739 de 841
AZ01,26,Chip 1,CSCF PL,0,8,#02675F,1,1,26,26 - AZ01 - 26,841,740 de 841
AZ01,26,Chip 1,CSCF PL,0,8,#02675F,1,1,26,26 - AZ01 - 26,841,741 de 841
AZ01,26,Chip 1,CSCF PL,0,8,#02675F,1,1,26,26 - AZ01 - 26,841,742 de 841
AZ01,26,Chip 1,CSCF PL,0,8,#02675F,1,1,26,26 - AZ01 - 26,841,743 de 841
AZ01,26,Chip 1,CSCF PL,0,8,#02675F,1,1,26,26 - AZ01 - 26,841,744 de 841
AZ01,26,Chip 1,CSCF PL,0,8,#02675F,1,1,26,26 - AZ01 - 26,841,745 de 841
AZ01,26,Chip 1,CSCF PL,0,8,#02675F,1,1,26,26 - AZ01 - 26,841,746 de 841
AZ01,26,Chip 1,CSCF PL,0,8,#02675F,1,1,26,26 - AZ01 - 26,841,747 de 841
AZ01,26,Chip 1,CSCF PL,0,8,#02675F,1,1,26,26 - AZ01 - 26,841,748 de 841
AZ01,26,Chip 1,CSCF PL,0,8,#02675F,1,1,26,26 - AZ01 - 26,841,749 de 841
AZ01,26,Chip 1,CSCF PL,0,8,#02675F,1,1,26,26 - AZ01 - 26,841,750 de 841
AZ01,26,Chip 1,CSCF PL,0,8,#02675F,1,1,26,26 - AZ01 - 26,841,751 de 841
AZ01,26,Chip 1,CSCF PL,0,8,#02675F,1,1,26,26 - AZ01 - 26,841,752 de 841
AZ01,26,Chip 1,CSCF PL,0,8,#02675F,1,1,26,26 - AZ01 - 26,841,753 de 841
AZ01,26,Chip 1,CSCF PL,0,8,#02675F,1,1,26,26 - AZ01 - 26,841,754 de 841
AZ01,26,Chip 1,MTAS-2 PL,8,8,#FADECE,2,1,26,26 - AZ01 - 26,169,92 de 169
AZ01,26,Chip 1,MTAS-2 PL,8,8,#FADECE,2,1,26,26 - AZ01 - 26,169,93 de 169
AZ01,26,Chip 1,MTAS-2 PL,8,8,#FADECE,2,1,26,26 - AZ01 - 26,169,94 de 169
AZ01,26,Chip 1,MTAS-2 PL,8,8,#FADECE,2,1,26,26 - AZ01 - 26,169,95 de 169
AZ01,26,Chip 1,MTAS-2 PL,8,8,#FADECE,2,1,26,26 - AZ01 - 26,169,96 de 169
AZ01,26,Chip 1,MTAS-2 PL,8,8,#FADECE,2,1,26,26 - AZ01 - 26,169,97 de 169
AZ01,26,Chip 1,MTAS-2 PL,8,8,#FADECE,2,1,26,26 - AZ01 - 26,169,98 de 169
AZ01,26,Chip 1,MTAS-2 PL,8,8,#FADECE,2,1,26,26 - AZ01 - 26,169,99 de 169
AZ01,26,Chip 1,MTAS-2 PL,8,8,#FADECE,2,1,26,26 - AZ01 - 26,169,100 de 169
AZ01,26,Chip 1,MTAS-2 PL,8,8,#FADECE,2,1,26,26 - AZ01 - 26,169,101 de 169
AZ01,26,Chip 1,MTAS-2 PL,8,8,#FADECE,2,1,26,26 - AZ01 - 26,169,102 de 169
AZ01,26,Chip 1,MTAS-2 PL,8,8,#FADECE,2,1,26,26 - AZ01 - 26,169,103 de 169
AZ01,26,Chip 1,MTAS-2 PL,8,8,#FADECE,2,1,26,26 - AZ01 - 26,169,104 de 169
AZ01,26,Chip 1,INFRA,17,3,#000000,0,1,26,26 - AZ01 - 26,0,
AZ01,26,Chip 2,SBG PL,20,10,#00A6A6,1,1,26,26 - AZ01 - 26,196,183 de 196
AZ01,26,Chip 2,SBG PL,20,10,#00A6A6,1,1,26,26 - AZ01 - 26,196,184 de 196
AZ01,26,Chip 2,SBG PL,20,10,#00A6A6,1,1,26,26 - AZ01 - 26,196,185 de 196
AZ01,26,Chip 2,SBG PL,20,10,#00A6A6,1,1,26,26 - AZ01 - 26,196,186 de 196
AZ01,26,Chip 2,SBG PL,20,10,#00A6A6,1,1,26,26 - AZ01 - 26,196,187 de 196
AZ01,26,Chip 2,SBG PL,20,10,#00A6A6,1,1,26,26 - AZ01 - 26,196,188 de 196
AZ01,26,Chip 2,SBG PL,20,10,#00A6A6,1,1,26,26 - AZ01 - 26,196,189 de 196
AZ01,26,Chip 2,SBG PL,20,10,#00A6A6,1,1,26,26 - AZ01 - 26,196,190 de 196
AZ01,26,Chip 2,SBG PL,20,10,#00A6A6,1,1,26,26 - AZ01 - 26,196,191 de 196
AZ01,26,Chip 2,SBG PL,20,10,#00A6A6,1,1,26,26 - AZ01 - 26,196,192 de 196
AZ01,26,Chip 2,SBG PL,20,10,#00A6A6,1,1,26,26 - AZ01 - 26,196,193 de 196
AZ01,26,Chip 2,SBG PL,20,10,#00A6A6,1,1,26,26 - AZ01 - 26,196,194 de 196
AZ01,26,Chip 2,SBG PL,20,10,#00A6A6,1,1,26,26 - AZ01 - 26,196,195 de 196
AZ01,26,Chip 2,SBG PL,20,10,#00A6A6,1,1,26,26 - AZ01 - 26,196,196 de 196
AZ01,26,Chip 2,PDRA PL,30,6,#FF7300,1,2,26,26 - AZ01 - 26,144,121 de 144
AZ01,26,Chip 2,PDRA PL,30,6,#FF7300,1,2,26,26 - AZ01 - 26,144,122 de 144
AZ01,26,Chip 2,PDRA PL,30,6,#FF7300,1,2,26,26 - AZ01 - 26,144,123 de 144
AZ01,26,Chip 2,PDRA PL,30,6,#FF7300,1,2,26,26 - AZ01 - 26,144,124 de 144
AZ01,26,Chip 2,PDRA PL,30,6,#FF7300,1,2,26,26 - AZ01 - 26,144,125 de 144
AZ01,26,Chip 2,PDRA PL,30,6,#FF7300,1,2,26,26 - AZ01 - 26,144,126 de 144
AZ01,26,Chip 2,PDRA PL,30,6,#FF7300,1,2,26,26 - AZ01 - 26,144,127 de 144
AZ01,26,Chip 2,PDRA PL,30,6,#FF7300,1,2,26,26 - AZ01 - 26,144,128 de 144
AZ01,26,Chip 2,PDRA PL,30,6,#FF7300,1,2,26,26 - AZ01 - 26,144,129 de 144
AZ01,26,Chip 2,PDRA PL,30,6,#FF7300,1,2,26,26 - AZ01 - 26,144,130 de 144
AZ01,26,Chip 2,PDRA PL,30,6,#FF7300,1,2,26,26 - AZ01 - 26,144,131 de 144
AZ01,26,Chip 2,PDRA PL,30,6,#FF7300,1,2,26,26 - AZ01 - 26,144,132 de 144
AZ01,26,Chip 2,INFRA,37,3,#000000,0,1,26,26 - AZ01 - 26,0,
AZ01,27,Chip 1,CSCF PL,0,8,#02675F,1,1,27,27 - AZ01 - 27,841,755 de 841
AZ01,27,Chip 1,CSCF PL,0,8,#02675F,1,1,27,27 - AZ01 - 27,841,756 de 841
AZ01,27,Chip 1,CSCF PL,0,8,#02675F,1,1,27,27 - AZ01 - 27,841,757 de 841
AZ01,27,Chip 1,CSCF PL,0,8,#02675F,1,1,27,27 - AZ01 - 27,841,758 de 841
AZ01,27,Chip 1,CSCF PL,0,8,#02675F,1,1,27,27 - AZ01 - 27,841,759 de 841
AZ01,27,Chip 1,CSCF PL,0,8,#02675F,1,1,27,27 - AZ01 - 27,841,760 de 841
AZ01,27,Chip 1,CSCF PL,0,8,#02675F,1,1,27,27 - AZ01 - 27,841,761 de 841
AZ01,27,Chip 1,CSCF PL,0,8,#02675F,1,1,27,27 - AZ01 - 27,841,762 de 841
AZ01,27,Chip 1,CSCF PL,0,8,#02675F,1,1,27,27 - AZ01 - 27,841,763 de 841
AZ01,27,Chip 1,CSCF PL,0,8,#02675F,1,1,27,27 - AZ01 - 27,841,764 de 841
AZ01,27,Chip 1,CSCF PL,0,8,#02675F,1,1,27,27 - AZ01 - 27,841,765 de 841
AZ01,27,Chip 1,CSCF PL,0,8,#02675F,1,1,27,27 - AZ01 - 27,841,766 de 841
AZ01,27,Chip 1,CSCF PL,0,8,#02675F,1,1,27,27 - AZ01 - 27,841,767 de 841
AZ01,27,Chip 1,CSCF PL,0,8,#02675F,1,1,27,27 - AZ01 - 27,841,768 de 841
AZ01,27,Chip 1,CSCF PL,0,8,#02675F,1,1,27,27 - AZ01 - 27,841,769 de 841
AZ01,27,Chip 1,CSCF PL,0,8,#02675F,1,1,27,27 - AZ01 - 27,841,770 de 841
AZ01,27,Chip 1,CSCF PL,0,8,#02675F,1,1,27,27 - AZ01 - 27,841,771 de 841
AZ01,27,Chip 1,CSCF PL,0,8,#02675F,1,1,27,27 - AZ01 - 27,841,772 de 841
AZ01,27,Chip 1,CSCF PL,0,8,#02675F,1,1,27,27 - AZ01 - 27,841,773 de 841
AZ01,27,Chip 1,CSCF PL,0,8,#02675F,1,1,27,27 - AZ01 - 27,841,774 de 841
AZ01,27,Chip 1,CSCF PL,0,8,#02675F,1,1,27,27 - AZ01 - 27,841,775 de 841
AZ01,27,Chip 1,CSCF PL,0,8,#02675F,1,1,27,27 - AZ01 - 27,841,776 de 841
AZ01,27,Chip 1,CSCF PL,0,8,#02675F,1,1,27,27 - AZ01 - 27,841,777 de 841
AZ01,27,Chip 1,CSCF PL,0,8,#02675F,1,1,27,27 - AZ01 - 27,841,778 de 841
AZ01,27,Chip 1,CSCF PL,0,8,#02675F,1,1,27,27 - AZ01 - 27,841,779 de 841
AZ01,27,Chip 1,CSCF PL,0,8,#02675F,1,1,27,27 - AZ01 - 27,841,780 de 841
AZ01,27,Chip 1,CSCF PL,0,8,#02675F,1,1,27,27 - AZ01 - 27,841,781 de 841
AZ01,27,Chip 1,CSCF PL,0,8,#02675F,1,1,27,27 - AZ01 - 27,841,782 de 841
AZ01,27,Chip 1,CSCF PL,0,8,#02675F,1,1,27,27 - AZ01 - 27,841,783 de 841
AZ01,27,Chip 1,CUDB SC,8,8,#004B49,1,1,27,27 - AZ01 - 27,4,1 de 4
AZ01,27,Chip 1,CUDB SC,8,8,#004B49,1,1,27,27 - AZ01 - 27,4,2 de 4
AZ01,27,Chip 1,INFRA,17,3,#000000,0,1,27,27 - AZ01 - 27,0,
AZ01,27,Chip 2,MTAS-2 PL,20,8,#FADECE,2,1,27,27 - AZ01 - 27,169,157 de 169
AZ01,27,Chip 2,MTAS-2 PL,20,8,#FADECE,2,1,27,27 - AZ01 - 27,169,158 de 169
AZ01,27,Chip 2,MTAS-2 PL,20,8,#FADECE,2,1,27,27 - AZ01 - 27,169,159 de 169
AZ01,27,Chip 2,MTAS-2 PL,20,8,#FADECE,2,1,27,27 - AZ01 - 27,169,160 de 169
AZ01,27,Chip 2,MTAS-2 PL,20,8,#FADECE,2,1,27,27 - AZ01 - 27,169,161 de 169
AZ01,27,Chip 2,MTAS-2 PL,20,8,#FADECE,2,1,27,27 - AZ01 - 27,169,162 de 169
AZ01,27,Chip 2,MTAS-2 PL,20,8,#FADECE,2,1,27,27 - AZ01 - 27,169,163 de 169
AZ01,27,Chip 2,MTAS-2 PL,20,8,#FADECE,2,1,27,27 - AZ01 - 27,169,164 de 169
AZ01,27,Chip 2,MTAS-2 PL,20,8,#FADECE,2,1,27,27 - AZ01 - 27,169,165 de 169
AZ01,27,Chip 2,MTAS-2 PL,20,8,#FADECE,2,1,27,27 - AZ01 - 27,169,166 de 169
AZ01,27,Chip 2,MTAS-2 PL,20,8,#FADECE,2,1,27,27 - AZ01 - 27,169,167 de 169
AZ01,27,Chip 2,MTAS-2 PL,20,8,#FADECE,2,1,27,27 - AZ01 - 27,169,168 de 169
AZ01,27,Chip 2,MTAS-2 PL,20,8,#FADECE,2,1,27,27 - AZ01 - 27,169,169 de 169
AZ01,27,Chip 2,PDRA PL,28,6,#FF7300,1,2,27,27 - AZ01 - 27,144,133 de 144
AZ01,27,Chip 2,PDRA PL,28,6,#FF7300,1,2,27,27 - AZ01 - 27,144,134 de 144
AZ01,27,Chip 2,PDRA PL,28,6,#FF7300,1,2,27,27 - AZ01 - 27,144,135 de 144
AZ01,27,Chip 2,PDRA PL,28,6,#FF7300,1,2,27,27 - AZ01 - 27,144,136 de 144
AZ01,27,Chip 2,PDRA PL,28,6,#FF7300,1,2,27,27 - AZ01 - 27,144,137 de 144
AZ01,27,Chip 2,PDRA PL,28,6,#FF7300,1,2,27,27 - AZ01 - 27,144,138 de 144
AZ01,27,Chip 2,PDRA PL,28,6,#FF7300,1,2,27,27 - AZ01 - 27,144,139 de 144
AZ01,27,Chip 2,PDRA PL,28,6,#FF7300,1,2,27,27 - AZ01 - 27,144,140 de 144
AZ01,27,Chip 2,PDRA PL,28,6,#FF7300,1,2,27,27 - AZ01 - 27,144,141 de 144
AZ01,27,Chip 2,PDRA PL,28,6,#FF7300,1,2,27,27 - AZ01 - 27,144,142 de 144
AZ01,27,Chip 2,PDRA PL,28,6,#FF7300,1,2,27,27 - AZ01 - 27,144,143 de 144
AZ01,27,Chip 2,PDRA PL,28,6,#FF7300,1,2,27,27 - AZ01 - 27,144,144 de 144
AZ01,27,Chip 2,INFRA,37,3,#000000,0,1,27,27 - AZ01 - 27,0,
AZ01,28,Chip 1,CSCF PL,0,8,#02675F,1,1,28,28 - AZ01 - 28,841,784 de 841
AZ01,28,Chip 1,CSCF PL,0,8,#02675F,1,1,28,28 - AZ01 - 28,841,785 de 841
AZ01,28,Chip 1,CSCF PL,0,8,#02675F,1,1,28,28 - AZ01 - 28,841,786 de 841
AZ01,28,Chip 1,CSCF PL,0,8,#02675F,1,1,28,28 - AZ01 - 28,841,787 de 841
AZ01,28,Chip 1,CSCF PL,0,8,#02675F,1,1,28,28 - AZ01 - 28,841,788 de 841
AZ01,28,Chip 1,CSCF PL,0,8,#02675F,1,1,28,28 - AZ01 - 28,841,789 de 841
AZ01,28,Chip 1,CSCF PL,0,8,#02675F,1,1,28,28 - AZ01 - 28,841,790 de 841
AZ01,28,Chip 1,CSCF PL,0,8,#02675F,1,1,28,28 - AZ01 - 28,841,791 de 841
AZ01,28,Chip 1,CSCF PL,0,8,#02675F,1,1,28,28 - AZ01 - 28,841,792 de 841
AZ01,28,Chip 1,CSCF PL,0,8,#02675F,1,1,28,28 - AZ01 - 28,841,793 de 841
AZ01,28,Chip 1,CSCF PL,0,8,#02675F,1,1,28,28 - AZ01 - 28,841,794 de 841
AZ01,28,Chip 1,CSCF PL,0,8,#02675F,1,1,28,28 - AZ01 - 28,841,795 de 841
AZ01,28,Chip 1,CSCF PL,0,8,#02675F,1,1,28,28 - AZ01 - 28,841,796 de 841
AZ01,28,Chip 1,CSCF PL,0,8,#02675F,1,1,28,28 - AZ01 - 28,841,797 de 841
AZ01,28,Chip 1,CSCF PL,0,8,#02675F,1,1,28,28 - AZ01 - 28,841,798 de 841
AZ01,28,Chip 1,CSCF PL,0,8,#02675F,1,1,28,28 - AZ01 - 28,841,799 de 841
AZ01,28,Chip 1,CSCF PL,0,8,#02675F,1,1,28,28 - AZ01 - 28,841,800 de 841
AZ01,28,Chip 1,CSCF PL,0,8,#02675F,1,1,28,28 - AZ01 - 28,841,801 de 841
AZ01,28,Chip 1,CSCF PL,0,8,#02675F,1,1,28,28 - AZ01 - 28,841,802 de 841
AZ01,28,Chip 1,CSCF PL,0,8,#02675F,1,1,28,28 - AZ01 - 28,841,803 de 841
AZ01,28,Chip 1,CSCF PL,0,8,#02675F,1,1,28,28 - AZ01 - 28,841,804 de 841
AZ01,28,Chip 1,CSCF PL,0,8,#02675F,1,1,28,28 - AZ01 - 28,841,805 de 841
AZ01,28,Chip 1,CSCF PL,0,8,#02675F,1,1,28,28 - AZ01 - 28,841,806 de 841
AZ01,28,Chip 1,CSCF PL,0,8,#02675F,1,1,28,28 - AZ01 - 28,841,807 de 841
AZ01,28,Chip 1,CSCF PL,0,8,#02675F,1,1,28,28 - AZ01 - 28,841,808 de 841
AZ01,28,Chip 1,CSCF PL,0,8,#02675F,1,1,28,28 - AZ01 - 28,841,809 de 841
AZ01,28,Chip 1,CSCF PL,0,8,#02675F,1,1,28,28 - AZ01 - 28,841,810 de 841
AZ01,28,Chip 1,CSCF PL,0,8,#02675F,1,1,28,28 - AZ01 - 28,841,811 de 841
AZ01,28,Chip 1,CSCF PL,0,8,#02675F,1,1,28,28 - AZ01 - 28,841,812 de 841
AZ01,28,Chip 1,INFRA,17,3,#000000,0,1,28,28 - AZ01 - 28,0,
AZ01,28,Chip 2,INFRA,37,3,#000000,0,1,28,28 - AZ01 - 28,0,
AZ01,29,Chip 1,CSCF PL,0,8,#02675F,1,1,29,29 - AZ01 - 29,841,813 de 841
AZ01,29,Chip 1,CSCF PL,0,8,#02675F,1,1,29,29 - AZ01 - 29,841,814 de 841
AZ01,29,Chip 1,CSCF PL,0,8,#02675F,1,1,29,29 - AZ01 - 29,841,815 de 841
AZ01,29,Chip 1,CSCF PL,0,8,#02675F,1,1,29,29 - AZ01 - 29,841,816 de 841
AZ01,29,Chip 1,CSCF PL,0,8,#02675F,1,1,29,29 - AZ01 - 29,841,817 de 841
AZ01,29,Chip 1,CSCF PL,0,8,#02675F,1,1,29,29 - AZ01 - 29,841,818 de 841
AZ01,29,Chip 1,CSCF PL,0,8,#02675F,1,1,29,29 - AZ01 - 29,841,819 de 841
AZ01,29,Chip 1,CSCF PL,0,8,#02675F,1,1,29,29 - AZ01 - 29,841,820 de 841
AZ01,29,Chip 1,CSCF PL,0,8,#02675F,1,1,29,29 - AZ01 - 29,841,821 de 841
AZ01,29,Chip 1,CSCF PL,0,8,#02675F,1,1,29,29 - AZ01 - 29,841,822 de 841
AZ01,29,Chip 1,CSCF PL,0,8,#02675F,1,1,29,29 - AZ01 - 29,841,823 de 841
AZ01,29,Chip 1,CSCF PL,0,8,#02675F,1,1,29,29 - AZ01 - 29,841,824 de 841
AZ01,29,Chip 1,CSCF PL,0,8,#02675F,1,1,29,29 - AZ01 - 29,841,825 de 841
AZ01,29,Chip 1,CSCF PL,0,8,#02675F,1,1,29,29 - AZ01 - 29,841,826 de 841
AZ01,29,Chip 1,CSCF PL,0,8,#02675F,1,1,29,29 - AZ01 - 29,841,827 de 841
AZ01,29,Chip 1,CSCF PL,0,8,#02675F,1,1,29,29 - AZ01 - 29,841,828 de 841
AZ01,29,Chip 1,CSCF PL,0,8,#02675F,1,1,29,29 - AZ01 - 29,841,829 de 841
AZ01,29,Chip 1,CSCF PL,0,8,#02675F,1,1,29,29 - AZ01 - 29,841,830 de 841
AZ01,29,Chip 1,CSCF PL,0,8,#02675F,1,1,29,29 - AZ01 - 29,841,831 de 841
AZ01,29,Chip 1,CSCF PL,0,8,#02675F,1,1,29,29 - AZ01 - 29,841,832 de 841
AZ01,29,Chip 1,CSCF PL,0,8,#02675F,1,1,29,29 - AZ01 - 29,841,833 de 841
AZ01,29,Chip 1,CSCF PL,0,8,#02675F,1,1,29,29 - AZ01 - 29,841,834 de 841
AZ01,29,Chip 1,CSCF PL,0,8,#02675F,1,1,29,29 - AZ01 - 29,841,835 de 841
AZ01,29,Chip 1,CSCF PL,0,8,#02675F,1,1,29,29 - AZ01 - 29,841,836 de 841
AZ01,29,Chip 1,CSCF PL,0,8,#02675F,1,1,29,29 - AZ01 - 29,841,837 de 841
AZ01,29,Chip 1,CSCF PL,0,8,#02675F,1,1,29,29 - AZ01 - 29,841,838 de 841
AZ01,29,Chip 1,CSCF PL,0,8,#02675F,1,1,29,29 - AZ01 - 29,841,839 de 841
AZ01,29,Chip 1,CSCF PL,0,8,#02675F,1,1,29,29 - AZ01 - 29,841,840 de 841
AZ01,29,Chip 1,CSCF PL,0,8,#02675F,1,1,29,29 - AZ01 - 29,841,841 de 841
AZ01,29,Chip 1,INFRA,17,3,#000000,0,1,29,29 - AZ01 - 29,0,
AZ01,29,Chip 2,INFRA,37,3,#000000,0,1,29,29 - AZ01 - 29,0,
AZ02,1,Chip 1,EPG-U SFOU,0,16,#1E88E5,1,2,30,30 - AZ02 - 1,676,1 de 676
AZ02,1,Chip 1,EPG-U SFOU,0,16,#1E88E5,1,2,30,30 - AZ02 - 1,676,2 de 676
AZ02,1,Chip 1,EPG-U SFOU,0,16,#1E88E5,1,2,30,30 - AZ02 - 1,676,3 de 676
AZ02,1,Chip 1,EPG-U SFOU,0,16,#1E88E5,1,2,30,30 - AZ02 - 1,676,4 de 676
AZ02,1,Chip 1,EPG-U SFOU,0,16,#1E88E5,1,2,30,30 - AZ02 - 1,676,5 de 676
AZ02,1,Chip 1,EPG-U SFOU,0,16,#1E88E5,1,2,30,30 - AZ02 - 1,676,6 de 676
AZ02,1,Chip 1,EPG-U SFOU,0,16,#1E88E5,1,2,30,30 - AZ02 - 1,676,7 de 676
AZ02,1,Chip 1,EPG-U SFOU,0,16,#1E88E5,1,2,30,30 - AZ02 - 1,676,8 de 676
AZ02,1,Chip 1,EPG-U SFOU,0,16,#1E88E5,1,2,30,30 - AZ02 - 1,676,9 de 676
AZ02,1,Chip 1,EPG-U SFOU,0,16,#1E88E5,1,2,30,30 - AZ02 - 1,676,10 de 676
AZ02,1,Chip 1,EPG-U SFOU,0,16,#1E88E5,1,2,30,30 - AZ02 - 1,676,11 de 676
AZ02,1,Chip 1,EPG-U SFOU,0,16,#1E88E5,1,2,30,30 - AZ02 - 1,676,12 de 676
AZ02,1,Chip 1,EPG-U SFOU,0,16,#1E88E5,1,2,30,30 - AZ02 - 1,676,13 de 676
AZ02,1,Chip 1,EPG-U SFOU,0,16,#1E88E5,1,2,30,30 - AZ02 - 1,676,14 de 676
AZ02,1,Chip 1,EPG-U SFOU,0,16,#1E88E5,1,2,30,30 - AZ02 - 1,676,15 de 676
AZ02,1,Chip 1,EPG-U SFOU,0,16,#1E88E5,1,2,30,30 - AZ02 - 1,676,16 de 676
AZ02,1,Chip 1,EPG-U SFOU,0,16,#1E88E5,1,2,30,30 - AZ02 - 1,676,17 de 676
AZ02,1,Chip 1,EPG-U SFOU,0,16,#1E88E5,1,2,30,30 - AZ02 - 1,676,18 de 676
AZ02,1,Chip 1,EPG-U SFOU,0,16,#1E88E5,1,2,30,30 - AZ02 - 1,676,19 de 676
AZ02,1,Chip 1,EPG-U SFOU,0,16,#1E88E5,1,2,30,30 - AZ02 - 1,676,20 de 676
AZ02,1,Chip 1,EPG-U SFOU,0,16,#1E88E5,1,2,30,30 - AZ02 - 1,676,21 de 676
AZ02,1,Chip 1,EPG-U SFOU,0,16,#1E88E5,1,2,30,30 - AZ02 - 1,676,22 de 676
AZ02,1,Chip 1,EPG-U SFOU,0,16,#1E88E5,1,2,30,30 - AZ02 - 1,676,23 de 676
AZ02,1,Chip 1,EPG-U SFOU,0,16,#1E88E5,1,2,30,30 - AZ02 - 1,676,24 de 676
AZ02,1,Chip 1,EPG-U SFOU,0,16,#1E88E5,1,2,30,30 - AZ02 - 1,676,25 de 676
AZ02,1,Chip 1,EPG-U SFOU,0,16,#1E88E5,1,2,30,30 - AZ02 - 1,676,26 de 676
AZ02,1,Chip 1,INFRA,17,3,#000000,0,1,30,30 - AZ02 - 1,0,
AZ02,1,Chip 2,EPG-U SFOU,20,16,#1E88E5,1,2,30,30 - AZ02 - 1,676,339 de 676
AZ02,1,Chip 2,EPG-U SFOU,20,16,#1E88E5,1,2,30,30 - AZ02 - 1,676,340 de 676
AZ02,1,Chip 2,EPG-U SFOU,20,16,#1E88E5,1,2,30,30 - AZ02 - 1,676,341 de 676
AZ02,1,Chip 2,EPG-U SFOU,20,16,#1E88E5,1,2,30,30 - AZ02 - 1,676,342 de 676
AZ02,1,Chip 2,EPG-U SFOU,20,16,#1E88E5,1,2,30,30 - AZ02 - 1,676,343 de 676
AZ02,1,Chip 2,EPG-U SFOU,20,16,#1E88E5,1,2,30,30 - AZ02 - 1,676,344 de 676
AZ02,1,Chip 2,EPG-U SFOU,20,16,#1E88E5,1,2,30,30 - AZ02 - 1,676,345 de 676
AZ02,1,Chip 2,EPG-U SFOU,20,16,#1E88E5,1,2,30,30 - AZ02 - 1,676,346 de 676
AZ02,1,Chip 2,EPG-U SFOU,20,16,#1E88E5,1,2,30,30 - AZ02 - 1,676,347 de 676
AZ02,1,Chip 2,EPG-U SFOU,20,16,#1E88E5,1,2,30,30 - AZ02 - 1,676,348 de 676
AZ02,1,Chip 2,EPG-U SFOU,20,16,#1E88E5,1,2,30,30 - AZ02 - 1,676,349 de 676
AZ02,1,Chip 2,EPG-U SFOU,20,16,#1E88E5,1,2,30,30 - AZ02 - 1,676,350 de 676
AZ02,1,Chip 2,EPG-U SFOU,20,16,#1E88E5,1,2,30,30 - AZ02 - 1,676,351 de 676
AZ02,1,Chip 2,EPG-U SFOU,20,16,#1E88E5,1,2,30,30 - AZ02 - 1,676,352 de 676
AZ02,1,Chip 2,EPG-U SFOU,20,16,#1E88E5,1,2,30,30 - AZ02 - 1,676,353 de 676
AZ02,1,Chip 2,EPG-U SFOU,20,16,#1E88E5,1,2,30,30 - AZ02 - 1,676,354 de 676
AZ02,1,Chip 2,EPG-U SFOU,20,16,#1E88E5,1,2,30,30 - AZ02 - 1,676,355 de 676
AZ02,1,Chip 2,EPG-U SFOU,20,16,#1E88E5,1,2,30,30 - AZ02 - 1,676,356 de 676
AZ02,1,Chip 2,EPG-U SFOU,20,16,#1E88E5,1,2,30,30 - AZ02 - 1,676,357 de 676
AZ02,1,Chip 2,EPG-U SFOU,20,16,#1E88E5,1,2,30,30 - AZ02 - 1,676,358 de 676
AZ02,1,Chip 2,EPG-U SFOU,20,16,#1E88E5,1,2,30,30 - AZ02 - 1,676,359 de 676
AZ02,1,Chip 2,EPG-U SFOU,20,16,#1E88E5,1,2,30,30 - AZ02 - 1,676,360 de 676
AZ02,1,Chip 2,EPG-U SFOU,20,16,#1E88E5,1,2,30,30 - AZ02 - 1,676,361 de 676
AZ02,1,Chip 2,EPG-U SFOU,20,16,#1E88E5,1,2,30,30 - AZ02 - 1,676,362 de 676
AZ02,1,Chip 2,EPG-U SFOU,20,16,#1E88E5,1,2,30,30 - AZ02 - 1,676,363 de 676
AZ02,1,Chip 2,EPG-U SFOU,20,16,#1E88E5,1,2,30,30 - AZ02 - 1,676,364 de 676
AZ02,1,Chip 2,INFRA,37,3,#000000,0,1,30,30 - AZ02 - 1,0,
AZ02,2,Chip 1,EPG-U SFOU,0,16,#1E88E5,1,2,31,31 - AZ02 - 2,676,27 de 676
AZ02,2,Chip 1,EPG-U SFOU,0,16,#1E88E5,1,2,31,31 - AZ02 - 2,676,28 de 676
AZ02,2,Chip 1,EPG-U SFOU,0,16,#1E88E5,1,2,31,31 - AZ02 - 2,676,29 de 676
AZ02,2,Chip 1,EPG-U SFOU,0,16,#1E88E5,1,2,31,31 - AZ02 - 2,676,30 de 676
AZ02,2,Chip 1,EPG-U SFOU,0,16,#1E88E5,1,2,31,31 - AZ02 - 2,676,31 de 676
AZ02,2,Chip 1,EPG-U SFOU,0,16,#1E88E5,1,2,31,31 - AZ02 - 2,676,32 de 676
AZ02,2,Chip 1,EPG-U SFOU,0,16,#1E88E5,1,2,31,31 - AZ02 - 2,676,33 de 676
AZ02,2,Chip 1,EPG-U SFOU,0,16,#1E88E5,1,2,31,31 - AZ02 - 2,676,34 de 676
AZ02,2,Chip 1,EPG-U SFOU,0,16,#1E88E5,1,2,31,31 - AZ02 - 2,676,35 de 676
AZ02,2,Chip 1,EPG-U SFOU,0,16,#1E88E5,1,2,31,31 - AZ02 - 2,676,36 de 676
AZ02,2,Chip 1,EPG-U SFOU,0,16,#1E88E5,1,2,31,31 - AZ02 - 2,676,37 de 676
AZ02,2,Chip 1,EPG-U SFOU,0,16,#1E88E5,1,2,31,31 - AZ02 - 2,676,38 de 676
AZ02,2,Chip 1,EPG-U SFOU,0,16,#1E88E5,1,2,31,31 - AZ02 - 2,676,39 de 676
AZ02,2,Chip 1,EPG-U SFOU,0,16,#1E88E5,1,2,31,31 - AZ02 - 2,676,40 de 676
AZ02,2,Chip 1,EPG-U SFOU,0,16,#1E88E5,1,2,31,31 - AZ02 - 2,676,41 de 676
AZ02,2,Chip 1,EPG-U SFOU,0,16,#1E88E5,1,2,31,31 - AZ02 - 2,676,42 de 676
AZ02,2,Chip 1,EPG-U SFOU,0,16,#1E88E5,1,2,31,31 - AZ02 - 2,676,43 de 676
AZ02,2,Chip 1,EPG-U SFOU,0,16,#1E88E5,1,2,31,31 - AZ02 - 2,676,44 de 676
AZ02,2,Chip 1,EPG-U SFOU,0,16,#1E88E5,1,2,31,31 - AZ02 - 2,676,45 de 676
AZ02,2,Chip 1,EPG-U SFOU,0,16,#1E88E5,1,2,31,31 - AZ02 - 2,676,46 de 676
AZ02,2,Chip 1,EPG-U SFOU,0,16,#1E88E5,1,2,31,31 - AZ02 - 2,676,47 de 676
AZ02,2,Chip 1,EPG-U SFOU,0,16,#1E88E5,1,2,31,31 - AZ02 - 2,676,48 de 676
AZ02,2,Chip 1,EPG-U SFOU,0,16,#1E88E5,1,2,31,31 - AZ02 - 2,676,49 de 676
AZ02,2,Chip 1,EPG-U SFOU,0,16,#1E88E5,1,2,31,31 - AZ02 - 2,676,50 de 676
AZ02,2,Chip 1,EPG-U SFOU,0,16,#1E88E5,1,2,31,31 - AZ02 - 2,676,51 de 676
AZ02,2,Chip 1,EPG-U SFOU,0,16,#1E88E5,1,2,31,31 - AZ02 - 2,676,52 de 676
AZ02,2,Chip 1,INFRA,17,3,#000000,0,1,31,31 - AZ02 - 2,0,
AZ02,2,Chip 2,EPG-U SFOU,20,16,#1E88E5,1,2,31,31 - AZ02 - 2,676,365 de 676
AZ02,2,Chip 2,EPG-U SFOU,20,16,#1E88E5,1,2,31,31 - AZ02 - 2,676,366 de 676
AZ02,2,Chip 2,EPG-U SFOU,20,16,#1E88E5,1,2,31,31 - AZ02 - 2,676,367 de 676
AZ02,2,Chip 2,EPG-U SFOU,20,16,#1E88E5,1,2,31,31 - AZ02 - 2,676,368 de 676
AZ02,2,Chip 2,EPG-U SFOU,20,16,#1E88E5,1,2,31,31 - AZ02 - 2,676,369 de 676
AZ02,2,Chip 2,EPG-U SFOU,20,16,#1E88E5,1,2,31,31 - AZ02 - 2,676,370 de 676
AZ02,2,Chip 2,EPG-U SFOU,20,16,#1E88E5,1,2,31,31 - AZ02 - 2,676,371 de 676
AZ02,2,Chip 2,EPG-U SFOU,20,16,#1E88E5,1,2,31,31 - AZ02 - 2,676,372 de 676
AZ02,2,Chip 2,EPG-U SFOU,20,16,#1E88E5,1,2,31,31 - AZ02 - 2,676,373 de 676
AZ02,2,Chip 2,EPG-U SFOU,20,16,#1E88E5,1,2,31,31 - AZ02 - 2,676,374 de 676
AZ02,2,Chip 2,EPG-U SFOU,20,16,#1E88E5,1,2,31,31 - AZ02 - 2,676,375 de 676
AZ02,2,Chip 2,EPG-U SFOU,20,16,#1E88E5,1,2,31,31 - AZ02 - 2,676,376 de 676
AZ02,2,Chip 2,EPG-U SFOU,20,16,#1E88E5,1,2,31,31 - AZ02 - 2,676,377 de 676
AZ02,2,Chip 2,EPG-U SFOU,20,16,#1E88E5,1,2,31,31 - AZ02 - 2,676,378 de 676
AZ02,2,Chip 2,EPG-U SFOU,20,16,#1E88E5,1,2,31,31 - AZ02 - 2,676,379 de 676
AZ02,2,Chip 2,EPG-U SFOU,20,16,#1E88E5,1,2,31,31 - AZ02 - 2,676,380 de 676
AZ02,2,Chip 2,EPG-U SFOU,20,16,#1E88E5,1,2,31,31 - AZ02 - 2,676,381 de 676
AZ02,2,Chip 2,EPG-U SFOU,20,16,#1E88E5,1,2,31,31 - AZ02 - 2,676,382 de 676
AZ02,2,Chip 2,EPG-U SFOU,20,16,#1E88E5,1,2,31,31 - AZ02 - 2,676,383 de 676
AZ02,2,Chip 2,EPG-U SFOU,20,16,#1E88E5,1,2,31,31 - AZ02 - 2,676,384 de 676
AZ02,2,Chip 2,EPG-U SFOU,20,16,#1E88E5,1,2,31,31 - AZ02 - 2,676,385 de 676
AZ02,2,Chip 2,EPG-U SFOU,20,16,#1E88E5,1,2,31,31 - AZ02 - 2,676,386 de 676
AZ02,2,Chip 2,EPG-U SFOU,20,16,#1E88E5,1,2,31,31 - AZ02 - 2,676,387 de 676
AZ02,2,Chip 2,EPG-U SFOU,20,16,#1E88E5,1,2,31,31 - AZ02 - 2,676,388 de 676
AZ02,2,Chip 2,EPG-U SFOU,20,16,#1E88E5,1,2,31,31 - AZ02 - 2,676,389 de 676
AZ02,2,Chip 2,EPG-U SFOU,20,16,#1E88E5,1,2,31,31 - AZ02 - 2,676,390 de 676
AZ02,2,Chip 2,INFRA,37,3,#000000,0,1,31,31 - AZ02 - 2,0,
AZ02,3,Chip 1,EPG-U SFOU,0,16,#1E88E5,1,2,32,32 - AZ02 - 3,676,53 de 676
AZ02,3,Chip 1,EPG-U SFOU,0,16,#1E88E5,1,2,32,32 - AZ02 - 3,676,54 de 676
AZ02,3,Chip 1,EPG-U SFOU,0,16,#1E88E5,1,2,32,32 - AZ02 - 3,676,55 de 676
AZ02,3,Chip 1,EPG-U SFOU,0,16,#1E88E5,1,2,32,32 - AZ02 - 3,676,56 de 676
AZ02,3,Chip 1,EPG-U SFOU,0,16,#1E88E5,1,2,32,32 - AZ02 - 3,676,57 de 676
AZ02,3,Chip 1,EPG-U SFOU,0,16,#1E88E5,1,2,32,32 - AZ02 - 3,676,58 de 676
AZ02,3,Chip 1,EPG-U SFOU,0,16,#1E88E5,1,2,32,32 - AZ02 - 3,676,59 de 676
AZ02,3,Chip 1,EPG-U SFOU,0,16,#1E88E5,1,2,32,32 - AZ02 - 3,676,60 de 676
AZ02,3,Chip 1,EPG-U SFOU,0,16,#1E88E5,1,2,32,32 - AZ02 - 3,676,61 de 676
AZ02,3,Chip 1,EPG-U SFOU,0,16,#1E88E5,1,2,32,32 - AZ02 - 3,676,62 de 676
AZ02,3,Chip 1,EPG-U SFOU,0,16,#1E88E5,1,2,32,32 - AZ02 - 3,676,63 de 676
AZ02,3,Chip 1,EPG-U SFOU,0,16,#1E88E5,1,2,32,32 - AZ02 - 3,676,64 de 676
AZ02,3,Chip 1,EPG-U SFOU,0,16,#1E88E5,1,2,32,32 - AZ02 - 3,676,65 de 676
AZ02,3,Chip 1,EPG-U SFOU,0,16,#1E88E5,1,2,32,32 - AZ02 - 3,676,66 de 676
AZ02,3,Chip 1,EPG-U SFOU,0,16,#1E88E5,1,2,32,32 - AZ02 - 3,676,67 de 676
AZ02,3,Chip 1,EPG-U SFOU,0,16,#1E88E5,1,2,32,32 - AZ02 - 3,676,68 de 676
AZ02,3,Chip 1,EPG-U SFOU,0,16,#1E88E5,1,2,32,32 - AZ02 - 3,676,69 de 676
AZ02,3,Chip 1,EPG-U SFOU,0,16,#1E88E5,1,2,32,32 - AZ02 - 3,676,70 de 676
AZ02,3,Chip 1,EPG-U SFOU,0,16,#1E88E5,1,2,32,32 - AZ02 - 3,676,71 de 676
AZ02,3,Chip 1,EPG-U SFOU,0,16,#1E88E5,1,2,32,32 - AZ02 - 3,676,72 de 676
AZ02,3,Chip 1,EPG-U SFOU,0,16,#1E88E5,1,2,32,32 - AZ02 - 3,676,73 de 676
AZ02,3,Chip 1,EPG-U SFOU,0,16,#1E88E5,1,2,32,32 - AZ02 - 3,676,74 de 676
AZ02,3,Chip 1,EPG-U SFOU,0,16,#1E88E5,1,2,32,32 - AZ02 - 3,676,75 de 676
AZ02,3,Chip 1,EPG-U SFOU,0,16,#1E88E5,1,2,32,32 - AZ02 - 3,676,76 de 676
AZ02,3,Chip 1,EPG-U SFOU,0,16,#1E88E5,1,2,32,32 - AZ02 - 3,676,77 de 676
AZ02,3,Chip 1,EPG-U SFOU,0,16,#1E88E5,1,2,32,32 - AZ02 - 3,676,78 de 676
AZ02,3,Chip 1,INFRA,17,3,#000000,0,1,32,32 - AZ02 - 3,0,
AZ02,3,Chip 2,EPG-U SFOU,20,16,#1E88E5,1,2,32,32 - AZ02 - 3,676,391 de 676
AZ02,3,Chip 2,EPG-U SFOU,20,16,#1E88E5,1,2,32,32 - AZ02 - 3,676,392 de 676
AZ02,3,Chip 2,EPG-U SFOU,20,16,#1E88E5,1,2,32,32 - AZ02 - 3,676,393 de 676
AZ02,3,Chip 2,EPG-U SFOU,20,16,#1E88E5,1,2,32,32 - AZ02 - 3,676,394 de 676
AZ02,3,Chip 2,EPG-U SFOU,20,16,#1E88E5,1,2,32,32 - AZ02 - 3,676,395 de 676
AZ02,3,Chip 2,EPG-U SFOU,20,16,#1E88E5,1,2,32,32 - AZ02 - 3,676,396 de 676
AZ02,3,Chip 2,EPG-U SFOU,20,16,#1E88E5,1,2,32,32 - AZ02 - 3,676,397 de 676
AZ02,3,Chip 2,EPG-U SFOU,20,16,#1E88E5,1,2,32,32 - AZ02 - 3,676,398 de 676
AZ02,3,Chip 2,EPG-U SFOU,20,16,#1E88E5,1,2,32,32 - AZ02 - 3,676,399 de 676
AZ02,3,Chip 2,EPG-U SFOU,20,16,#1E88E5,1,2,32,32 - AZ02 - 3,676,400 de 676
AZ02,3,Chip 2,EPG-U SFOU,20,16,#1E88E5,1,2,32,32 - AZ02 - 3,676,401 de 676
AZ02,3,Chip 2,EPG-U SFOU,20,16,#1E88E5,1,2,32,32 - AZ02 - 3,676,402 de 676
AZ02,3,Chip 2,EPG-U SFOU,20,16,#1E88E5,1,2,32,32 - AZ02 - 3,676,403 de 676
AZ02,3,Chip 2,EPG-U SFOU,20,16,#1E88E5,1,2,32,32 - AZ02 - 3,676,404 de 676
AZ02,3,Chip 2,EPG-U SFOU,20,16,#1E88E5,1,2,32,32 - AZ02 - 3,676,405 de 676
AZ02,3,Chip 2,EPG-U SFOU,20,16,#1E88E5,1,2,32,32 - AZ02 - 3,676,406 de 676
AZ02,3,Chip 2,EPG-U SFOU,20,16,#1E88E5,1,2,32,32 - AZ02 - 3,676,407 de 676
AZ02,3,Chip 2,EPG-U SFOU,20,16,#1E88E5,1,2,32,32 - AZ02 - 3,676,408 de 676
AZ02,3,Chip 2,EPG-U SFOU,20,16,#1E88E5,1,2,32,32 - AZ02 - 3,676,409 de 676
AZ02,3,Chip 2,EPG-U SFOU,20,16,#1E88E5,1,2,32,32 - AZ02 - 3,676,410 de 676
AZ02,3,Chip 2,EPG-U SFOU,20,16,#1E88E5,1,2,32,32 - AZ02 - 3,676,411 de 676
AZ02,3,Chip 2,EPG-U SFOU,20,16,#1E88E5,1,2,32,32 - AZ02 - 3,676,412 de 676
AZ02,3,Chip 2,EPG-U SFOU,20,16,#1E88E5,1,2,32,32 - AZ02 - 3,676,413 de 676
AZ02,3,Chip 2,EPG-U SFOU,20,16,#1E88E5,1,2,32,32 - AZ02 - 3,676,414 de 676
AZ02,3,Chip 2,EPG-U SFOU,20,16,#1E88E5,1,2,32,32 - AZ02 - 3,676,415 de 676
AZ02,3,Chip 2,EPG-U SFOU,20,16,#1E88E5,1,2,32,32 - AZ02 - 3,676,416 de 676
AZ02,3,Chip 2,INFRA,37,3,#000000,0,1,32,32 - AZ02 - 3,0,
AZ02,4,Chip 1,EPG-U SFOU,0,16,#1E88E5,1,2,33,33 - AZ02 - 4,676,79 de 676
AZ02,4,Chip 1,EPG-U SFOU,0,16,#1E88E5,1,2,33,33 - AZ02 - 4,676,80 de 676
AZ02,4,Chip 1,EPG-U SFOU,0,16,#1E88E5,1,2,33,33 - AZ02 - 4,676,81 de 676
AZ02,4,Chip 1,EPG-U SFOU,0,16,#1E88E5,1,2,33,33 - AZ02 - 4,676,82 de 676
AZ02,4,Chip 1,EPG-U SFOU,0,16,#1E88E5,1,2,33,33 - AZ02 - 4,676,83 de 676
AZ02,4,Chip 1,EPG-U SFOU,0,16,#1E88E5,1,2,33,33 - AZ02 - 4,676,84 de 676
AZ02,4,Chip 1,EPG-U SFOU,0,16,#1E88E5,1,2,33,33 - AZ02 - 4,676,85 de 676
AZ02,4,Chip 1,EPG-U SFOU,0,16,#1E88E5,1,2,33,33 - AZ02 - 4,676,86 de 676
AZ02,4,Chip 1,EPG-U SFOU,0,16,#1E88E5,1,2,33,33 - AZ02 - 4,676,87 de 676
AZ02,4,Chip 1,EPG-U SFOU,0,16,#1E88E5,1,2,33,33 - AZ02 - 4,676,88 de 676
AZ02,4,Chip 1,EPG-U SFOU,0,16,#1E88E5,1,2,33,33 - AZ02 - 4,676,89 de 676
AZ02,4,Chip 1,EPG-U SFOU,0,16,#1E88E5,1,2,33,33 - AZ02 - 4,676,90 de 676
AZ02,4,Chip 1,EPG-U SFOU,0,16,#1E88E5,1,2,33,33 - AZ02 - 4,676,91 de 676
AZ02,4,Chip 1,EPG-U SFOU,0,16,#1E88E5,1,2,33,33 - AZ02 - 4,676,92 de 676
AZ02,4,Chip 1,EPG-U SFOU,0,16,#1E88E5,1,2,33,33 - AZ02 - 4,676,93 de 676
AZ02,4,Chip 1,EPG-U SFOU,0,16,#1E88E5,1,2,33,33 - AZ02 - 4,676,94 de 676
AZ02,4,Chip 1,EPG-U SFOU,0,16,#1E88E5,1,2,33,33 - AZ02 - 4,676,95 de 676
AZ02,4,Chip 1,EPG-U SFOU,0,16,#1E88E5,1,2,33,33 - AZ02 - 4,676,96 de 676
AZ02,4,Chip 1,EPG-U SFOU,0,16,#1E88E5,1,2,33,33 - AZ02 - 4,676,97 de 676
AZ02,4,Chip 1,EPG-U SFOU,0,16,#1E88E5,1,2,33,33 - AZ02 - 4,676,98 de 676
AZ02,4,Chip 1,EPG-U SFOU,0,16,#1E88E5,1,2,33,33 - AZ02 - 4,676,99 de 676
AZ02,4,Chip 1,EPG-U SFOU,0,16,#1E88E5,1,2,33,33 - AZ02 - 4,676,100 de 676
AZ02,4,Chip 1,EPG-U SFOU,0,16,#1E88E5,1,2,33,33 - AZ02 - 4,676,101 de 676
AZ02,4,Chip 1,EPG-U SFOU,0,16,#1E88E5,1,2,33,33 - AZ02 - 4,676,102 de 676
AZ02,4,Chip 1,EPG-U SFOU,0,16,#1E88E5,1,2,33,33 - AZ02 - 4,676,103 de 676
AZ02,4,Chip 1,EPG-U SFOU,0,16,#1E88E5,1,2,33,33 - AZ02 - 4,676,104 de 676
AZ02,4,Chip 1,INFRA,17,3,#000000,0,1,33,33 - AZ02 - 4,0,
AZ02,4,Chip 2,EPG-U SFOU,20,16,#1E88E5,1,2,33,33 - AZ02 - 4,676,417 de 676
AZ02,4,Chip 2,EPG-U SFOU,20,16,#1E88E5,1,2,33,33 - AZ02 - 4,676,418 de 676
AZ02,4,Chip 2,EPG-U SFOU,20,16,#1E88E5,1,2,33,33 - AZ02 - 4,676,419 de 676
AZ02,4,Chip 2,EPG-U SFOU,20,16,#1E88E5,1,2,33,33 - AZ02 - 4,676,420 de 676
AZ02,4,Chip 2,EPG-U SFOU,20,16,#1E88E5,1,2,33,33 - AZ02 - 4,676,421 de 676
AZ02,4,Chip 2,EPG-U SFOU,20,16,#1E88E5,1,2,33,33 - AZ02 - 4,676,422 de 676
AZ02,4,Chip 2,EPG-U SFOU,20,16,#1E88E5,1,2,33,33 - AZ02 - 4,676,423 de 676
AZ02,4,Chip 2,EPG-U SFOU,20,16,#1E88E5,1,2,33,33 - AZ02 - 4,676,424 de 676
AZ02,4,Chip 2,EPG-U SFOU,20,16,#1E88E5,1,2,33,33 - AZ02 - 4,676,425 de 676
AZ02,4,Chip 2,EPG-U SFOU,20,16,#1E88E5,1,2,33,33 - AZ02 - 4,676,426 de 676
AZ02,4,Chip 2,EPG-U SFOU,20,16,#1E88E5,1,2,33,33 - AZ02 - 4,676,427 de 676
AZ02,4,Chip 2,EPG-U SFOU,20,16,#1E88E5,1,2,33,33 - AZ02 - 4,676,428 de 676
AZ02,4,Chip 2,EPG-U SFOU,20,16,#1E88E5,1,2,33,33 - AZ02 - 4,676,429 de 676
AZ02,4,Chip 2,EPG-U SFOU,20,16,#1E88E5,1,2,33,33 - AZ02 - 4,676,430 de 676
AZ02,4,Chip 2,EPG-U SFOU,20,16,#1E88E5,1,2,33,33 - AZ02 - 4,676,431 de 676
AZ02,4,Chip 2,EPG-U SFOU,20,16,#1E88E5,1,2,33,33 - AZ02 - 4,676,432 de 676
AZ02,4,Chip 2,EPG-U SFOU,20,16,#1E88E5,1,2,33,33 - AZ02 - 4,676,433 de 676
AZ02,4,Chip 2,EPG-U SFOU,20,16,#1E88E5,1,2,33,33 - AZ02 - 4,676,434 de 676
AZ02,4,Chip 2,EPG-U SFOU,20,16,#1E88E5,1,2,33,33 - AZ02 - 4,676,435 de 676
AZ02,4,Chip 2,EPG-U SFOU,20,16,#1E88E5,1,2,33,33 - AZ02 - 4,676,436 de 676
AZ02,4,Chip 2,EPG-U SFOU,20,16,#1E88E5,1,2,33,33 - AZ02 - 4,676,437 de 676
AZ02,4,Chip 2,EPG-U SFOU,20,16,#1E88E5,1,2,33,33 - AZ02 - 4,676,438 de 676
AZ02,4,Chip 2,EPG-U SFOU,20,16,#1E88E5,1,2,33,33 - AZ02 - 4,676,439 de 676
AZ02,4,Chip 2,EPG-U SFOU,20,16,#1E88E5,1,2,33,33 - AZ02 - 4,676,440 de 676
AZ02,4,Chip 2,EPG-U SFOU,20,16,#1E88E5,1,2,33,33 - AZ02 - 4,676,441 de 676
AZ02,4,Chip 2,EPG-U SFOU,20,16,#1E88E5,1,2,33,33 - AZ02 - 4,676,442 de 676
AZ02,4,Chip 2,INFRA,37,3,#000000,0,1,33,33 - AZ02 - 4,0,
AZ02,5,Chip 1,EPG-U SFOU,0,16,#1E88E5,1,2,34,34 - AZ02 - 5,676,105 de 676
AZ02,5,Chip 1,EPG-U SFOU,0,16,#1E88E5,1,2,34,34 - AZ02 - 5,676,106 de 676
AZ02,5,Chip 1,EPG-U SFOU,0,16,#1E88E5,1,2,34,34 - AZ02 - 5,676,107 de 676
AZ02,5,Chip 1,EPG-U SFOU,0,16,#1E88E5,1,2,34,34 - AZ02 - 5,676,108 de 676
AZ02,5,Chip 1,EPG-U SFOU,0,16,#1E88E5,1,2,34,34 - AZ02 - 5,676,109 de 676
AZ02,5,Chip 1,EPG-U SFOU,0,16,#1E88E5,1,2,34,34 - AZ02 - 5,676,110 de 676
AZ02,5,Chip 1,EPG-U SFOU,0,16,#1E88E5,1,2,34,34 - AZ02 - 5,676,111 de 676
AZ02,5,Chip 1,EPG-U SFOU,0,16,#1E88E5,1,2,34,34 - AZ02 - 5,676,112 de 676
AZ02,5,Chip 1,EPG-U SFOU,0,16,#1E88E5,1,2,34,34 - AZ02 - 5,676,113 de 676
AZ02,5,Chip 1,EPG-U SFOU,0,16,#1E88E5,1,2,34,34 - AZ02 - 5,676,114 de 676
AZ02,5,Chip 1,EPG-U SFOU,0,16,#1E88E5,1,2,34,34 - AZ02 - 5,676,115 de 676
AZ02,5,Chip 1,EPG-U SFOU,0,16,#1E88E5,1,2,34,34 - AZ02 - 5,676,116 de 676
AZ02,5,Chip 1,EPG-U SFOU,0,16,#1E88E5,1,2,34,34 - AZ02 - 5,676,117 de 676
AZ02,5,Chip 1,EPG-U SFOU,0,16,#1E88E5,1,2,34,34 - AZ02 - 5,676,118 de 676
AZ02,5,Chip 1,EPG-U SFOU,0,16,#1E88E5,1,2,34,34 - AZ02 - 5,676,119 de 676
AZ02,5,Chip 1,EPG-U SFOU,0,16,#1E88E5,1,2,34,34 - AZ02 - 5,676,120 de 676
AZ02,5,Chip 1,EPG-U SFOU,0,16,#1E88E5,1,2,34,34 - AZ02 - 5,676,121 de 676
AZ02,5,Chip 1,EPG-U SFOU,0,16,#1E88E5,1,2,34,34 - AZ02 - 5,676,122 de 676
AZ02,5,Chip 1,EPG-U SFOU,0,16,#1E88E5,1,2,34,34 - AZ02 - 5,676,123 de 676
AZ02,5,Chip 1,EPG-U SFOU,0,16,#1E88E5,1,2,34,34 - AZ02 - 5,676,124 de 676
AZ02,5,Chip 1,EPG-U SFOU,0,16,#1E88E5,1,2,34,34 - AZ02 - 5,676,125 de 676
AZ02,5,Chip 1,EPG-U SFOU,0,16,#1E88E5,1,2,34,34 - AZ02 - 5,676,126 de 676
AZ02,5,Chip 1,EPG-U SFOU,0,16,#1E88E5,1,2,34,34 - AZ02 - 5,676,127 de 676
AZ02,5,Chip 1,EPG-U SFOU,0,16,#1E88E5,1,2,34,34 - AZ02 - 5,676,128 de 676
AZ02,5,Chip 1,EPG-U SFOU,0,16,#1E88E5,1,2,34,34 - AZ02 - 5,676,129 de 676
AZ02,5,Chip 1,EPG-U SFOU,0,16,#1E88E5,1,2,34,34 - AZ02 - 5,676,130 de 676
AZ02,5,Chip 1,INFRA,17,3,#000000,0,1,34,34 - AZ02 - 5,0,
AZ02,5,Chip 2,EPG-U SFOU,20,16,#1E88E5,1,2,34,34 - AZ02 - 5,676,443 de 676
AZ02,5,Chip 2,EPG-U SFOU,20,16,#1E88E5,1,2,34,34 - AZ02 - 5,676,444 de 676
AZ02,5,Chip 2,EPG-U SFOU,20,16,#1E88E5,1,2,34,34 - AZ02 - 5,676,445 de 676
AZ02,5,Chip 2,EPG-U SFOU,20,16,#1E88E5,1,2,34,34 - AZ02 - 5,676,446 de 676
AZ02,5,Chip 2,EPG-U SFOU,20,16,#1E88E5,1,2,34,34 - AZ02 - 5,676,447 de 676
AZ02,5,Chip 2,EPG-U SFOU,20,16,#1E88E5,1,2,34,34 - AZ02 - 5,676,448 de 676
AZ02,5,Chip 2,EPG-U SFOU,20,16,#1E88E5,1,2,34,34 - AZ02 - 5,676,449 de 676
AZ02,5,Chip 2,EPG-U SFOU,20,16,#1E88E5,1,2,34,34 - AZ02 - 5,676,450 de 676
AZ02,5,Chip 2,EPG-U SFOU,20,16,#1E88E5,1,2,34,34 - AZ02 - 5,676,451 de 676
AZ02,5,Chip 2,EPG-U SFOU,20,16,#1E88E5,1,2,34,34 - AZ02 - 5,676,452 de 676
AZ02,5,Chip 2,EPG-U SFOU,20,16,#1E88E5,1,2,34,34 - AZ02 - 5,676,453 de 676
AZ02,5,Chip 2,EPG-U SFOU,20,16,#1E88E5,1,2,34,34 - AZ02 - 5,676,454 de 676
AZ02,5,Chip 2,EPG-U SFOU,20,16,#1E88E5,1,2,34,34 - AZ02 - 5,676,455 de 676
AZ02,5,Chip 2,EPG-U SFOU,20,16,#1E88E5,1,2,34,34 - AZ02 - 5,676,456 de 676
AZ02,5,Chip 2,EPG-U SFOU,20,16,#1E88E5,1,2,34,34 - AZ02 - 5,676,457 de 676
AZ02,5,Chip 2,EPG-U SFOU,20,16,#1E88E5,1,2,34,34 - AZ02 - 5,676,458 de 676
AZ02,5,Chip 2,EPG-U SFOU,20,16,#1E88E5,1,2,34,34 - AZ02 - 5,676,459 de 676
AZ02,5,Chip 2,EPG-U SFOU,20,16,#1E88E5,1,2,34,34 - AZ02 - 5,676,460 de 676
AZ02,5,Chip 2,EPG-U SFOU,20,16,#1E88E5,1,2,34,34 - AZ02 - 5,676,461 de 676
AZ02,5,Chip 2,EPG-U SFOU,20,16,#1E88E5,1,2,34,34 - AZ02 - 5,676,462 de 676
AZ02,5,Chip 2,EPG-U SFOU,20,16,#1E88E5,1,2,34,34 - AZ02 - 5,676,463 de 676
AZ02,5,Chip 2,EPG-U SFOU,20,16,#1E88E5,1,2,34,34 - AZ02 - 5,676,464 de 676
AZ02,5,Chip 2,EPG-U SFOU,20,16,#1E88E5,1,2,34,34 - AZ02 - 5,676,465 de 676
AZ02,5,Chip 2,EPG-U SFOU,20,16,#1E88E5,1,2,34,34 - AZ02 - 5,676,466 de 676
AZ02,5,Chip 2,EPG-U SFOU,20,16,#1E88E5,1,2,34,34 - AZ02 - 5,676,467 de 676
AZ02,5,Chip 2,EPG-U SFOU,20,16,#1E88E5,1,2,34,34 - AZ02 - 5,676,468 de 676
AZ02,5,Chip 2,INFRA,37,3,#000000,0,1,34,34 - AZ02 - 5,0,
AZ02,6,Chip 1,EPG-U SFOU,0,16,#1E88E5,1,2,35,35 - AZ02 - 6,676,131 de 676
AZ02,6,Chip 1,EPG-U SFOU,0,16,#1E88E5,1,2,35,35 - AZ02 - 6,676,132 de 676
AZ02,6,Chip 1,EPG-U SFOU,0,16,#1E88E5,1,2,35,35 - AZ02 - 6,676,133 de 676
AZ02,6,Chip 1,EPG-U SFOU,0,16,#1E88E5,1,2,35,35 - AZ02 - 6,676,134 de 676
AZ02,6,Chip 1,EPG-U SFOU,0,16,#1E88E5,1,2,35,35 - AZ02 - 6,676,135 de 676
AZ02,6,Chip 1,EPG-U SFOU,0,16,#1E88E5,1,2,35,35 - AZ02 - 6,676,136 de 676
AZ02,6,Chip 1,EPG-U SFOU,0,16,#1E88E5,1,2,35,35 - AZ02 - 6,676,137 de 676
AZ02,6,Chip 1,EPG-U SFOU,0,16,#1E88E5,1,2,35,35 - AZ02 - 6,676,138 de 676
AZ02,6,Chip 1,EPG-U SFOU,0,16,#1E88E5,1,2,35,35 - AZ02 - 6,676,139 de 676
AZ02,6,Chip 1,EPG-U SFOU,0,16,#1E88E5,1,2,35,35 - AZ02 - 6,676,140 de 676
AZ02,6,Chip 1,EPG-U SFOU,0,16,#1E88E5,1,2,35,35 - AZ02 - 6,676,141 de 676
AZ02,6,Chip 1,EPG-U SFOU,0,16,#1E88E5,1,2,35,35 - AZ02 - 6,676,142 de 676
AZ02,6,Chip 1,EPG-U SFOU,0,16,#1E88E5,1,2,35,35 - AZ02 - 6,676,143 de 676
AZ02,6,Chip 1,EPG-U SFOU,0,16,#1E88E5,1,2,35,35 - AZ02 - 6,676,144 de 676
AZ02,6,Chip 1,EPG-U SFOU,0,16,#1E88E5,1,2,35,35 - AZ02 - 6,676,145 de 676
AZ02,6,Chip 1,EPG-U SFOU,0,16,#1E88E5,1,2,35,35 - AZ02 - 6,676,146 de 676
AZ02,6,Chip 1,EPG-U SFOU,0,16,#1E88E5,1,2,35,35 - AZ02 - 6,676,147 de 676
AZ02,6,Chip 1,EPG-U SFOU,0,16,#1E88E5,1,2,35,35 - AZ02 - 6,676,148 de 676
AZ02,6,Chip 1,EPG-U SFOU,0,16,#1E88E5,1,2,35,35 - AZ02 - 6,676,149 de 676
AZ02,6,Chip 1,EPG-U SFOU,0,16,#1E88E5,1,2,35,35 - AZ02 - 6,676,150 de 676
AZ02,6,Chip 1,EPG-U SFOU,0,16,#1E88E5,1,2,35,35 - AZ02 - 6,676,151 de 676
AZ02,6,Chip 1,EPG-U SFOU,0,16,#1E88E5,1,2,35,35 - AZ02 - 6,676,152 de 676
AZ02,6,Chip 1,EPG-U SFOU,0,16,#1E88E5,1,2,35,35 - AZ02 - 6,676,153 de 676
AZ02,6,Chip 1,EPG-U SFOU,0,16,#1E88E5,1,2,35,35 - AZ02 - 6,676,154 de 676
AZ02,6,Chip 1,EPG-U SFOU,0,16,#1E88E5,1,2,35,35 - AZ02 - 6,676,155 de 676
AZ02,6,Chip 1,EPG-U SFOU,0,16,#1E88E5,1,2,35,35 - AZ02 - 6,676,156 de 676
AZ02,6,Chip 1,INFRA,17,3,#000000,0,1,35,35 - AZ02 - 6,0,
AZ02,6,Chip 2,EPG-U SFOU,20,16,#1E88E5,1,2,35,35 - AZ02 - 6,676,469 de 676
AZ02,6,Chip 2,EPG-U SFOU,20,16,#1E88E5,1,2,35,35 - AZ02 - 6,676,470 de 676
AZ02,6,Chip 2,EPG-U SFOU,20,16,#1E88E5,1,2,35,35 - AZ02 - 6,676,471 de 676
AZ02,6,Chip 2,EPG-U SFOU,20,16,#1E88E5,1,2,35,35 - AZ02 - 6,676,472 de 676
AZ02,6,Chip 2,EPG-U SFOU,20,16,#1E88E5,1,2,35,35 - AZ02 - 6,676,473 de 676
AZ02,6,Chip 2,EPG-U SFOU,20,16,#1E88E5,1,2,35,35 - AZ02 - 6,676,474 de 676
AZ02,6,Chip 2,EPG-U SFOU,20,16,#1E88E5,1,2,35,35 - AZ02 - 6,676,475 de 676
AZ02,6,Chip 2,EPG-U SFOU,20,16,#1E88E5,1,2,35,35 - AZ02 - 6,676,476 de 676
AZ02,6,Chip 2,EPG-U SFOU,20,16,#1E88E5,1,2,35,35 - AZ02 - 6,676,477 de 676
AZ02,6,Chip 2,EPG-U SFOU,20,16,#1E88E5,1,2,35,35 - AZ02 - 6,676,478 de 676
AZ02,6,Chip 2,EPG-U SFOU,20,16,#1E88E5,1,2,35,35 - AZ02 - 6,676,479 de 676
AZ02,6,Chip 2,EPG-U SFOU,20,16,#1E88E5,1,2,35,35 - AZ02 - 6,676,480 de 676
AZ02,6,Chip 2,EPG-U SFOU,20,16,#1E88E5,1,2,35,35 - AZ02 - 6,676,481 de 676
AZ02,6,Chip 2,EPG-U SFOU,20,16,#1E88E5,1,2,35,35 - AZ02 - 6,676,482 de 676
AZ02,6,Chip 2,EPG-U SFOU,20,16,#1E88E5,1,2,35,35 - AZ02 - 6,676,483 de 676
AZ02,6,Chip 2,EPG-U SFOU,20,16,#1E88E5,1,2,35,35 - AZ02 - 6,676,484 de 676
AZ02,6,Chip 2,EPG-U SFOU,20,16,#1E88E5,1,2,35,35 - AZ02 - 6,676,485 de 676
AZ02,6,Chip 2,EPG-U SFOU,20,16,#1E88E5,1,2,35,35 - AZ02 - 6,676,486 de 676
AZ02,6,Chip 2,EPG-U SFOU,20,16,#1E88E5,1,2,35,35 - AZ02 - 6,676,487 de 676
AZ02,6,Chip 2,EPG-U SFOU,20,16,#1E88E5,1,2,35,35 - AZ02 - 6,676,488 de 676
AZ02,6,Chip 2,EPG-U SFOU,20,16,#1E88E5,1,2,35,35 - AZ02 - 6,676,489 de 676
AZ02,6,Chip 2,EPG-U SFOU,20,16,#1E88E5,1,2,35,35 - AZ02 - 6,676,490 de 676
AZ02,6,Chip 2,EPG-U SFOU,20,16,#1E88E5,1,2,35,35 - AZ02 - 6,676,491 de 676
AZ02,6,Chip 2,EPG-U SFOU,20,16,#1E88E5,1,2,35,35 - AZ02 - 6,676,492 de 676
AZ02,6,Chip 2,EPG-U SFOU,20,16,#1E88E5,1,2,35,35 - AZ02 - 6,676,493 de 676
AZ02,6,Chip 2,EPG-U SFOU,20,16,#1E88E5,1,2,35,35 - AZ02 - 6,676,494 de 676
AZ02,6,Chip 2,INFRA,37,3,#000000,0,1,35,35 - AZ02 - 6,0,
AZ02,7,Chip 1,EPG-U SFOU,0,16,#1E88E5,1,2,36,36 - AZ02 - 7,676,157 de 676
AZ02,7,Chip 1,EPG-U SFOU,0,16,#1E88E5,1,2,36,36 - AZ02 - 7,676,158 de 676
AZ02,7,Chip 1,EPG-U SFOU,0,16,#1E88E5,1,2,36,36 - AZ02 - 7,676,159 de 676
AZ02,7,Chip 1,EPG-U SFOU,0,16,#1E88E5,1,2,36,36 - AZ02 - 7,676,160 de 676
AZ02,7,Chip 1,EPG-U SFOU,0,16,#1E88E5,1,2,36,36 - AZ02 - 7,676,161 de 676
AZ02,7,Chip 1,EPG-U SFOU,0,16,#1E88E5,1,2,36,36 - AZ02 - 7,676,162 de 676
AZ02,7,Chip 1,EPG-U SFOU,0,16,#1E88E5,1,2,36,36 - AZ02 - 7,676,163 de 676
AZ02,7,Chip 1,EPG-U SFOU,0,16,#1E88E5,1,2,36,36 - AZ02 - 7,676,164 de 676
AZ02,7,Chip 1,EPG-U SFOU,0,16,#1E88E5,1,2,36,36 - AZ02 - 7,676,165 de 676
AZ02,7,Chip 1,EPG-U SFOU,0,16,#1E88E5,1,2,36,36 - AZ02 - 7,676,166 de 676
AZ02,7,Chip 1,EPG-U SFOU,0,16,#1E88E5,1,2,36,36 - AZ02 - 7,676,167 de 676
AZ02,7,Chip 1,EPG-U SFOU,0,16,#1E88E5,1,2,36,36 - AZ02 - 7,676,168 de 676
AZ02,7,Chip 1,EPG-U SFOU,0,16,#1E88E5,1,2,36,36 - AZ02 - 7,676,169 de 676
AZ02,7,Chip 1,EPG-U SFOU,0,16,#1E88E5,1,2,36,36 - AZ02 - 7,676,170 de 676
AZ02,7,Chip 1,EPG-U SFOU,0,16,#1E88E5,1,2,36,36 - AZ02 - 7,676,171 de 676
AZ02,7,Chip 1,EPG-U SFOU,0,16,#1E88E5,1,2,36,36 - AZ02 - 7,676,172 de 676
AZ02,7,Chip 1,EPG-U SFOU,0,16,#1E88E5,1,2,36,36 - AZ02 - 7,676,173 de 676
AZ02,7,Chip 1,EPG-U SFOU,0,16,#1E88E5,1,2,36,36 - AZ02 - 7,676,174 de 676
AZ02,7,Chip 1,EPG-U SFOU,0,16,#1E88E5,1,2,36,36 - AZ02 - 7,676,175 de 676
AZ02,7,Chip 1,EPG-U SFOU,0,16,#1E88E5,1,2,36,36 - AZ02 - 7,676,176 de 676
AZ02,7,Chip 1,EPG-U SFOU,0,16,#1E88E5,1,2,36,36 - AZ02 - 7,676,177 de 676
AZ02,7,Chip 1,EPG-U SFOU,0,16,#1E88E5,1,2,36,36 - AZ02 - 7,676,178 de 676
AZ02,7,Chip 1,EPG-U SFOU,0,16,#1E88E5,1,2,36,36 - AZ02 - 7,676,179 de 676
AZ02,7,Chip 1,EPG-U SFOU,0,16,#1E88E5,1,2,36,36 - AZ02 - 7,676,180 de 676
AZ02,7,Chip 1,EPG-U SFOU,0,16,#1E88E5,1,2,36,36 - AZ02 - 7,676,181 de 676
AZ02,7,Chip 1,EPG-U SFOU,0,16,#1E88E5,1,2,36,36 - AZ02 - 7,676,182 de 676
AZ02,7,Chip 1,INFRA,17,3,#000000,0,1,36,36 - AZ02 - 7,0,
AZ02,7,Chip 2,EPG-U SFOU,20,16,#1E88E5,1,2,36,36 - AZ02 - 7,676,495 de 676
AZ02,7,Chip 2,EPG-U SFOU,20,16,#1E88E5,1,2,36,36 - AZ02 - 7,676,496 de 676
AZ02,7,Chip 2,EPG-U SFOU,20,16,#1E88E5,1,2,36,36 - AZ02 - 7,676,497 de 676
AZ02,7,Chip 2,EPG-U SFOU,20,16,#1E88E5,1,2,36,36 - AZ02 - 7,676,498 de 676
AZ02,7,Chip 2,EPG-U SFOU,20,16,#1E88E5,1,2,36,36 - AZ02 - 7,676,499 de 676
AZ02,7,Chip 2,EPG-U SFOU,20,16,#1E88E5,1,2,36,36 - AZ02 - 7,676,500 de 676
AZ02,7,Chip 2,EPG-U SFOU,20,16,#1E88E5,1,2,36,36 - AZ02 - 7,676,501 de 676
AZ02,7,Chip 2,EPG-U SFOU,20,16,#1E88E5,1,2,36,36 - AZ02 - 7,676,502 de 676
AZ02,7,Chip 2,EPG-U SFOU,20,16,#1E88E5,1,2,36,36 - AZ02 - 7,676,503 de 676
AZ02,7,Chip 2,EPG-U SFOU,20,16,#1E88E5,1,2,36,36 - AZ02 - 7,676,504 de 676
AZ02,7,Chip 2,EPG-U SFOU,20,16,#1E88E5,1,2,36,36 - AZ02 - 7,676,505 de 676
AZ02,7,Chip 2,EPG-U SFOU,20,16,#1E88E5,1,2,36,36 - AZ02 - 7,676,506 de 676
AZ02,7,Chip 2,EPG-U SFOU,20,16,#1E88E5,1,2,36,36 - AZ02 - 7,676,507 de 676
AZ02,7,Chip 2,EPG-U SFOU,20,16,#1E88E5,1,2,36,36 - AZ02 - 7,676,508 de 676
AZ02,7,Chip 2,EPG-U SFOU,20,16,#1E88E5,1,2,36,36 - AZ02 - 7,676,509 de 676
AZ02,7,Chip 2,EPG-U SFOU,20,16,#1E88E5,1,2,36,36 - AZ02 - 7,676,510 de 676
AZ02,7,Chip 2,EPG-U SFOU,20,16,#1E88E5,1,2,36,36 - AZ02 - 7,676,511 de 676
AZ02,7,Chip 2,EPG-U SFOU,20,16,#1E88E5,1,2,36,36 - AZ02 - 7,676,512 de 676
AZ02,7,Chip 2,EPG-U SFOU,20,16,#1E88E5,1,2,36,36 - AZ02 - 7,676,513 de 676
AZ02,7,Chip 2,EPG-U SFOU,20,16,#1E88E5,1,2,36,36 - AZ02 - 7,676,514 de 676
AZ02,7,Chip 2,EPG-U SFOU,20,16,#1E88E5,1,2,36,36 - AZ02 - 7,676,515 de 676
AZ02,7,Chip 2,EPG-U SFOU,20,16,#1E88E5,1,2,36,36 - AZ02 - 7,676,516 de 676
AZ02,7,Chip 2,EPG-U SFOU,20,16,#1E88E5,1,2,36,36 - AZ02 - 7,676,517 de 676
AZ02,7,Chip 2,EPG-U SFOU,20,16,#1E88E5,1,2,36,36 - AZ02 - 7,676,518 de 676
AZ02,7,Chip 2,EPG-U SFOU,20,16,#1E88E5,1,2,36,36 - AZ02 - 7,676,519 de 676
AZ02,7,Chip 2,EPG-U SFOU,20,16,#1E88E5,1,2,36,36 - AZ02 - 7,676,520 de 676
AZ02,7,Chip 2,INFRA,37,3,#000000,0,1,36,36 - AZ02 - 7,0,
AZ02,8,Chip 1,EPG-U SFOU,0,16,#1E88E5,1,2,37,37 - AZ02 - 8,676,183 de 676
AZ02,8,Chip 1,EPG-U SFOU,0,16,#1E88E5,1,2,37,37 - AZ02 - 8,676,184 de 676
AZ02,8,Chip 1,EPG-U SFOU,0,16,#1E88E5,1,2,37,37 - AZ02 - 8,676,185 de 676
AZ02,8,Chip 1,EPG-U SFOU,0,16,#1E88E5,1,2,37,37 - AZ02 - 8,676,186 de 676
AZ02,8,Chip 1,EPG-U SFOU,0,16,#1E88E5,1,2,37,37 - AZ02 - 8,676,187 de 676
AZ02,8,Chip 1,EPG-U SFOU,0,16,#1E88E5,1,2,37,37 - AZ02 - 8,676,188 de 676
AZ02,8,Chip 1,EPG-U SFOU,0,16,#1E88E5,1,2,37,37 - AZ02 - 8,676,189 de 676
AZ02,8,Chip 1,EPG-U SFOU,0,16,#1E88E5,1,2,37,37 - AZ02 - 8,676,190 de 676
AZ02,8,Chip 1,EPG-U SFOU,0,16,#1E88E5,1,2,37,37 - AZ02 - 8,676,191 de 676
AZ02,8,Chip 1,EPG-U SFOU,0,16,#1E88E5,1,2,37,37 - AZ02 - 8,676,192 de 676
AZ02,8,Chip 1,EPG-U SFOU,0,16,#1E88E5,1,2,37,37 - AZ02 - 8,676,193 de 676
AZ02,8,Chip 1,EPG-U SFOU,0,16,#1E88E5,1,2,37,37 - AZ02 - 8,676,194 de 676
AZ02,8,Chip 1,EPG-U SFOU,0,16,#1E88E5,1,2,37,37 - AZ02 - 8,676,195 de 676
AZ02,8,Chip 1,EPG-U SFOU,0,16,#1E88E5,1,2,37,37 - AZ02 - 8,676,196 de 676
AZ02,8,Chip 1,EPG-U SFOU,0,16,#1E88E5,1,2,37,37 - AZ02 - 8,676,197 de 676
AZ02,8,Chip 1,EPG-U SFOU,0,16,#1E88E5,1,2,37,37 - AZ02 - 8,676,198 de 676
AZ02,8,Chip 1,EPG-U SFOU,0,16,#1E88E5,1,2,37,37 - AZ02 - 8,676,199 de 676
AZ02,8,Chip 1,EPG-U SFOU,0,16,#1E88E5,1,2,37,37 - AZ02 - 8,676,200 de 676
AZ02,8,Chip 1,EPG-U SFOU,0,16,#1E88E5,1,2,37,37 - AZ02 - 8,676,201 de 676
AZ02,8,Chip 1,EPG-U SFOU,0,16,#1E88E5,1,2,37,37 - AZ02 - 8,676,202 de 676
AZ02,8,Chip 1,EPG-U SFOU,0,16,#1E88E5,1,2,37,37 - AZ02 - 8,676,203 de 676
AZ02,8,Chip 1,EPG-U SFOU,0,16,#1E88E5,1,2,37,37 - AZ02 - 8,676,204 de 676
AZ02,8,Chip 1,EPG-U SFOU,0,16,#1E88E5,1,2,37,37 - AZ02 - 8,676,205 de 676
AZ02,8,Chip 1,EPG-U SFOU,0,16,#1E88E5,1,2,37,37 - AZ02 - 8,676,206 de 676
AZ02,8,Chip 1,EPG-U SFOU,0,16,#1E88E5,1,2,37,37 - AZ02 - 8,676,207 de 676
AZ02,8,Chip 1,EPG-U SFOU,0,16,#1E88E5,1,2,37,37 - AZ02 - 8,676,208 de 676
AZ02,8,Chip 1,INFRA,17,3,#000000,0,1,37,37 - AZ02 - 8,0,
AZ02,8,Chip 2,EPG-U SFOU,20,16,#1E88E5,1,2,37,37 - AZ02 - 8,676,521 de 676
AZ02,8,Chip 2,EPG-U SFOU,20,16,#1E88E5,1,2,37,37 - AZ02 - 8,676,522 de 676
AZ02,8,Chip 2,EPG-U SFOU,20,16,#1E88E5,1,2,37,37 - AZ02 - 8,676,523 de 676
AZ02,8,Chip 2,EPG-U SFOU,20,16,#1E88E5,1,2,37,37 - AZ02 - 8,676,524 de 676
AZ02,8,Chip 2,EPG-U SFOU,20,16,#1E88E5,1,2,37,37 - AZ02 - 8,676,525 de 676
AZ02,8,Chip 2,EPG-U SFOU,20,16,#1E88E5,1,2,37,37 - AZ02 - 8,676,526 de 676
AZ02,8,Chip 2,EPG-U SFOU,20,16,#1E88E5,1,2,37,37 - AZ02 - 8,676,527 de 676
AZ02,8,Chip 2,EPG-U SFOU,20,16,#1E88E5,1,2,37,37 - AZ02 - 8,676,528 de 676
AZ02,8,Chip 2,EPG-U SFOU,20,16,#1E88E5,1,2,37,37 - AZ02 - 8,676,529 de 676
AZ02,8,Chip 2,EPG-U SFOU,20,16,#1E88E5,1,2,37,37 - AZ02 - 8,676,530 de 676
AZ02,8,Chip 2,EPG-U SFOU,20,16,#1E88E5,1,2,37,37 - AZ02 - 8,676,531 de 676
AZ02,8,Chip 2,EPG-U SFOU,20,16,#1E88E5,1,2,37,37 - AZ02 - 8,676,532 de 676
AZ02,8,Chip 2,EPG-U SFOU,20,16,#1E88E5,1,2,37,37 - AZ02 - 8,676,533 de 676
AZ02,8,Chip 2,EPG-U SFOU,20,16,#1E88E5,1,2,37,37 - AZ02 - 8,676,534 de 676
AZ02,8,Chip 2,EPG-U SFOU,20,16,#1E88E5,1,2,37,37 - AZ02 - 8,676,535 de 676
AZ02,8,Chip 2,EPG-U SFOU,20,16,#1E88E5,1,2,37,37 - AZ02 - 8,676,536 de 676
AZ02,8,Chip 2,EPG-U SFOU,20,16,#1E88E5,1,2,37,37 - AZ02 - 8,676,537 de 676
AZ02,8,Chip 2,EPG-U SFOU,20,16,#1E88E5,1,2,37,37 - AZ02 - 8,676,538 de 676
AZ02,8,Chip 2,EPG-U SFOU,20,16,#1E88E5,1,2,37,37 - AZ02 - 8,676,539 de 676
AZ02,8,Chip 2,EPG-U SFOU,20,16,#1E88E5,1,2,37,37 - AZ02 - 8,676,540 de 676
AZ02,8,Chip 2,EPG-U SFOU,20,16,#1E88E5,1,2,37,37 - AZ02 - 8,676,541 de 676
AZ02,8,Chip 2,EPG-U SFOU,20,16,#1E88E5,1,2,37,37 - AZ02 - 8,676,542 de 676
AZ02,8,Chip 2,EPG-U SFOU,20,16,#1E88E5,1,2,37,37 - AZ02 - 8,676,543 de 676
AZ02,8,Chip 2,EPG-U SFOU,20,16,#1E88E5,1,2,37,37 - AZ02 - 8,676,544 de 676
AZ02,8,Chip 2,EPG-U SFOU,20,16,#1E88E5,1,2,37,37 - AZ02 - 8,676,545 de 676
AZ02,8,Chip 2,EPG-U SFOU,20,16,#1E88E5,1,2,37,37 - AZ02 - 8,676,546 de 676
AZ02,8,Chip 2,INFRA,37,3,#000000,0,1,37,37 - AZ02 - 8,0,
AZ02,9,Chip 1,EPG-U SFOU,0,16,#1E88E5,1,2,38,38 - AZ02 - 9,676,209 de 676
AZ02,9,Chip 1,EPG-U SFOU,0,16,#1E88E5,1,2,38,38 - AZ02 - 9,676,210 de 676
AZ02,9,Chip 1,EPG-U SFOU,0,16,#1E88E5,1,2,38,38 - AZ02 - 9,676,211 de 676
AZ02,9,Chip 1,EPG-U SFOU,0,16,#1E88E5,1,2,38,38 - AZ02 - 9,676,212 de 676
AZ02,9,Chip 1,EPG-U SFOU,0,16,#1E88E5,1,2,38,38 - AZ02 - 9,676,213 de 676
AZ02,9,Chip 1,EPG-U SFOU,0,16,#1E88E5,1,2,38,38 - AZ02 - 9,676,214 de 676
AZ02,9,Chip 1,EPG-U SFOU,0,16,#1E88E5,1,2,38,38 - AZ02 - 9,676,215 de 676
AZ02,9,Chip 1,EPG-U SFOU,0,16,#1E88E5,1,2,38,38 - AZ02 - 9,676,216 de 676
AZ02,9,Chip 1,EPG-U SFOU,0,16,#1E88E5,1,2,38,38 - AZ02 - 9,676,217 de 676
AZ02,9,Chip 1,EPG-U SFOU,0,16,#1E88E5,1,2,38,38 - AZ02 - 9,676,218 de 676
AZ02,9,Chip 1,EPG-U SFOU,0,16,#1E88E5,1,2,38,38 - AZ02 - 9,676,219 de 676
AZ02,9,Chip 1,EPG-U SFOU,0,16,#1E88E5,1,2,38,38 - AZ02 - 9,676,220 de 676
AZ02,9,Chip 1,EPG-U SFOU,0,16,#1E88E5,1,2,38,38 - AZ02 - 9,676,221 de 676
AZ02,9,Chip 1,EPG-U SFOU,0,16,#1E88E5,1,2,38,38 - AZ02 - 9,676,222 de 676
AZ02,9,Chip 1,EPG-U SFOU,0,16,#1E88E5,1,2,38,38 - AZ02 - 9,676,223 de 676
AZ02,9,Chip 1,EPG-U SFOU,0,16,#1E88E5,1,2,38,38 - AZ02 - 9,676,224 de 676
AZ02,9,Chip 1,EPG-U SFOU,0,16,#1E88E5,1,2,38,38 - AZ02 - 9,676,225 de 676
AZ02,9,Chip 1,EPG-U SFOU,0,16,#1E88E5,1,2,38,38 - AZ02 - 9,676,226 de 676
AZ02,9,Chip 1,EPG-U SFOU,0,16,#1E88E5,1,2,38,38 - AZ02 - 9,676,227 de 676
AZ02,9,Chip 1,EPG-U SFOU,0,16,#1E88E5,1,2,38,38 - AZ02 - 9,676,228 de 676
AZ02,9,Chip 1,EPG-U SFOU,0,16,#1E88E5,1,2,38,38 - AZ02 - 9,676,229 de 676
AZ02,9,Chip 1,EPG-U SFOU,0,16,#1E88E5,1,2,38,38 - AZ02 - 9,676,230 de 676
AZ02,9,Chip 1,EPG-U SFOU,0,16,#1E88E5,1,2,38,38 - AZ02 - 9,676,231 de 676
AZ02,9,Chip 1,EPG-U SFOU,0,16,#1E88E5,1,2,38,38 - AZ02 - 9,676,232 de 676
AZ02,9,Chip 1,EPG-U SFOU,0,16,#1E88E5,1,2,38,38 - AZ02 - 9,676,233 de 676
AZ02,9,Chip 1,EPG-U SFOU,0,16,#1E88E5,1,2,38,38 - AZ02 - 9,676,234 de 676
AZ02,9,Chip 1,INFRA,17,3,#000000,0,1,38,38 - AZ02 - 9,0,
AZ02,9,Chip 2,EPG-U SFOU,20,16,#1E88E5,1,2,38,38 - AZ02 - 9,676,547 de 676
AZ02,9,Chip 2,EPG-U SFOU,20,16,#1E88E5,1,2,38,38 - AZ02 - 9,676,548 de 676
AZ02,9,Chip 2,EPG-U SFOU,20,16,#1E88E5,1,2,38,38 - AZ02 - 9,676,549 de 676
AZ02,9,Chip 2,EPG-U SFOU,20,16,#1E88E5,1,2,38,38 - AZ02 - 9,676,550 de 676
AZ02,9,Chip 2,EPG-U SFOU,20,16,#1E88E5,1,2,38,38 - AZ02 - 9,676,551 de 676
AZ02,9,Chip 2,EPG-U SFOU,20,16,#1E88E5,1,2,38,38 - AZ02 - 9,676,552 de 676
AZ02,9,Chip 2,EPG-U SFOU,20,16,#1E88E5,1,2,38,38 - AZ02 - 9,676,553 de 676
AZ02,9,Chip 2,EPG-U SFOU,20,16,#1E88E5,1,2,38,38 - AZ02 - 9,676,554 de 676
AZ02,9,Chip 2,EPG-U SFOU,20,16,#1E88E5,1,2,38,38 - AZ02 - 9,676,555 de 676
AZ02,9,Chip 2,EPG-U SFOU,20,16,#1E88E5,1,2,38,38 - AZ02 - 9,676,556 de 676
AZ02,9,Chip 2,EPG-U SFOU,20,16,#1E88E5,1,2,38,38 - AZ02 - 9,676,557 de 676
AZ02,9,Chip 2,EPG-U SFOU,20,16,#1E88E5,1,2,38,38 - AZ02 - 9,676,558 de 676
AZ02,9,Chip 2,EPG-U SFOU,20,16,#1E88E5,1,2,38,38 - AZ02 - 9,676,559 de 676
AZ02,9,Chip 2,EPG-U SFOU,20,16,#1E88E5,1,2,38,38 - AZ02 - 9,676,560 de 676
AZ02,9,Chip 2,EPG-U SFOU,20,16,#1E88E5,1,2,38,38 - AZ02 - 9,676,561 de 676
AZ02,9,Chip 2,EPG-U SFOU,20,16,#1E88E5,1,2,38,38 - AZ02 - 9,676,562 de 676
AZ02,9,Chip 2,EPG-U SFOU,20,16,#1E88E5,1,2,38,38 - AZ02 - 9,676,563 de 676
AZ02,9,Chip 2,EPG-U SFOU,20,16,#1E88E5,1,2,38,38 - AZ02 - 9,676,564 de 676
AZ02,9,Chip 2,EPG-U SFOU,20,16,#1E88E5,1,2,38,38 - AZ02 - 9,676,565 de 676
AZ02,9,Chip 2,EPG-U SFOU,20,16,#1E88E5,1,2,38,38 - AZ02 - 9,676,566 de 676
AZ02,9,Chip 2,EPG-U SFOU,20,16,#1E88E5,1,2,38,38 - AZ02 - 9,676,567 de 676
AZ02,9,Chip 2,EPG-U SFOU,20,16,#1E88E5,1,2,38,38 - AZ02 - 9,676,568 de 676
AZ02,9,Chip 2,EPG-U SFOU,20,16,#1E88E5,1,2,38,38 - AZ02 - 9,676,569 de 676
AZ02,9,Chip 2,EPG-U SFOU,20,16,#1E88E5,1,2,38,38 - AZ02 - 9,676,570 de 676
AZ02,9,Chip 2,EPG-U SFOU,20,16,#1E88E5,1,2,38,38 - AZ02 - 9,676,571 de 676
AZ02,9,Chip 2,EPG-U SFOU,20,16,#1E88E5,1,2,38,38 - AZ02 - 9,676,572 de 676
AZ02,9,Chip 2,INFRA,37,3,#000000,0,1,38,38 - AZ02 - 9,0,
AZ02,10,Chip 1,EPG-U SFOU,0,16,#1E88E5,1,2,39,39 - AZ02 - 10,676,235 de 676
AZ02,10,Chip 1,EPG-U SFOU,0,16,#1E88E5,1,2,39,39 - AZ02 - 10,676,236 de 676
AZ02,10,Chip 1,EPG-U SFOU,0,16,#1E88E5,1,2,39,39 - AZ02 - 10,676,237 de 676
AZ02,10,Chip 1,EPG-U SFOU,0,16,#1E88E5,1,2,39,39 - AZ02 - 10,676,238 de 676
AZ02,10,Chip 1,EPG-U SFOU,0,16,#1E88E5,1,2,39,39 - AZ02 - 10,676,239 de 676
AZ02,10,Chip 1,EPG-U SFOU,0,16,#1E88E5,1,2,39,39 - AZ02 - 10,676,240 de 676
AZ02,10,Chip 1,EPG-U SFOU,0,16,#1E88E5,1,2,39,39 - AZ02 - 10,676,241 de 676
AZ02,10,Chip 1,EPG-U SFOU,0,16,#1E88E5,1,2,39,39 - AZ02 - 10,676,242 de 676
AZ02,10,Chip 1,EPG-U SFOU,0,16,#1E88E5,1,2,39,39 - AZ02 - 10,676,243 de 676
AZ02,10,Chip 1,EPG-U SFOU,0,16,#1E88E5,1,2,39,39 - AZ02 - 10,676,244 de 676
AZ02,10,Chip 1,EPG-U SFOU,0,16,#1E88E5,1,2,39,39 - AZ02 - 10,676,245 de 676
AZ02,10,Chip 1,EPG-U SFOU,0,16,#1E88E5,1,2,39,39 - AZ02 - 10,676,246 de 676
AZ02,10,Chip 1,EPG-U SFOU,0,16,#1E88E5,1,2,39,39 - AZ02 - 10,676,247 de 676
AZ02,10,Chip 1,EPG-U SFOU,0,16,#1E88E5,1,2,39,39 - AZ02 - 10,676,248 de 676
AZ02,10,Chip 1,EPG-U SFOU,0,16,#1E88E5,1,2,39,39 - AZ02 - 10,676,249 de 676
AZ02,10,Chip 1,EPG-U SFOU,0,16,#1E88E5,1,2,39,39 - AZ02 - 10,676,250 de 676
AZ02,10,Chip 1,EPG-U SFOU,0,16,#1E88E5,1,2,39,39 - AZ02 - 10,676,251 de 676
AZ02,10,Chip 1,EPG-U SFOU,0,16,#1E88E5,1,2,39,39 - AZ02 - 10,676,252 de 676
AZ02,10,Chip 1,EPG-U SFOU,0,16,#1E88E5,1,2,39,39 - AZ02 - 10,676,253 de 676
AZ02,10,Chip 1,EPG-U SFOU,0,16,#1E88E5,1,2,39,39 - AZ02 - 10,676,254 de 676
AZ02,10,Chip 1,EPG-U SFOU,0,16,#1E88E5,1,2,39,39 - AZ02 - 10,676,255 de 676
AZ02,10,Chip 1,EPG-U SFOU,0,16,#1E88E5,1,2,39,39 - AZ02 - 10,676,256 de 676
AZ02,10,Chip 1,EPG-U SFOU,0,16,#1E88E5,1,2,39,39 - AZ02 - 10,676,257 de 676
AZ02,10,Chip 1,EPG-U SFOU,0,16,#1E88E5,1,2,39,39 - AZ02 - 10,676,258 de 676
AZ02,10,Chip 1,EPG-U SFOU,0,16,#1E88E5,1,2,39,39 - AZ02 - 10,676,259 de 676
AZ02,10,Chip 1,EPG-U SFOU,0,16,#1E88E5,1,2,39,39 - AZ02 - 10,676,260 de 676
AZ02,10,Chip 1,INFRA,17,3,#000000,0,1,39,39 - AZ02 - 10,0,
AZ02,10,Chip 2,EPG-U SFOU,20,16,#1E88E5,1,2,39,39 - AZ02 - 10,676,573 de 676
AZ02,10,Chip 2,EPG-U SFOU,20,16,#1E88E5,1,2,39,39 - AZ02 - 10,676,574 de 676
AZ02,10,Chip 2,EPG-U SFOU,20,16,#1E88E5,1,2,39,39 - AZ02 - 10,676,575 de 676
AZ02,10,Chip 2,EPG-U SFOU,20,16,#1E88E5,1,2,39,39 - AZ02 - 10,676,576 de 676
AZ02,10,Chip 2,EPG-U SFOU,20,16,#1E88E5,1,2,39,39 - AZ02 - 10,676,577 de 676
AZ02,10,Chip 2,EPG-U SFOU,20,16,#1E88E5,1,2,39,39 - AZ02 - 10,676,578 de 676
AZ02,10,Chip 2,EPG-U SFOU,20,16,#1E88E5,1,2,39,39 - AZ02 - 10,676,579 de 676
AZ02,10,Chip 2,EPG-U SFOU,20,16,#1E88E5,1,2,39,39 - AZ02 - 10,676,580 de 676
AZ02,10,Chip 2,EPG-U SFOU,20,16,#1E88E5,1,2,39,39 - AZ02 - 10,676,581 de 676
AZ02,10,Chip 2,EPG-U SFOU,20,16,#1E88E5,1,2,39,39 - AZ02 - 10,676,582 de 676
AZ02,10,Chip 2,EPG-U SFOU,20,16,#1E88E5,1,2,39,39 - AZ02 - 10,676,583 de 676
AZ02,10,Chip 2,EPG-U SFOU,20,16,#1E88E5,1,2,39,39 - AZ02 - 10,676,584 de 676
AZ02,10,Chip 2,EPG-U SFOU,20,16,#1E88E5,1,2,39,39 - AZ02 - 10,676,585 de 676
AZ02,10,Chip 2,EPG-U SFOU,20,16,#1E88E5,1,2,39,39 - AZ02 - 10,676,586 de 676
AZ02,10,Chip 2,EPG-U SFOU,20,16,#1E88E5,1,2,39,39 - AZ02 - 10,676,587 de 676
AZ02,10,Chip 2,EPG-U SFOU,20,16,#1E88E5,1,2,39,39 - AZ02 - 10,676,588 de 676
AZ02,10,Chip 2,EPG-U SFOU,20,16,#1E88E5,1,2,39,39 - AZ02 - 10,676,589 de 676
AZ02,10,Chip 2,EPG-U SFOU,20,16,#1E88E5,1,2,39,39 - AZ02 - 10,676,590 de 676
AZ02,10,Chip 2,EPG-U SFOU,20,16,#1E88E5,1,2,39,39 - AZ02 - 10,676,591 de 676
AZ02,10,Chip 2,EPG-U SFOU,20,16,#1E88E5,1,2,39,39 - AZ02 - 10,676,592 de 676
AZ02,10,Chip 2,EPG-U SFOU,20,16,#1E88E5,1,2,39,39 - AZ02 - 10,676,593 de 676
AZ02,10,Chip 2,EPG-U SFOU,20,16,#1E88E5,1,2,39,39 - AZ02 - 10,676,594 de 676
AZ02,10,Chip 2,EPG-U SFOU,20,16,#1E88E5,1,2,39,39 - AZ02 - 10,676,595 de 676
AZ02,10,Chip 2,EPG-U SFOU,20,16,#1E88E5,1,2,39,39 - AZ02 - 10,676,596 de 676
AZ02,10,Chip 2,EPG-U SFOU,20,16,#1E88E5,1,2,39,39 - AZ02 - 10,676,597 de 676
AZ02,10,Chip 2,EPG-U SFOU,20,16,#1E88E5,1,2,39,39 - AZ02 - 10,676,598 de 676
AZ02,10,Chip 2,INFRA,37,3,#000000,0,1,39,39 - AZ02 - 10,0,
AZ02,11,Chip 1,EPG-U SFOU,0,16,#1E88E5,1,2,40,40 - AZ02 - 11,676,261 de 676
AZ02,11,Chip 1,EPG-U SFOU,0,16,#1E88E5,1,2,40,40 - AZ02 - 11,676,262 de 676
AZ02,11,Chip 1,EPG-U SFOU,0,16,#1E88E5,1,2,40,40 - AZ02 - 11,676,263 de 676
AZ02,11,Chip 1,EPG-U SFOU,0,16,#1E88E5,1,2,40,40 - AZ02 - 11,676,264 de 676
AZ02,11,Chip 1,EPG-U SFOU,0,16,#1E88E5,1,2,40,40 - AZ02 - 11,676,265 de 676
AZ02,11,Chip 1,EPG-U SFOU,0,16,#1E88E5,1,2,40,40 - AZ02 - 11,676,266 de 676
AZ02,11,Chip 1,EPG-U SFOU,0,16,#1E88E5,1,2,40,40 - AZ02 - 11,676,267 de 676
AZ02,11,Chip 1,EPG-U SFOU,0,16,#1E88E5,1,2,40,40 - AZ02 - 11,676,268 de 676
AZ02,11,Chip 1,EPG-U SFOU,0,16,#1E88E5,1,2,40,40 - AZ02 - 11,676,269 de 676
AZ02,11,Chip 1,EPG-U SFOU,0,16,#1E88E5,1,2,40,40 - AZ02 - 11,676,270 de 676
AZ02,11,Chip 1,EPG-U SFOU,0,16,#1E88E5,1,2,40,40 - AZ02 - 11,676,271 de 676
AZ02,11,Chip 1,EPG-U SFOU,0,16,#1E88E5,1,2,40,40 - AZ02 - 11,676,272 de 676
AZ02,11,Chip 1,EPG-U SFOU,0,16,#1E88E5,1,2,40,40 - AZ02 - 11,676,273 de 676
AZ02,11,Chip 1,EPG-U SFOU,0,16,#1E88E5,1,2,40,40 - AZ02 - 11,676,274 de 676
AZ02,11,Chip 1,EPG-U SFOU,0,16,#1E88E5,1,2,40,40 - AZ02 - 11,676,275 de 676
AZ02,11,Chip 1,EPG-U SFOU,0,16,#1E88E5,1,2,40,40 - AZ02 - 11,676,276 de 676
AZ02,11,Chip 1,EPG-U SFOU,0,16,#1E88E5,1,2,40,40 - AZ02 - 11,676,277 de 676
AZ02,11,Chip 1,EPG-U SFOU,0,16,#1E88E5,1,2,40,40 - AZ02 - 11,676,278 de 676
AZ02,11,Chip 1,EPG-U SFOU,0,16,#1E88E5,1,2,40,40 - AZ02 - 11,676,279 de 676
AZ02,11,Chip 1,EPG-U SFOU,0,16,#1E88E5,1,2,40,40 - AZ02 - 11,676,280 de 676
AZ02,11,Chip 1,EPG-U SFOU,0,16,#1E88E5,1,2,40,40 - AZ02 - 11,676,281 de 676
AZ02,11,Chip 1,EPG-U SFOU,0,16,#1E88E5,1,2,40,40 - AZ02 - 11,676,282 de 676
AZ02,11,Chip 1,EPG-U SFOU,0,16,#1E88E5,1,2,40,40 - AZ02 - 11,676,283 de 676
AZ02,11,Chip 1,EPG-U SFOU,0,16,#1E88E5,1,2,40,40 - AZ02 - 11,676,284 de 676
AZ02,11,Chip 1,EPG-U SFOU,0,16,#1E88E5,1,2,40,40 - AZ02 - 11,676,285 de 676
AZ02,11,Chip 1,EPG-U SFOU,0,16,#1E88E5,1,2,40,40 - AZ02 - 11,676,286 de 676
AZ02,11,Chip 1,INFRA,17,3,#000000,0,1,40,40 - AZ02 - 11,0,
AZ02,11,Chip 2,EPG-U SFOU,20,16,#1E88E5,1,2,40,40 - AZ02 - 11,676,599 de 676
AZ02,11,Chip 2,EPG-U SFOU,20,16,#1E88E5,1,2,40,40 - AZ02 - 11,676,600 de 676
AZ02,11,Chip 2,EPG-U SFOU,20,16,#1E88E5,1,2,40,40 - AZ02 - 11,676,601 de 676
AZ02,11,Chip 2,EPG-U SFOU,20,16,#1E88E5,1,2,40,40 - AZ02 - 11,676,602 de 676
AZ02,11,Chip 2,EPG-U SFOU,20,16,#1E88E5,1,2,40,40 - AZ02 - 11,676,603 de 676
AZ02,11,Chip 2,EPG-U SFOU,20,16,#1E88E5,1,2,40,40 - AZ02 - 11,676,604 de 676
AZ02,11,Chip 2,EPG-U SFOU,20,16,#1E88E5,1,2,40,40 - AZ02 - 11,676,605 de 676
AZ02,11,Chip 2,EPG-U SFOU,20,16,#1E88E5,1,2,40,40 - AZ02 - 11,676,606 de 676
AZ02,11,Chip 2,EPG-U SFOU,20,16,#1E88E5,1,2,40,40 - AZ02 - 11,676,607 de 676
AZ02,11,Chip 2,EPG-U SFOU,20,16,#1E88E5,1,2,40,40 - AZ02 - 11,676,608 de 676
AZ02,11,Chip 2,EPG-U SFOU,20,16,#1E88E5,1,2,40,40 - AZ02 - 11,676,609 de 676
AZ02,11,Chip 2,EPG-U SFOU,20,16,#1E88E5,1,2,40,40 - AZ02 - 11,676,610 de 676
AZ02,11,Chip 2,EPG-U SFOU,20,16,#1E88E5,1,2,40,40 - AZ02 - 11,676,611 de 676
AZ02,11,Chip 2,EPG-U SFOU,20,16,#1E88E5,1,2,40,40 - AZ02 - 11,676,612 de 676
AZ02,11,Chip 2,EPG-U SFOU,20,16,#1E88E5,1,2,40,40 - AZ02 - 11,676,613 de 676
AZ02,11,Chip 2,EPG-U SFOU,20,16,#1E88E5,1,2,40,40 - AZ02 - 11,676,614 de 676
AZ02,11,Chip 2,EPG-U SFOU,20,16,#1E88E5,1,2,40,40 - AZ02 - 11,676,615 de 676
AZ02,11,Chip 2,EPG-U SFOU,20,16,#1E88E5,1,2,40,40 - AZ02 - 11,676,616 de 676
AZ02,11,Chip 2,EPG-U SFOU,20,16,#1E88E5,1,2,40,40 - AZ02 - 11,676,617 de 676
AZ02,11,Chip 2,EPG-U SFOU,20,16,#1E88E5,1,2,40,40 - AZ02 - 11,676,618 de 676
AZ02,11,Chip 2,EPG-U SFOU,20,16,#1E88E5,1,2,40,40 - AZ02 - 11,676,619 de 676
AZ02,11,Chip 2,EPG-U SFOU,20,16,#1E88E5,1,2,40,40 - AZ02 - 11,676,620 de 676
AZ02,11,Chip 2,EPG-U SFOU,20,16,#1E88E5,1,2,40,40 - AZ02 - 11,676,621 de 676
AZ02,11,Chip 2,EPG-U SFOU,20,16,#1E88E5,1,2,40,40 - AZ02 - 11,676,622 de 676
AZ02,11,Chip 2,EPG-U SFOU,20,16,#1E88E5,1,2,40,40 - AZ02 - 11,676,623 de 676
AZ02,11,Chip 2,EPG-U SFOU,20,16,#1E88E5,1,2,40,40 - AZ02 - 11,676,624 de 676
AZ02,11,Chip 2,INFRA,37,3,#000000,0,1,40,40 - AZ02 - 11,0,
AZ02,12,Chip 1,EPG-U SFOU,0,16,#1E88E5,1,2,41,41 - AZ02 - 12,676,287 de 676
AZ02,12,Chip 1,EPG-U SFOU,0,16,#1E88E5,1,2,41,41 - AZ02 - 12,676,288 de 676
AZ02,12,Chip 1,EPG-U SFOU,0,16,#1E88E5,1,2,41,41 - AZ02 - 12,676,289 de 676
AZ02,12,Chip 1,EPG-U SFOU,0,16,#1E88E5,1,2,41,41 - AZ02 - 12,676,290 de 676
AZ02,12,Chip 1,EPG-U SFOU,0,16,#1E88E5,1,2,41,41 - AZ02 - 12,676,291 de 676
AZ02,12,Chip 1,EPG-U SFOU,0,16,#1E88E5,1,2,41,41 - AZ02 - 12,676,292 de 676
AZ02,12,Chip 1,EPG-U SFOU,0,16,#1E88E5,1,2,41,41 - AZ02 - 12,676,293 de 676
AZ02,12,Chip 1,EPG-U SFOU,0,16,#1E88E5,1,2,41,41 - AZ02 - 12,676,294 de 676
AZ02,12,Chip 1,EPG-U SFOU,0,16,#1E88E5,1,2,41,41 - AZ02 - 12,676,295 de 676
AZ02,12,Chip 1,EPG-U SFOU,0,16,#1E88E5,1,2,41,41 - AZ02 - 12,676,296 de 676
AZ02,12,Chip 1,EPG-U SFOU,0,16,#1E88E5,1,2,41,41 - AZ02 - 12,676,297 de 676
AZ02,12,Chip 1,EPG-U SFOU,0,16,#1E88E5,1,2,41,41 - AZ02 - 12,676,298 de 676
AZ02,12,Chip 1,EPG-U SFOU,0,16,#1E88E5,1,2,41,41 - AZ02 - 12,676,299 de 676
AZ02,12,Chip 1,EPG-U SFOU,0,16,#1E88E5,1,2,41,41 - AZ02 - 12,676,300 de 676
AZ02,12,Chip 1,EPG-U SFOU,0,16,#1E88E5,1,2,41,41 - AZ02 - 12,676,301 de 676
AZ02,12,Chip 1,EPG-U SFOU,0,16,#1E88E5,1,2,41,41 - AZ02 - 12,676,302 de 676
AZ02,12,Chip 1,EPG-U SFOU,0,16,#1E88E5,1,2,41,41 - AZ02 - 12,676,303 de 676
AZ02,12,Chip 1,EPG-U SFOU,0,16,#1E88E5,1,2,41,41 - AZ02 - 12,676,304 de 676
AZ02,12,Chip 1,EPG-U SFOU,0,16,#1E88E5,1,2,41,41 - AZ02 - 12,676,305 de 676
AZ02,12,Chip 1,EPG-U SFOU,0,16,#1E88E5,1,2,41,41 - AZ02 - 12,676,306 de 676
AZ02,12,Chip 1,EPG-U SFOU,0,16,#1E88E5,1,2,41,41 - AZ02 - 12,676,307 de 676
AZ02,12,Chip 1,EPG-U SFOU,0,16,#1E88E5,1,2,41,41 - AZ02 - 12,676,308 de 676
AZ02,12,Chip 1,EPG-U SFOU,0,16,#1E88E5,1,2,41,41 - AZ02 - 12,676,309 de 676
AZ02,12,Chip 1,EPG-U SFOU,0,16,#1E88E5,1,2,41,41 - AZ02 - 12,676,310 de 676
AZ02,12,Chip 1,EPG-U SFOU,0,16,#1E88E5,1,2,41,41 - AZ02 - 12,676,311 de 676
AZ02,12,Chip 1,EPG-U SFOU,0,16,#1E88E5,1,2,41,41 - AZ02 - 12,676,312 de 676
AZ02,12,Chip 1,INFRA,17,3,#000000,0,1,41,41 - AZ02 - 12,0,
AZ02,12,Chip 2,EPG-U SFOU,20,16,#1E88E5,1,2,41,41 - AZ02 - 12,676,625 de 676
AZ02,12,Chip 2,EPG-U SFOU,20,16,#1E88E5,1,2,41,41 - AZ02 - 12,676,626 de 676
AZ02,12,Chip 2,EPG-U SFOU,20,16,#1E88E5,1,2,41,41 - AZ02 - 12,676,627 de 676
AZ02,12,Chip 2,EPG-U SFOU,20,16,#1E88E5,1,2,41,41 - AZ02 - 12,676,628 de 676
AZ02,12,Chip 2,EPG-U SFOU,20,16,#1E88E5,1,2,41,41 - AZ02 - 12,676,629 de 676
AZ02,12,Chip 2,EPG-U SFOU,20,16,#1E88E5,1,2,41,41 - AZ02 - 12,676,630 de 676
AZ02,12,Chip 2,EPG-U SFOU,20,16,#1E88E5,1,2,41,41 - AZ02 - 12,676,631 de 676
AZ02,12,Chip 2,EPG-U SFOU,20,16,#1E88E5,1,2,41,41 - AZ02 - 12,676,632 de 676
AZ02,12,Chip 2,EPG-U SFOU,20,16,#1E88E5,1,2,41,41 - AZ02 - 12,676,633 de 676
AZ02,12,Chip 2,EPG-U SFOU,20,16,#1E88E5,1,2,41,41 - AZ02 - 12,676,634 de 676
AZ02,12,Chip 2,EPG-U SFOU,20,16,#1E88E5,1,2,41,41 - AZ02 - 12,676,635 de 676
AZ02,12,Chip 2,EPG-U SFOU,20,16,#1E88E5,1,2,41,41 - AZ02 - 12,676,636 de 676
AZ02,12,Chip 2,EPG-U SFOU,20,16,#1E88E5,1,2,41,41 - AZ02 - 12,676,637 de 676
AZ02,12,Chip 2,EPG-U SFOU,20,16,#1E88E5,1,2,41,41 - AZ02 - 12,676,638 de 676
AZ02,12,Chip 2,EPG-U SFOU,20,16,#1E88E5,1,2,41,41 - AZ02 - 12,676,639 de 676
AZ02,12,Chip 2,EPG-U SFOU,20,16,#1E88E5,1,2,41,41 - AZ02 - 12,676,640 de 676
AZ02,12,Chip 2,EPG-U SFOU,20,16,#1E88E5,1,2,41,41 - AZ02 - 12,676,641 de 676
AZ02,12,Chip 2,EPG-U SFOU,20,16,#1E88E5,1,2,41,41 - AZ02 - 12,676,642 de 676
AZ02,12,Chip 2,EPG-U SFOU,20,16,#1E88E5,1,2,41,41 - AZ02 - 12,676,643 de 676
AZ02,12,Chip 2,EPG-U SFOU,20,16,#1E88E5,1,2,41,41 - AZ02 - 12,676,644 de 676
AZ02,12,Chip 2,EPG-U SFOU,20,16,#1E88E5,1,2,41,41 - AZ02 - 12,676,645 de 676
AZ02,12,Chip 2,EPG-U SFOU,20,16,#1E88E5,1,2,41,41 - AZ02 - 12,676,646 de 676
AZ02,12,Chip 2,EPG-U SFOU,20,16,#1E88E5,1,2,41,41 - AZ02 - 12,676,647 de 676
AZ02,12,Chip 2,EPG-U SFOU,20,16,#1E88E5,1,2,41,41 - AZ02 - 12,676,648 de 676
AZ02,12,Chip 2,EPG-U SFOU,20,16,#1E88E5,1,2,41,41 - AZ02 - 12,676,649 de 676
AZ02,12,Chip 2,EPG-U SFOU,20,16,#1E88E5,1,2,41,41 - AZ02 - 12,676,650 de 676
AZ02,12,Chip 2,INFRA,37,3,#000000,0,1,41,41 - AZ02 - 12,0,
AZ02,13,Chip 1,EPG-U SFOU,0,16,#1E88E5,1,2,42,42 - AZ02 - 13,676,313 de 676
AZ02,13,Chip 1,EPG-U SFOU,0,16,#1E88E5,1,2,42,42 - AZ02 - 13,676,314 de 676
AZ02,13,Chip 1,EPG-U SFOU,0,16,#1E88E5,1,2,42,42 - AZ02 - 13,676,315 de 676
AZ02,13,Chip 1,EPG-U SFOU,0,16,#1E88E5,1,2,42,42 - AZ02 - 13,676,316 de 676
AZ02,13,Chip 1,EPG-U SFOU,0,16,#1E88E5,1,2,42,42 - AZ02 - 13,676,317 de 676
AZ02,13,Chip 1,EPG-U SFOU,0,16,#1E88E5,1,2,42,42 - AZ02 - 13,676,318 de 676
AZ02,13,Chip 1,EPG-U SFOU,0,16,#1E88E5,1,2,42,42 - AZ02 - 13,676,319 de 676
AZ02,13,Chip 1,EPG-U SFOU,0,16,#1E88E5,1,2,42,42 - AZ02 - 13,676,320 de 676
AZ02,13,Chip 1,EPG-U SFOU,0,16,#1E88E5,1,2,42,42 - AZ02 - 13,676,321 de 676
AZ02,13,Chip 1,EPG-U SFOU,0,16,#1E88E5,1,2,42,42 - AZ02 - 13,676,322 de 676
AZ02,13,Chip 1,EPG-U SFOU,0,16,#1E88E5,1,2,42,42 - AZ02 - 13,676,323 de 676
AZ02,13,Chip 1,EPG-U SFOU,0,16,#1E88E5,1,2,42,42 - AZ02 - 13,676,324 de 676
AZ02,13,Chip 1,EPG-U SFOU,0,16,#1E88E5,1,2,42,42 - AZ02 - 13,676,325 de 676
AZ02,13,Chip 1,EPG-U SFOU,0,16,#1E88E5,1,2,42,42 - AZ02 - 13,676,326 de 676
AZ02,13,Chip 1,EPG-U SFOU,0,16,#1E88E5,1,2,42,42 - AZ02 - 13,676,327 de 676
AZ02,13,Chip 1,EPG-U SFOU,0,16,#1E88E5,1,2,42,42 - AZ02 - 13,676,328 de 676
AZ02,13,Chip 1,EPG-U SFOU,0,16,#1E88E5,1,2,42,42 - AZ02 - 13,676,329 de 676
AZ02,13,Chip 1,EPG-U SFOU,0,16,#1E88E5,1,2,42,42 - AZ02 - 13,676,330 de 676
AZ02,13,Chip 1,EPG-U SFOU,0,16,#1E88E5,1,2,42,42 - AZ02 - 13,676,331 de 676
AZ02,13,Chip 1,EPG-U SFOU,0,16,#1E88E5,1,2,42,42 - AZ02 - 13,676,332 de 676
AZ02,13,Chip 1,EPG-U SFOU,0,16,#1E88E5,1,2,42,42 - AZ02 - 13,676,333 de 676
AZ02,13,Chip 1,EPG-U SFOU,0,16,#1E88E5,1,2,42,42 - AZ02 - 13,676,334 de 676
AZ02,13,Chip 1,EPG-U SFOU,0,16,#1E88E5,1,2,42,42 - AZ02 - 13,676,335 de 676
AZ02,13,Chip 1,EPG-U SFOU,0,16,#1E88E5,1,2,42,42 - AZ02 - 13,676,336 de 676
AZ02,13,Chip 1,EPG-U SFOU,0,16,#1E88E5,1,2,42,42 - AZ02 - 13,676,337 de 676
AZ02,13,Chip 1,EPG-U SFOU,0,16,#1E88E5,1,2,42,42 - AZ02 - 13,676,338 de 676
AZ02,13,Chip 1,INFRA,17,3,#000000,0,1,42,42 - AZ02 - 13,0,
AZ02,13,Chip 2,EPG-U SFOU,20,16,#1E88E5,1,2,42,42 - AZ02 - 13,676,651 de 676
AZ02,13,Chip 2,EPG-U SFOU,20,16,#1E88E5,1,2,42,42 - AZ02 - 13,676,652 de 676
AZ02,13,Chip 2,EPG-U SFOU,20,16,#1E88E5,1,2,42,42 - AZ02 - 13,676,653 de 676
AZ02,13,Chip 2,EPG-U SFOU,20,16,#1E88E5,1,2,42,42 - AZ02 - 13,676,654 de 676
AZ02,13,Chip 2,EPG-U SFOU,20,16,#1E88E5,1,2,42,42 - AZ02 - 13,676,655 de 676
AZ02,13,Chip 2,EPG-U SFOU,20,16,#1E88E5,1,2,42,42 - AZ02 - 13,676,656 de 676
AZ02,13,Chip 2,EPG-U SFOU,20,16,#1E88E5,1,2,42,42 - AZ02 - 13,676,657 de 676
AZ02,13,Chip 2,EPG-U SFOU,20,16,#1E88E5,1,2,42,42 - AZ02 - 13,676,658 de 676
AZ02,13,Chip 2,EPG-U SFOU,20,16,#1E88E5,1,2,42,42 - AZ02 - 13,676,659 de 676
AZ02,13,Chip 2,EPG-U SFOU,20,16,#1E88E5,1,2,42,42 - AZ02 - 13,676,660 de 676
AZ02,13,Chip 2,EPG-U SFOU,20,16,#1E88E5,1,2,42,42 - AZ02 - 13,676,661 de 676
AZ02,13,Chip 2,EPG-U SFOU,20,16,#1E88E5,1,2,42,42 - AZ02 - 13,676,662 de 676
AZ02,13,Chip 2,EPG-U SFOU,20,16,#1E88E5,1,2,42,42 - AZ02 - 13,676,663 de 676
AZ02,13,Chip 2,EPG-U SFOU,20,16,#1E88E5,1,2,42,42 - AZ02 - 13,676,664 de 676
AZ02,13,Chip 2,EPG-U SFOU,20,16,#1E88E5,1,2,42,42 - AZ02 - 13,676,665 de 676
AZ02,13,Chip 2,EPG-U SFOU,20,16,#1E88E5,1,2,42,42 - AZ02 - 13,676,666 de 676
AZ02,13,Chip 2,EPG-U SFOU,20,16,#1E88E5,1,2,42,42 - AZ02 - 13,676,667 de 676
AZ02,13,Chip 2,EPG-U SFOU,20,16,#1E88E5,1,2,42,42 - AZ02 - 13,676,668 de 676
AZ02,13,Chip 2,EPG-U SFOU,20,16,#1E88E5,1,2,42,42 - AZ02 - 13,676,669 de 676
AZ02,13,Chip 2,EPG-U SFOU,20,16,#1E88E5,1,2,42,42 - AZ02 - 13,676,670 de 676
AZ02,13,Chip 2,EPG-U SFOU,20,16,#1E88E5,1,2,42,42 - AZ02 - 13,676,671 de 676
AZ02,13,Chip 2,EPG-U SFOU,20,16,#1E88E5,1,2,42,42 - AZ02 - 13,676,672 de 676
AZ02,13,Chip 2,EPG-U SFOU,20,16,#1E88E5,1,2,42,42 - AZ02 - 13,676,673 de 676
AZ02,13,Chip 2,EPG-U SFOU,20,16,#1E88E5,1,2,42,42 - AZ02 - 13,676,674 de 676
AZ02,13,Chip 2,EPG-U SFOU,20,16,#1E88E5,1,2,42,42 - AZ02 - 13,676,675 de 676
AZ02,13,Chip 2,EPG-U SFOU,20,16,#1E88E5,1,2,42,42 - AZ02 - 13,676,676 de 676
AZ02,13,Chip 2,INFRA,37,3,#000000,0,1,42,42 - AZ02 - 13,0,
AZ03,1,Chip 1,CUDB SC,0,8,#004B49,1,1,43,43 - AZ03 - 1,4,3 de 4
AZ03,1,Chip 1,CUDB SC,0,8,#004B49,1,1,43,43 - AZ03 - 1,4,4 de 4
AZ03,1,Chip 1,EDA PN,8,5,#8B5E3C,1,1,43,43 - AZ03 - 1,9,1 de 9
AZ03,1,Chip 1,EDA PN,8,5,#8B5E3C,1,1,43,43 - AZ03 - 1,9,2 de 9
AZ03,1,Chip 1,EDA PN,8,5,#8B5E3C,1,1,43,43 - AZ03 - 1,9,3 de 9
AZ03,1,Chip 1,INFRA,17,3,#000000,0,1,43,43 - AZ03 - 1,0,
AZ03,1,Chip 2,HLR-FE PL Traffic - BC,20,5,#8BC34A,1,1,43,43 - AZ03 - 1,9,1 de 9
AZ03,1,Chip 2,HLR-FE PL Traffic - BC,20,5,#8BC34A,1,1,43,43 - AZ03 - 1,9,2 de 9
AZ03,1,Chip 2,HLR-FE PL Traffic - BC,20,5,#8BC34A,1,1,43,43 - AZ03 - 1,9,3 de 9
AZ03,1,Chip 2,INFRA,37,3,#000000,0,1,43,43 - AZ03 - 1,0,
AZ03,2,Chip 1,HSS-FE PL,0,8,#43A047,1,4,44,44 - AZ03 - 2,144,1 de 144
AZ03,2,Chip 1,HSS-FE PL,0,8,#43A047,1,4,44,44 - AZ03 - 2,144,2 de 144
AZ03,2,Chip 1,HSS-FE PL,0,8,#43A047,1,4,44,44 - AZ03 - 2,144,3 de 144
AZ03,2,Chip 1,HSS-FE PL,0,8,#43A047,1,4,44,44 - AZ03 - 2,144,4 de 144
AZ03,2,Chip 1,HSS-FE PL,0,8,#43A047,1,4,44,44 - AZ03 - 2,144,5 de 144
AZ03,2,Chip 1,HSS-FE PL,0,8,#43A047,1,4,44,44 - AZ03 - 2,144,6 de 144
AZ03,2,Chip 1,HSS-FE PL,0,8,#43A047,1,4,44,44 - AZ03 - 2,144,7 de 144
AZ03,2,Chip 1,HSS-FE PL,0,8,#43A047,1,4,44,44 - AZ03 - 2,144,8 de 144
AZ03,2,Chip 1,HSS-FE PL,0,8,#43A047,1,4,44,44 - AZ03 - 2,144,9 de 144
AZ03,2,Chip 1,HSS-FE PL,0,8,#43A047,1,4,44,44 - AZ03 - 2,144,10 de 144
AZ03,2,Chip 1,HSS-FE PL,0,8,#43A047,1,4,44,44 - AZ03 - 2,144,11 de 144
AZ03,2,Chip 1,HSS-FE PL,0,8,#43A047,1,4,44,44 - AZ03 - 2,144,12 de 144
AZ03,2,Chip 1,HSS-FE PL,8,8,#43A047,1,4,44,44 - AZ03 - 2,144,13 de 144
AZ03,2,Chip 1,HSS-FE PL,8,8,#43A047,1,4,44,44 - AZ03 - 2,144,14 de 144
AZ03,2,Chip 1,HSS-FE PL,8,8,#43A047,1,4,44,44 - AZ03 - 2,144,15 de 144
AZ03,2,Chip 1,HSS-FE PL,8,8,#43A047,1,4,44,44 - AZ03 - 2,144,16 de 144
AZ03,2,Chip 1,HSS-FE PL,8,8,#43A047,1,4,44,44 - AZ03 - 2,144,17 de 144
AZ03,2,Chip 1,HSS-FE PL,8,8,#43A047,1,4,44,44 - AZ03 - 2,144,18 de 144
AZ03,2,Chip 1,HSS-FE PL,8,8,#43A047,1,4,44,44 - AZ03 - 2,144,19 de 144
AZ03,2,Chip 1,HSS-FE PL,8,8,#43A047,1,4,44,44 - AZ03 - 2,144,20 de 144
AZ03,2,Chip 1,HSS-FE PL,8,8,#43A047,1,4,44,44 - AZ03 - 2,144,21 de 144
AZ03,2,Chip 1,HSS-FE PL,8,8,#43A047,1,4,44,44 - AZ03 - 2,144,22 de 144
AZ03,2,Chip 1,HSS-FE PL,8,8,#43A047,1,4,44,44 - AZ03 - 2,144,23 de 144
AZ03,2,Chip 1,HSS-FE PL,8,8,#43A047,1,4,44,44 - AZ03 - 2,144,24 de 144
AZ03,2,Chip 1,INFRA,17,3,#000000,0,1,44,44 - AZ03 - 2,0,
AZ03,2,Chip 2,EDA PN,20,5,#8B5E3C,1,1,44,44 - AZ03 - 2,9,4 de 9
AZ03,2,Chip 2,EDA PN,20,5,#8B5E3C,1,1,44,44 - AZ03 - 2,9,5 de 9
AZ03,2,Chip 2,EDA PN,20,5,#8B5E3C,1,1,44,44 - AZ03 - 2,9,6 de 9
AZ03,2,Chip 2,HLR-FE PL Traffic - BC,25,5,#8BC34A,1,1,44,44 - AZ03 - 2,9,4 de 9
AZ03,2,Chip 2,HLR-FE PL Traffic - BC,25,5,#8BC34A,1,1,44,44 - AZ03 - 2,9,5 de 9
AZ03,2,Chip 2,HLR-FE PL Traffic - BC,25,5,#8BC34A,1,1,44,44 - AZ03 - 2,9,6 de 9
AZ03,2,Chip 2,HLR-FE PL SPX - CP,30,2,#8BC34A,1,1,44,44 - AZ03 - 2,4,1 de 4
AZ03,2,Chip 2,HLR-FE PL SPX - CP,30,2,#8BC34A,1,1,44,44 - AZ03 - 2,4,2 de 4
AZ03,2,Chip 2,INFRA,37,3,#000000,0,1,44,44 - AZ03 - 2,0,
AZ03,3,Chip 1,HSS-FE PL,0,8,#43A047,1,4,45,45 - AZ03 - 3,144,25 de 144
AZ03,3,Chip 1,HSS-FE PL,0,8,#43A047,1,4,45,45 - AZ03 - 3,144,26 de 144
AZ03,3,Chip 1,HSS-FE PL,0,8,#43A047,1,4,45,45 - AZ03 - 3,144,27 de 144
AZ03,3,Chip 1,HSS-FE PL,0,8,#43A047,1,4,45,45 - AZ03 - 3,144,28 de 144
AZ03,3,Chip 1,HSS-FE PL,0,8,#43A047,1,4,45,45 - AZ03 - 3,144,29 de 144
AZ03,3,Chip 1,HSS-FE PL,0,8,#43A047,1,4,45,45 - AZ03 - 3,144,30 de 144
AZ03,3,Chip 1,HSS-FE PL,0,8,#43A047,1,4,45,45 - AZ03 - 3,144,31 de 144
AZ03,3,Chip 1,HSS-FE PL,0,8,#43A047,1,4,45,45 - AZ03 - 3,144,32 de 144
AZ03,3,Chip 1,HSS-FE PL,0,8,#43A047,1,4,45,45 - AZ03 - 3,144,33 de 144
AZ03,3,Chip 1,HSS-FE PL,0,8,#43A047,1,4,45,45 - AZ03 - 3,144,34 de 144
AZ03,3,Chip 1,HSS-FE PL,0,8,#43A047,1,4,45,45 - AZ03 - 3,144,35 de 144
AZ03,3,Chip 1,HSS-FE PL,0,8,#43A047,1,4,45,45 - AZ03 - 3,144,36 de 144
AZ03,3,Chip 1,HSS-FE PL,8,8,#43A047,1,4,45,45 - AZ03 - 3,144,37 de 144
AZ03,3,Chip 1,HSS-FE PL,8,8,#43A047,1,4,45,45 - AZ03 - 3,144,38 de 144
AZ03,3,Chip 1,HSS-FE PL,8,8,#43A047,1,4,45,45 - AZ03 - 3,144,39 de 144
AZ03,3,Chip 1,HSS-FE PL,8,8,#43A047,1,4,45,45 - AZ03 - 3,144,40 de 144
AZ03,3,Chip 1,HSS-FE PL,8,8,#43A047,1,4,45,45 - AZ03 - 3,144,41 de 144
AZ03,3,Chip 1,HSS-FE PL,8,8,#43A047,1,4,45,45 - AZ03 - 3,144,42 de 144
AZ03,3,Chip 1,HSS-FE PL,8,8,#43A047,1,4,45,45 - AZ03 - 3,144,43 de 144
AZ03,3,Chip 1,HSS-FE PL,8,8,#43A047,1,4,45,45 - AZ03 - 3,144,44 de 144
AZ03,3,Chip 1,HSS-FE PL,8,8,#43A047,1,4,45,45 - AZ03 - 3,144,45 de 144
AZ03,3,Chip 1,HSS-FE PL,8,8,#43A047,1,4,45,45 - AZ03 - 3,144,46 de 144
AZ03,3,Chip 1,HSS-FE PL,8,8,#43A047,1,4,45,45 - AZ03 - 3,144,47 de 144
AZ03,3,Chip 1,HSS-FE PL,8,8,#43A047,1,4,45,45 - AZ03 - 3,144,48 de 144
AZ03,3,Chip 1,INFRA,17,3,#000000,0,1,45,45 - AZ03 - 3,0,
AZ03,3,Chip 2,EDA PN,20,5,#8B5E3C,1,1,45,45 - AZ03 - 3,9,7 de 9
AZ03,3,Chip 2,EDA PN,20,5,#8B5E3C,1,1,45,45 - AZ03 - 3,9,8 de 9
AZ03,3,Chip 2,EDA PN,20,5,#8B5E3C,1,1,45,45 - AZ03 - 3,9,9 de 9
AZ03,3,Chip 2,HLR-FE PL Traffic - BC,25,5,#8BC34A,1,1,45,45 - AZ03 - 3,9,7 de 9
AZ03,3,Chip 2,HLR-FE PL Traffic - BC,25,5,#8BC34A,1,1,45,45 - AZ03 - 3,9,8 de 9
AZ03,3,Chip 2,HLR-FE PL Traffic - BC,25,5,#8BC34A,1,1,45,45 - AZ03 - 3,9,9 de 9
AZ03,3,Chip 2,HLR-FE PL SPX - CP,30,2,#8BC34A,1,1,45,45 - AZ03 - 3,4,3 de 4
AZ03,3,Chip 2,HLR-FE PL SPX - CP,30,2,#8BC34A,1,1,45,45 - AZ03 - 3,4,4 de 4
AZ03,3,Chip 2,INFRA,37,3,#000000,0,1,45,45 - AZ03 - 3,0,
AZ03,4,Chip 1,HSS-FE PL,0,8,#43A047,1,4,46,46 - AZ03 - 4,144,49 de 144
AZ03,4,Chip 1,HSS-FE PL,0,8,#43A047,1,4,46,46 - AZ03 - 4,144,50 de 144
AZ03,4,Chip 1,HSS-FE PL,0,8,#43A047,1,4,46,46 - AZ03 - 4,144,51 de 144
AZ03,4,Chip 1,HSS-FE PL,0,8,#43A047,1,4,46,46 - AZ03 - 4,144,52 de 144
AZ03,4,Chip 1,HSS-FE PL,0,8,#43A047,1,4,46,46 - AZ03 - 4,144,53 de 144
AZ03,4,Chip 1,HSS-FE PL,0,8,#43A047,1,4,46,46 - AZ03 - 4,144,54 de 144
AZ03,4,Chip 1,HSS-FE PL,0,8,#43A047,1,4,46,46 - AZ03 - 4,144,55 de 144
AZ03,4,Chip 1,HSS-FE PL,0,8,#43A047,1,4,46,46 - AZ03 - 4,144,56 de 144
AZ03,4,Chip 1,HSS-FE PL,0,8,#43A047,1,4,46,46 - AZ03 - 4,144,57 de 144
AZ03,4,Chip 1,HSS-FE PL,0,8,#43A047,1,4,46,46 - AZ03 - 4,144,58 de 144
AZ03,4,Chip 1,HSS-FE PL,0,8,#43A047,1,4,46,46 - AZ03 - 4,144,59 de 144
AZ03,4,Chip 1,HSS-FE PL,0,8,#43A047,1,4,46,46 - AZ03 - 4,144,60 de 144
AZ03,4,Chip 1,HSS-FE PL,8,8,#43A047,1,4,46,46 - AZ03 - 4,144,61 de 144
AZ03,4,Chip 1,HSS-FE PL,8,8,#43A047,1,4,46,46 - AZ03 - 4,144,62 de 144
AZ03,4,Chip 1,HSS-FE PL,8,8,#43A047,1,4,46,46 - AZ03 - 4,144,63 de 144
AZ03,4,Chip 1,HSS-FE PL,8,8,#43A047,1,4,46,46 - AZ03 - 4,144,64 de 144
AZ03,4,Chip 1,HSS-FE PL,8,8,#43A047,1,4,46,46 - AZ03 - 4,144,65 de 144
AZ03,4,Chip 1,HSS-FE PL,8,8,#43A047,1,4,46,46 - AZ03 - 4,144,66 de 144
AZ03,4,Chip 1,HSS-FE PL,8,8,#43A047,1,4,46,46 - AZ03 - 4,144,67 de 144
AZ03,4,Chip 1,HSS-FE PL,8,8,#43A047,1,4,46,46 - AZ03 - 4,144,68 de 144
AZ03,4,Chip 1,HSS-FE PL,8,8,#43A047,1,4,46,46 - AZ03 - 4,144,69 de 144
AZ03,4,Chip 1,HSS-FE PL,8,8,#43A047,1,4,46,46 - AZ03 - 4,144,70 de 144
AZ03,4,Chip 1,HSS-FE PL,8,8,#43A047,1,4,46,46 - AZ03 - 4,144,71 de 144
AZ03,4,Chip 1,HSS-FE PL,8,8,#43A047,1,4,46,46 - AZ03 - 4,144,72 de 144
AZ03,4,Chip 1,INFRA,17,3,#000000,0,1,46,46 - AZ03 - 4,0,
AZ03,4,Chip 2,HSS-FE PL,20,8,#43A047,1,4,46,46 - AZ03 - 4,144,97 de 144
AZ03,4,Chip 2,HSS-FE PL,20,8,#43A047,1,4,46,46 - AZ03 - 4,144,98 de 144
AZ03,4,Chip 2,HSS-FE PL,20,8,#43A047,1,4,46,46 - AZ03 - 4,144,99 de 144
AZ03,4,Chip 2,HSS-FE PL,20,8,#43A047,1,4,46,46 - AZ03 - 4,144,100 de 144
AZ03,4,Chip 2,HSS-FE PL,20,8,#43A047,1,4,46,46 - AZ03 - 4,144,101 de 144
AZ03,4,Chip 2,HSS-FE PL,20,8,#43A047,1,4,46,46 - AZ03 - 4,144,102 de 144
AZ03,4,Chip 2,HSS-FE PL,20,8,#43A047,1,4,46,46 - AZ03 - 4,144,103 de 144
AZ03,4,Chip 2,HSS-FE PL,20,8,#43A047,1,4,46,46 - AZ03 - 4,144,104 de 144
AZ03,4,Chip 2,HSS-FE PL,20,8,#43A047,1,4,46,46 - AZ03 - 4,144,105 de 144
AZ03,4,Chip 2,HSS-FE PL,20,8,#43A047,1,4,46,46 - AZ03 - 4,144,106 de 144
AZ03,4,Chip 2,HSS-FE PL,20,8,#43A047,1,4,46,46 - AZ03 - 4,144,107 de 144
AZ03,4,Chip 2,HSS-FE PL,20,8,#43A047,1,4,46,46 - AZ03 - 4,144,108 de 144
AZ03,4,Chip 2,HSS-FE PL,28,8,#43A047,1,4,46,46 - AZ03 - 4,144,109 de 144
AZ03,4,Chip 2,HSS-FE PL,28,8,#43A047,1,4,46,46 - AZ03 - 4,144,110 de 144
AZ03,4,Chip 2,HSS-FE PL,28,8,#43A047,1,4,46,46 - AZ03 - 4,144,111 de 144
AZ03,4,Chip 2,HSS-FE PL,28,8,#43A047,1,4,46,46 - AZ03 - 4,144,112 de 144
AZ03,4,Chip 2,HSS-FE PL,28,8,#43A047,1,4,46,46 - AZ03 - 4,144,113 de 144
AZ03,4,Chip 2,HSS-FE PL,28,8,#43A047,1,4,46,46 - AZ03 - 4,144,114 de 144
AZ03,4,Chip 2,HSS-FE PL,28,8,#43A047,1,4,46,46 - AZ03 - 4,144,115 de 144
AZ03,4,Chip 2,HSS-FE PL,28,8,#43A047,1,4,46,46 - AZ03 - 4,144,116 de 144
AZ03,4,Chip 2,HSS-FE PL,28,8,#43A047,1,4,46,46 - AZ03 - 4,144,117 de 144
AZ03,4,Chip 2,HSS-FE PL,28,8,#43A047,1,4,46,46 - AZ03 - 4,144,118 de 144
AZ03,4,Chip 2,HSS-FE PL,28,8,#43A047,1,4,46,46 - AZ03 - 4,144,119 de 144
AZ03,4,Chip 2,HSS-FE PL,28,8,#43A047,1,4,46,46 - AZ03 - 4,144,120 de 144
AZ03,4,Chip 2,INFRA,37,3,#000000,0,1,46,46 - AZ03 - 4,0,
AZ03,5,Chip 1,HSS-FE PL,0,8,#43A047,1,4,47,47 - AZ03 - 5,144,73 de 144
AZ03,5,Chip 1,HSS-FE PL,0,8,#43A047,1,4,47,47 - AZ03 - 5,144,74 de 144
AZ03,5,Chip 1,HSS-FE PL,0,8,#43A047,1,4,47,47 - AZ03 - 5,144,75 de 144
AZ03,5,Chip 1,HSS-FE PL,0,8,#43A047,1,4,47,47 - AZ03 - 5,144,76 de 144
AZ03,5,Chip 1,HSS-FE PL,0,8,#43A047,1,4,47,47 - AZ03 - 5,144,77 de 144
AZ03,5,Chip 1,HSS-FE PL,0,8,#43A047,1,4,47,47 - AZ03 - 5,144,78 de 144
AZ03,5,Chip 1,HSS-FE PL,0,8,#43A047,1,4,47,47 - AZ03 - 5,144,79 de 144
AZ03,5,Chip 1,HSS-FE PL,0,8,#43A047,1,4,47,47 - AZ03 - 5,144,80 de 144
AZ03,5,Chip 1,HSS-FE PL,0,8,#43A047,1,4,47,47 - AZ03 - 5,144,81 de 144
AZ03,5,Chip 1,HSS-FE PL,0,8,#43A047,1,4,47,47 - AZ03 - 5,144,82 de 144
AZ03,5,Chip 1,HSS-FE PL,0,8,#43A047,1,4,47,47 - AZ03 - 5,144,83 de 144
AZ03,5,Chip 1,HSS-FE PL,0,8,#43A047,1,4,47,47 - AZ03 - 5,144,84 de 144
AZ03,5,Chip 1,HSS-FE PL,8,8,#43A047,1,4,47,47 - AZ03 - 5,144,85 de 144
AZ03,5,Chip 1,HSS-FE PL,8,8,#43A047,1,4,47,47 - AZ03 - 5,144,86 de 144
AZ03,5,Chip 1,HSS-FE PL,8,8,#43A047,1,4,47,47 - AZ03 - 5,144,87 de 144
AZ03,5,Chip 1,HSS-FE PL,8,8,#43A047,1,4,47,47 - AZ03 - 5,144,88 de 144
AZ03,5,Chip 1,HSS-FE PL,8,8,#43A047,1,4,47,47 - AZ03 - 5,144,89 de 144
AZ03,5,Chip 1,HSS-FE PL,8,8,#43A047,1,4,47,47 - AZ03 - 5,144,90 de 144
AZ03,5,Chip 1,HSS-FE PL,8,8,#43A047,1,4,47,47 - AZ03 - 5,144,91 de 144
AZ03,5,Chip 1,HSS-FE PL,8,8,#43A047,1,4,47,47 - AZ03 - 5,144,92 de 144
AZ03,5,Chip 1,HSS-FE PL,8,8,#43A047,1,4,47,47 - AZ03 - 5,144,93 de 144
AZ03,5,Chip 1,HSS-FE PL,8,8,#43A047,1,4,47,47 - AZ03 - 5,144,94 de 144
AZ03,5,Chip 1,HSS-FE PL,8,8,#43A047,1,4,47,47 - AZ03 - 5,144,95 de 144
AZ03,5,Chip 1,HSS-FE PL,8,8,#43A047,1,4,47,47 - AZ03 - 5,144,96 de 144
AZ03,5,Chip 1,INFRA,17,3,#000000,0,1,47,47 - AZ03 - 5,0,
AZ03,5,Chip 2,HSS-FE PL,20,8,#43A047,1,4,47,47 - AZ03 - 5,144,121 de 144
AZ03,5,Chip 2,HSS-FE PL,20,8,#43A047,1,4,47,47 - AZ03 - 5,144,122 de 144
AZ03,5,Chip 2,HSS-FE PL,20,8,#43A047,1,4,47,47 - AZ03 - 5,144,123 de 144
AZ03,5,Chip 2,HSS-FE PL,20,8,#43A047,1,4,47,47 - AZ03 - 5,144,124 de 144
AZ03,5,Chip 2,HSS-FE PL,20,8,#43A047,1,4,47,47 - AZ03 - 5,144,125 de 144
AZ03,5,Chip 2,HSS-FE PL,20,8,#43A047,1,4,47,47 - AZ03 - 5,144,126 de 144
AZ03,5,Chip 2,HSS-FE PL,20,8,#43A047,1,4,47,47 - AZ03 - 5,144,127 de 144
AZ03,5,Chip 2,HSS-FE PL,20,8,#43A047,1,4,47,47 - AZ03 - 5,144,128 de 144
AZ03,5,Chip 2,HSS-FE PL,20,8,#43A047,1,4,47,47 - AZ03 - 5,144,129 de 144
AZ03,5,Chip 2,HSS-FE PL,20,8,#43A047,1,4,47,47 - AZ03 - 5,144,130 de 144
AZ03,5,Chip 2,HSS-FE PL,20,8,#43A047,1,4,47,47 - AZ03 - 5,144,131 de 144
AZ03,5,Chip 2,HSS-FE PL,20,8,#43A047,1,4,47,47 - AZ03 - 5,144,132 de 144
AZ03,5,Chip 2,HSS-FE PL,28,8,#43A047,1,4,47,47 - AZ03 - 5,144,133 de 144
AZ03,5,Chip 2,HSS-FE PL,28,8,#43A047,1,4,47,47 - AZ03 - 5,144,134 de 144
AZ03,5,Chip 2,HSS-FE PL,28,8,#43A047,1,4,47,47 - AZ03 - 5,144,135 de 144
AZ03,5,Chip 2,HSS-FE PL,28,8,#43A047,1,4,47,47 - AZ03 - 5,144,136 de 144
AZ03,5,Chip 2,HSS-FE PL,28,8,#43A047,1,4,47,47 - AZ03 - 5,144,137 de 144
AZ03,5,Chip 2,HSS-FE PL,28,8,#43A047,1,4,47,47 - AZ03 - 5,144,138 de 144
AZ03,5,Chip 2,HSS-FE PL,28,8,#43A047,1,4,47,47 - AZ03 - 5,144,139 de 144
AZ03,5,Chip 2,HSS-FE PL,28,8,#43A047,1,4,47,47 - AZ03 - 5,144,140 de 144
AZ03,5,Chip 2,HSS-FE PL,28,8,#43A047,1,4,47,47 - AZ03 - 5,144,141 de 144
AZ03,5,Chip 2,HSS-FE PL,28,8,#43A047,1,4,47,47 - AZ03 - 5,144,142 de 144
AZ03,5,Chip 2,HSS-FE PL,28,8,#43A047,1,4,47,47 - AZ03 - 5,144,143 de 144
AZ03,5,Chip 2,HSS-FE PL,28,8,#43A047,1,4,47,47 - AZ03 - 5,144,144 de 144
AZ03,5,Chip 2,INFRA,37,3,#000000,0,1,47,47 - AZ03 - 5,0,
AZ08,1,Chip 1,SAPC-PCRF TP,0,17,#27408B,1,1,48,48 - AZ08 - 1,900,1 de 900
AZ08,1,Chip 1,SAPC-PCRF TP,0,17,#27408B,1,1,48,48 - AZ08 - 1,900,2 de 900
AZ08,1,Chip 1,SAPC-PCRF TP,0,17,#27408B,1,1,48,48 - AZ08 - 1,900,3 de 900
AZ08,1,Chip 1,SAPC-PCRF TP,0,17,#27408B,1,1,48,48 - AZ08 - 1,900,4 de 900
AZ08,1,Chip 1,SAPC-PCRF TP,0,17,#27408B,1,1,48,48 - AZ08 - 1,900,5 de 900
AZ08,1,Chip 1,SAPC-PCRF TP,0,17,#27408B,1,1,48,48 - AZ08 - 1,900,6 de 900
AZ08,1,Chip 1,SAPC-PCRF TP,0,17,#27408B,1,1,48,48 - AZ08 - 1,900,7 de 900
AZ08,1,Chip 1,SAPC-PCRF TP,0,17,#27408B,1,1,48,48 - AZ08 - 1,900,8 de 900
AZ08,1,Chip 1,SAPC-PCRF TP,0,17,#27408B,1,1,48,48 - AZ08 - 1,900,9 de 900
AZ08,1,Chip 1,SAPC-PCRF TP,0,17,#27408B,1,1,48,48 - AZ08 - 1,900,10 de 900
AZ08,1,Chip 1,SAPC-PCRF TP,0,17,#27408B,1,1,48,48 - AZ08 - 1,900,11 de 900
AZ08,1,Chip 1,SAPC-PCRF TP,0,17,#27408B,1,1,48,48 - AZ08 - 1,900,12 de 900
AZ08,1,Chip 1,SAPC-PCRF TP,0,17,#27408B,1,1,48,48 - AZ08 - 1,900,13 de 900
AZ08,1,Chip 1,SAPC-PCRF TP,0,17,#27408B,1,1,48,48 - AZ08 - 1,900,14 de 900
AZ08,1,Chip 1,SAPC-PCRF TP,0,17,#27408B,1,1,48,48 - AZ08 - 1,900,15 de 900
AZ08,1,Chip 1,SAPC-PCRF TP,0,17,#27408B,1,1,48,48 - AZ08 - 1,900,16 de 900
AZ08,1,Chip 1,SAPC-PCRF TP,0,17,#27408B,1,1,48,48 - AZ08 - 1,900,17 de 900
AZ08,1,Chip 1,SAPC-PCRF TP,0,17,#27408B,1,1,48,48 - AZ08 - 1,900,18 de 900
AZ08,1,Chip 1,SAPC-PCRF TP,0,17,#27408B,1,1,48,48 - AZ08 - 1,900,19 de 900
AZ08,1,Chip 1,SAPC-PCRF TP,0,17,#27408B,1,1,48,48 - AZ08 - 1,900,20 de 900
AZ08,1,Chip 1,SAPC-PCRF TP,0,17,#27408B,1,1,48,48 - AZ08 - 1,900,21 de 900
AZ08,1,Chip 1,SAPC-PCRF TP,0,17,#27408B,1,1,48,48 - AZ08 - 1,900,22 de 900
AZ08,1,Chip 1,SAPC-PCRF TP,0,17,#27408B,1,1,48,48 - AZ08 - 1,900,23 de 900
AZ08,1,Chip 1,SAPC-PCRF TP,0,17,#27408B,1,1,48,48 - AZ08 - 1,900,24 de 900
AZ08,1,Chip 1,SAPC-PCRF TP,0,17,#27408B,1,1,48,48 - AZ08 - 1,900,25 de 900
AZ08,1,Chip 1,SAPC-PCRF TP,0,17,#27408B,1,1,48,48 - AZ08 - 1,900,26 de 900
AZ08,1,Chip 1,SAPC-PCRF TP,0,17,#27408B,1,1,48,48 - AZ08 - 1,900,27 de 900
AZ08,1,Chip 1,SAPC-PCRF TP,0,17,#27408B,1,1,48,48 - AZ08 - 1,900,28 de 900
AZ08,1,Chip 1,SAPC-PCRF TP,0,17,#27408B,1,1,48,48 - AZ08 - 1,900,29 de 900
AZ08,1,Chip 1,SAPC-PCRF TP,0,17,#27408B,1,1,48,48 - AZ08 - 1,900,30 de 900
AZ08,1,Chip 1,INFRA,17,3,#000000,0,1,48,48 - AZ08 - 1,0,
AZ08,1,Chip 2,EPG-C SFOC,20,17,#00BFFF,1,2,48,48 - AZ08 - 1,64,1 de 64
AZ08,1,Chip 2,EPG-C SFOC,20,17,#00BFFF,1,2,48,48 - AZ08 - 1,64,2 de 64
AZ08,1,Chip 2,EPG-C SFOC,20,17,#00BFFF,1,2,48,48 - AZ08 - 1,64,3 de 64
AZ08,1,Chip 2,EPG-C SFOC,20,17,#00BFFF,1,2,48,48 - AZ08 - 1,64,4 de 64
AZ08,1,Chip 2,EPG-C SFOC,20,17,#00BFFF,1,2,48,48 - AZ08 - 1,64,5 de 64
AZ08,1,Chip 2,EPG-C SFOC,20,17,#00BFFF,1,2,48,48 - AZ08 - 1,64,6 de 64
AZ08,1,Chip 2,EPG-C SFOC,20,17,#00BFFF,1,2,48,48 - AZ08 - 1,64,7 de 64
AZ08,1,Chip 2,EPG-C SFOC,20,17,#00BFFF,1,2,48,48 - AZ08 - 1,64,8 de 64
AZ08,1,Chip 2,INFRA,37,3,#000000,0,1,48,48 - AZ08 - 1,0,
AZ08,2,Chip 1,SAPC-PCRF TP,0,17,#27408B,1,1,49,49 - AZ08 - 2,900,31 de 900
AZ08,2,Chip 1,SAPC-PCRF TP,0,17,#27408B,1,1,49,49 - AZ08 - 2,900,32 de 900
AZ08,2,Chip 1,SAPC-PCRF TP,0,17,#27408B,1,1,49,49 - AZ08 - 2,900,33 de 900
AZ08,2,Chip 1,SAPC-PCRF TP,0,17,#27408B,1,1,49,49 - AZ08 - 2,900,34 de 900
AZ08,2,Chip 1,SAPC-PCRF TP,0,17,#27408B,1,1,49,49 - AZ08 - 2,900,35 de 900
AZ08,2,Chip 1,SAPC-PCRF TP,0,17,#27408B,1,1,49,49 - AZ08 - 2,900,36 de 900
AZ08,2,Chip 1,SAPC-PCRF TP,0,17,#27408B,1,1,49,49 - AZ08 - 2,900,37 de 900
AZ08,2,Chip 1,SAPC-PCRF TP,0,17,#27408B,1,1,49,49 - AZ08 - 2,900,38 de 900
AZ08,2,Chip 1,SAPC-PCRF TP,0,17,#27408B,1,1,49,49 - AZ08 - 2,900,39 de 900
AZ08,2,Chip 1,SAPC-PCRF TP,0,17,#27408B,1,1,49,49 - AZ08 - 2,900,40 de 900
AZ08,2,Chip 1,SAPC-PCRF TP,0,17,#27408B,1,1,49,49 - AZ08 - 2,900,41 de 900
AZ08,2,Chip 1,SAPC-PCRF TP,0,17,#27408B,1,1,49,49 - AZ08 - 2,900,42 de 900
AZ08,2,Chip 1,SAPC-PCRF TP,0,17,#27408B,1,1,49,49 - AZ08 - 2,900,43 de 900
AZ08,2,Chip 1,SAPC-PCRF TP,0,17,#27408B,1,1,49,49 - AZ08 - 2,900,44 de 900
AZ08,2,Chip 1,SAPC-PCRF TP,0,17,#27408B,1,1,49,49 - AZ08 - 2,900,45 de 900
AZ08,2,Chip 1,SAPC-PCRF TP,0,17,#27408B,1,1,49,49 - AZ08 - 2,900,46 de 900
AZ08,2,Chip 1,SAPC-PCRF TP,0,17,#27408B,1,1,49,49 - AZ08 - 2,900,47 de 900
AZ08,2,Chip 1,SAPC-PCRF TP,0,17,#27408B,1,1,49,49 - AZ08 - 2,900,48 de 900
AZ08,2,Chip 1,SAPC-PCRF TP,0,17,#27408B,1,1,49,49 - AZ08 - 2,900,49 de 900
AZ08,2,Chip 1,SAPC-PCRF TP,0,17,#27408B,1,1,49,49 - AZ08 - 2,900,50 de 900
AZ08,2,Chip 1,SAPC-PCRF TP,0,17,#27408B,1,1,49,49 - AZ08 - 2,900,51 de 900
AZ08,2,Chip 1,SAPC-PCRF TP,0,17,#27408B,1,1,49,49 - AZ08 - 2,900,52 de 900
AZ08,2,Chip 1,SAPC-PCRF TP,0,17,#27408B,1,1,49,49 - AZ08 - 2,900,53 de 900
AZ08,2,Chip 1,SAPC-PCRF TP,0,17,#27408B,1,1,49,49 - AZ08 - 2,900,54 de 900
AZ08,2,Chip 1,SAPC-PCRF TP,0,17,#27408B,1,1,49,49 - AZ08 - 2,900,55 de 900
AZ08,2,Chip 1,SAPC-PCRF TP,0,17,#27408B,1,1,49,49 - AZ08 - 2,900,56 de 900
AZ08,2,Chip 1,SAPC-PCRF TP,0,17,#27408B,1,1,49,49 - AZ08 - 2,900,57 de 900
AZ08,2,Chip 1,SAPC-PCRF TP,0,17,#27408B,1,1,49,49 - AZ08 - 2,900,58 de 900
AZ08,2,Chip 1,SAPC-PCRF TP,0,17,#27408B,1,1,49,49 - AZ08 - 2,900,59 de 900
AZ08,2,Chip 1,SAPC-PCRF TP,0,17,#27408B,1,1,49,49 - AZ08 - 2,900,60 de 900
AZ08,2,Chip 1,INFRA,17,3,#000000,0,1,49,49 - AZ08 - 2,0,
AZ08,2,Chip 2,EPG-C SFOC,20,17,#00BFFF,1,2,49,49 - AZ08 - 2,64,9 de 64
AZ08,2,Chip 2,EPG-C SFOC,20,17,#00BFFF,1,2,49,49 - AZ08 - 2,64,10 de 64
AZ08,2,Chip 2,EPG-C SFOC,20,17,#00BFFF,1,2,49,49 - AZ08 - 2,64,11 de 64
AZ08,2,Chip 2,EPG-C SFOC,20,17,#00BFFF,1,2,49,49 - AZ08 - 2,64,12 de 64
AZ08,2,Chip 2,EPG-C SFOC,20,17,#00BFFF,1,2,49,49 - AZ08 - 2,64,13 de 64
AZ08,2,Chip 2,EPG-C SFOC,20,17,#00BFFF,1,2,49,49 - AZ08 - 2,64,14 de 64
AZ08,2,Chip 2,EPG-C SFOC,20,17,#00BFFF,1,2,49,49 - AZ08 - 2,64,15 de 64
AZ08,2,Chip 2,EPG-C SFOC,20,17,#00BFFF,1,2,49,49 - AZ08 - 2,64,16 de 64
AZ08,2,Chip 2,INFRA,37,3,#000000,0,1,49,49 - AZ08 - 2,0,
AZ08,3,Chip 1,SAPC-PCRF TP,0,17,#27408B,1,1,50,50 - AZ08 - 3,900,61 de 900
AZ08,3,Chip 1,SAPC-PCRF TP,0,17,#27408B,1,1,50,50 - AZ08 - 3,900,62 de 900
AZ08,3,Chip 1,SAPC-PCRF TP,0,17,#27408B,1,1,50,50 - AZ08 - 3,900,63 de 900
AZ08,3,Chip 1,SAPC-PCRF TP,0,17,#27408B,1,1,50,50 - AZ08 - 3,900,64 de 900
AZ08,3,Chip 1,SAPC-PCRF TP,0,17,#27408B,1,1,50,50 - AZ08 - 3,900,65 de 900
AZ08,3,Chip 1,SAPC-PCRF TP,0,17,#27408B,1,1,50,50 - AZ08 - 3,900,66 de 900
AZ08,3,Chip 1,SAPC-PCRF TP,0,17,#27408B,1,1,50,50 - AZ08 - 3,900,67 de 900
AZ08,3,Chip 1,SAPC-PCRF TP,0,17,#27408B,1,1,50,50 - AZ08 - 3,900,68 de 900
AZ08,3,Chip 1,SAPC-PCRF TP,0,17,#27408B,1,1,50,50 - AZ08 - 3,900,69 de 900
AZ08,3,Chip 1,SAPC-PCRF TP,0,17,#27408B,1,1,50,50 - AZ08 - 3,900,70 de 900
AZ08,3,Chip 1,SAPC-PCRF TP,0,17,#27408B,1,1,50,50 - AZ08 - 3,900,71 de 900
AZ08,3,Chip 1,SAPC-PCRF TP,0,17,#27408B,1,1,50,50 - AZ08 - 3,900,72 de 900
AZ08,3,Chip 1,SAPC-PCRF TP,0,17,#27408B,1,1,50,50 - AZ08 - 3,900,73 de 900
AZ08,3,Chip 1,SAPC-PCRF TP,0,17,#27408B,1,1,50,50 - AZ08 - 3,900,74 de 900
AZ08,3,Chip 1,SAPC-PCRF TP,0,17,#27408B,1,1,50,50 - AZ08 - 3,900,75 de 900
AZ08,3,Chip 1,SAPC-PCRF TP,0,17,#27408B,1,1,50,50 - AZ08 - 3,900,76 de 900
AZ08,3,Chip 1,SAPC-PCRF TP,0,17,#27408B,1,1,50,50 - AZ08 - 3,900,77 de 900
AZ08,3,Chip 1,SAPC-PCRF TP,0,17,#27408B,1,1,50,50 - AZ08 - 3,900,78 de 900
AZ08,3,Chip 1,SAPC-PCRF TP,0,17,#27408B,1,1,50,50 - AZ08 - 3,900,79 de 900
AZ08,3,Chip 1,SAPC-PCRF TP,0,17,#27408B,1,1,50,50 - AZ08 - 3,900,80 de 900
AZ08,3,Chip 1,SAPC-PCRF TP,0,17,#27408B,1,1,50,50 - AZ08 - 3,900,81 de 900
AZ08,3,Chip 1,SAPC-PCRF TP,0,17,#27408B,1,1,50,50 - AZ08 - 3,900,82 de 900
AZ08,3,Chip 1,SAPC-PCRF TP,0,17,#27408B,1,1,50,50 - AZ08 - 3,900,83 de 900
AZ08,3,Chip 1,SAPC-PCRF TP,0,17,#27408B,1,1,50,50 - AZ08 - 3,900,84 de 900
AZ08,3,Chip 1,SAPC-PCRF TP,0,17,#27408B,1,1,50,50 - AZ08 - 3,900,85 de 900
AZ08,3,Chip 1,SAPC-PCRF TP,0,17,#27408B,1,1,50,50 - AZ08 - 3,900,86 de 900
AZ08,3,Chip 1,SAPC-PCRF TP,0,17,#27408B,1,1,50,50 - AZ08 - 3,900,87 de 900
AZ08,3,Chip 1,SAPC-PCRF TP,0,17,#27408B,1,1,50,50 - AZ08 - 3,900,88 de 900
AZ08,3,Chip 1,SAPC-PCRF TP,0,17,#27408B,1,1,50,50 - AZ08 - 3,900,89 de 900
AZ08,3,Chip 1,SAPC-PCRF TP,0,17,#27408B,1,1,50,50 - AZ08 - 3,900,90 de 900
AZ08,3,Chip 1,INFRA,17,3,#000000,0,1,50,50 - AZ08 - 3,0,
AZ08,3,Chip 2,EPG-C SFOC,20,17,#00BFFF,1,2,50,50 - AZ08 - 3,64,17 de 64
AZ08,3,Chip 2,EPG-C SFOC,20,17,#00BFFF,1,2,50,50 - AZ08 - 3,64,18 de 64
AZ08,3,Chip 2,EPG-C SFOC,20,17,#00BFFF,1,2,50,50 - AZ08 - 3,64,19 de 64
AZ08,3,Chip 2,EPG-C SFOC,20,17,#00BFFF,1,2,50,50 - AZ08 - 3,64,20 de 64
AZ08,3,Chip 2,EPG-C SFOC,20,17,#00BFFF,1,2,50,50 - AZ08 - 3,64,21 de 64
AZ08,3,Chip 2,EPG-C SFOC,20,17,#00BFFF,1,2,50,50 - AZ08 - 3,64,22 de 64
AZ08,3,Chip 2,EPG-C SFOC,20,17,#00BFFF,1,2,50,50 - AZ08 - 3,64,23 de 64
AZ08,3,Chip 2,EPG-C SFOC,20,17,#00BFFF,1,2,50,50 - AZ08 - 3,64,24 de 64
AZ08,3,Chip 2,INFRA,37,3,#000000,0,1,50,50 - AZ08 - 3,0,
AZ08,4,Chip 1,SAPC-PCRF TP,0,17,#27408B,1,1,51,51 - AZ08 - 4,900,91 de 900
AZ08,4,Chip 1,SAPC-PCRF TP,0,17,#27408B,1,1,51,51 - AZ08 - 4,900,92 de 900
AZ08,4,Chip 1,SAPC-PCRF TP,0,17,#27408B,1,1,51,51 - AZ08 - 4,900,93 de 900
AZ08,4,Chip 1,SAPC-PCRF TP,0,17,#27408B,1,1,51,51 - AZ08 - 4,900,94 de 900
AZ08,4,Chip 1,SAPC-PCRF TP,0,17,#27408B,1,1,51,51 - AZ08 - 4,900,95 de 900
AZ08,4,Chip 1,SAPC-PCRF TP,0,17,#27408B,1,1,51,51 - AZ08 - 4,900,96 de 900
AZ08,4,Chip 1,SAPC-PCRF TP,0,17,#27408B,1,1,51,51 - AZ08 - 4,900,97 de 900
AZ08,4,Chip 1,SAPC-PCRF TP,0,17,#27408B,1,1,51,51 - AZ08 - 4,900,98 de 900
AZ08,4,Chip 1,SAPC-PCRF TP,0,17,#27408B,1,1,51,51 - AZ08 - 4,900,99 de 900
AZ08,4,Chip 1,SAPC-PCRF TP,0,17,#27408B,1,1,51,51 - AZ08 - 4,900,100 de 900
AZ08,4,Chip 1,SAPC-PCRF TP,0,17,#27408B,1,1,51,51 - AZ08 - 4,900,101 de 900
AZ08,4,Chip 1,SAPC-PCRF TP,0,17,#27408B,1,1,51,51 - AZ08 - 4,900,102 de 900
AZ08,4,Chip 1,SAPC-PCRF TP,0,17,#27408B,1,1,51,51 - AZ08 - 4,900,103 de 900
AZ08,4,Chip 1,SAPC-PCRF TP,0,17,#27408B,1,1,51,51 - AZ08 - 4,900,104 de 900
AZ08,4,Chip 1,SAPC-PCRF TP,0,17,#27408B,1,1,51,51 - AZ08 - 4,900,105 de 900
AZ08,4,Chip 1,SAPC-PCRF TP,0,17,#27408B,1,1,51,51 - AZ08 - 4,900,106 de 900
AZ08,4,Chip 1,SAPC-PCRF TP,0,17,#27408B,1,1,51,51 - AZ08 - 4,900,107 de 900
AZ08,4,Chip 1,SAPC-PCRF TP,0,17,#27408B,1,1,51,51 - AZ08 - 4,900,108 de 900
AZ08,4,Chip 1,SAPC-PCRF TP,0,17,#27408B,1,1,51,51 - AZ08 - 4,900,109 de 900
AZ08,4,Chip 1,SAPC-PCRF TP,0,17,#27408B,1,1,51,51 - AZ08 - 4,900,110 de 900
AZ08,4,Chip 1,SAPC-PCRF TP,0,17,#27408B,1,1,51,51 - AZ08 - 4,900,111 de 900
AZ08,4,Chip 1,SAPC-PCRF TP,0,17,#27408B,1,1,51,51 - AZ08 - 4,900,112 de 900
AZ08,4,Chip 1,SAPC-PCRF TP,0,17,#27408B,1,1,51,51 - AZ08 - 4,900,113 de 900
AZ08,4,Chip 1,SAPC-PCRF TP,0,17,#27408B,1,1,51,51 - AZ08 - 4,900,114 de 900
AZ08,4,Chip 1,SAPC-PCRF TP,0,17,#27408B,1,1,51,51 - AZ08 - 4,900,115 de 900
AZ08,4,Chip 1,SAPC-PCRF TP,0,17,#27408B,1,1,51,51 - AZ08 - 4,900,116 de 900
AZ08,4,Chip 1,SAPC-PCRF TP,0,17,#27408B,1,1,51,51 - AZ08 - 4,900,117 de 900
AZ08,4,Chip 1,SAPC-PCRF TP,0,17,#27408B,1,1,51,51 - AZ08 - 4,900,118 de 900
AZ08,4,Chip 1,SAPC-PCRF TP,0,17,#27408B,1,1,51,51 - AZ08 - 4,900,119 de 900
AZ08,4,Chip 1,SAPC-PCRF TP,0,17,#27408B,1,1,51,51 - AZ08 - 4,900,120 de 900
AZ08,4,Chip 1,INFRA,17,3,#000000,0,1,51,51 - AZ08 - 4,0,
AZ08,4,Chip 2,EPG-C SFOC,20,17,#00BFFF,1,2,51,51 - AZ08 - 4,64,25 de 64
AZ08,4,Chip 2,EPG-C SFOC,20,17,#00BFFF,1,2,51,51 - AZ08 - 4,64,26 de 64
AZ08,4,Chip 2,EPG-C SFOC,20,17,#00BFFF,1,2,51,51 - AZ08 - 4,64,27 de 64
AZ08,4,Chip 2,EPG-C SFOC,20,17,#00BFFF,1,2,51,51 - AZ08 - 4,64,28 de 64
AZ08,4,Chip 2,EPG-C SFOC,20,17,#00BFFF,1,2,51,51 - AZ08 - 4,64,29 de 64
AZ08,4,Chip 2,EPG-C SFOC,20,17,#00BFFF,1,2,51,51 - AZ08 - 4,64,30 de 64
AZ08,4,Chip 2,EPG-C SFOC,20,17,#00BFFF,1,2,51,51 - AZ08 - 4,64,31 de 64
AZ08,4,Chip 2,EPG-C SFOC,20,17,#00BFFF,1,2,51,51 - AZ08 - 4,64,32 de 64
AZ08,4,Chip 2,INFRA,37,3,#000000,0,1,51,51 - AZ08 - 4,0,
AZ08,5,Chip 1,SAPC-PCRF TP,0,17,#27408B,1,1,52,52 - AZ08 - 5,900,121 de 900
AZ08,5,Chip 1,SAPC-PCRF TP,0,17,#27408B,1,1,52,52 - AZ08 - 5,900,122 de 900
AZ08,5,Chip 1,SAPC-PCRF TP,0,17,#27408B,1,1,52,52 - AZ08 - 5,900,123 de 900
AZ08,5,Chip 1,SAPC-PCRF TP,0,17,#27408B,1,1,52,52 - AZ08 - 5,900,124 de 900
AZ08,5,Chip 1,SAPC-PCRF TP,0,17,#27408B,1,1,52,52 - AZ08 - 5,900,125 de 900
AZ08,5,Chip 1,SAPC-PCRF TP,0,17,#27408B,1,1,52,52 - AZ08 - 5,900,126 de 900
AZ08,5,Chip 1,SAPC-PCRF TP,0,17,#27408B,1,1,52,52 - AZ08 - 5,900,127 de 900
AZ08,5,Chip 1,SAPC-PCRF TP,0,17,#27408B,1,1,52,52 - AZ08 - 5,900,128 de 900
AZ08,5,Chip 1,SAPC-PCRF TP,0,17,#27408B,1,1,52,52 - AZ08 - 5,900,129 de 900
AZ08,5,Chip 1,SAPC-PCRF TP,0,17,#27408B,1,1,52,52 - AZ08 - 5,900,130 de 900
AZ08,5,Chip 1,SAPC-PCRF TP,0,17,#27408B,1,1,52,52 - AZ08 - 5,900,131 de 900
AZ08,5,Chip 1,SAPC-PCRF TP,0,17,#27408B,1,1,52,52 - AZ08 - 5,900,132 de 900
AZ08,5,Chip 1,SAPC-PCRF TP,0,17,#27408B,1,1,52,52 - AZ08 - 5,900,133 de 900
AZ08,5,Chip 1,SAPC-PCRF TP,0,17,#27408B,1,1,52,52 - AZ08 - 5,900,134 de 900
AZ08,5,Chip 1,SAPC-PCRF TP,0,17,#27408B,1,1,52,52 - AZ08 - 5,900,135 de 900
AZ08,5,Chip 1,SAPC-PCRF TP,0,17,#27408B,1,1,52,52 - AZ08 - 5,900,136 de 900
AZ08,5,Chip 1,SAPC-PCRF TP,0,17,#27408B,1,1,52,52 - AZ08 - 5,900,137 de 900
AZ08,5,Chip 1,SAPC-PCRF TP,0,17,#27408B,1,1,52,52 - AZ08 - 5,900,138 de 900
AZ08,5,Chip 1,SAPC-PCRF TP,0,17,#27408B,1,1,52,52 - AZ08 - 5,900,139 de 900
AZ08,5,Chip 1,SAPC-PCRF TP,0,17,#27408B,1,1,52,52 - AZ08 - 5,900,140 de 900
AZ08,5,Chip 1,SAPC-PCRF TP,0,17,#27408B,1,1,52,52 - AZ08 - 5,900,141 de 900
AZ08,5,Chip 1,SAPC-PCRF TP,0,17,#27408B,1,1,52,52 - AZ08 - 5,900,142 de 900
AZ08,5,Chip 1,SAPC-PCRF TP,0,17,#27408B,1,1,52,52 - AZ08 - 5,900,143 de 900
AZ08,5,Chip 1,SAPC-PCRF TP,0,17,#27408B,1,1,52,52 - AZ08 - 5,900,144 de 900
AZ08,5,Chip 1,SAPC-PCRF TP,0,17,#27408B,1,1,52,52 - AZ08 - 5,900,145 de 900
AZ08,5,Chip 1,SAPC-PCRF TP,0,17,#27408B,1,1,52,52 - AZ08 - 5,900,146 de 900
AZ08,5,Chip 1,SAPC-PCRF TP,0,17,#27408B,1,1,52,52 - AZ08 - 5,900,147 de 900
AZ08,5,Chip 1,SAPC-PCRF TP,0,17,#27408B,1,1,52,52 - AZ08 - 5,900,148 de 900
AZ08,5,Chip 1,SAPC-PCRF TP,0,17,#27408B,1,1,52,52 - AZ08 - 5,900,149 de 900
AZ08,5,Chip 1,SAPC-PCRF TP,0,17,#27408B,1,1,52,52 - AZ08 - 5,900,150 de 900
AZ08,5,Chip 1,INFRA,17,3,#000000,0,1,52,52 - AZ08 - 5,0,
AZ08,5,Chip 2,EPG-C SFOC,20,17,#00BFFF,1,2,52,52 - AZ08 - 5,64,33 de 64
AZ08,5,Chip 2,EPG-C SFOC,20,17,#00BFFF,1,2,52,52 - AZ08 - 5,64,34 de 64
AZ08,5,Chip 2,EPG-C SFOC,20,17,#00BFFF,1,2,52,52 - AZ08 - 5,64,35 de 64
AZ08,5,Chip 2,EPG-C SFOC,20,17,#00BFFF,1,2,52,52 - AZ08 - 5,64,36 de 64
AZ08,5,Chip 2,EPG-C SFOC,20,17,#00BFFF,1,2,52,52 - AZ08 - 5,64,37 de 64
AZ08,5,Chip 2,EPG-C SFOC,20,17,#00BFFF,1,2,52,52 - AZ08 - 5,64,38 de 64
AZ08,5,Chip 2,EPG-C SFOC,20,17,#00BFFF,1,2,52,52 - AZ08 - 5,64,39 de 64
AZ08,5,Chip 2,EPG-C SFOC,20,17,#00BFFF,1,2,52,52 - AZ08 - 5,64,40 de 64
AZ08,5,Chip 2,INFRA,37,3,#000000,0,1,52,52 - AZ08 - 5,0,
AZ08,6,Chip 1,SAPC-PCRF TP,0,17,#27408B,1,1,53,53 - AZ08 - 6,900,151 de 900
AZ08,6,Chip 1,SAPC-PCRF TP,0,17,#27408B,1,1,53,53 - AZ08 - 6,900,152 de 900
AZ08,6,Chip 1,SAPC-PCRF TP,0,17,#27408B,1,1,53,53 - AZ08 - 6,900,153 de 900
AZ08,6,Chip 1,SAPC-PCRF TP,0,17,#27408B,1,1,53,53 - AZ08 - 6,900,154 de 900
AZ08,6,Chip 1,SAPC-PCRF TP,0,17,#27408B,1,1,53,53 - AZ08 - 6,900,155 de 900
AZ08,6,Chip 1,SAPC-PCRF TP,0,17,#27408B,1,1,53,53 - AZ08 - 6,900,156 de 900
AZ08,6,Chip 1,SAPC-PCRF TP,0,17,#27408B,1,1,53,53 - AZ08 - 6,900,157 de 900
AZ08,6,Chip 1,SAPC-PCRF TP,0,17,#27408B,1,1,53,53 - AZ08 - 6,900,158 de 900
AZ08,6,Chip 1,SAPC-PCRF TP,0,17,#27408B,1,1,53,53 - AZ08 - 6,900,159 de 900
AZ08,6,Chip 1,SAPC-PCRF TP,0,17,#27408B,1,1,53,53 - AZ08 - 6,900,160 de 900
AZ08,6,Chip 1,SAPC-PCRF TP,0,17,#27408B,1,1,53,53 - AZ08 - 6,900,161 de 900
AZ08,6,Chip 1,SAPC-PCRF TP,0,17,#27408B,1,1,53,53 - AZ08 - 6,900,162 de 900
AZ08,6,Chip 1,SAPC-PCRF TP,0,17,#27408B,1,1,53,53 - AZ08 - 6,900,163 de 900
AZ08,6,Chip 1,SAPC-PCRF TP,0,17,#27408B,1,1,53,53 - AZ08 - 6,900,164 de 900
AZ08,6,Chip 1,SAPC-PCRF TP,0,17,#27408B,1,1,53,53 - AZ08 - 6,900,165 de 900
AZ08,6,Chip 1,SAPC-PCRF TP,0,17,#27408B,1,1,53,53 - AZ08 - 6,900,166 de 900
AZ08,6,Chip 1,SAPC-PCRF TP,0,17,#27408B,1,1,53,53 - AZ08 - 6,900,167 de 900
AZ08,6,Chip 1,SAPC-PCRF TP,0,17,#27408B,1,1,53,53 - AZ08 - 6,900,168 de 900
AZ08,6,Chip 1,SAPC-PCRF TP,0,17,#27408B,1,1,53,53 - AZ08 - 6,900,169 de 900
AZ08,6,Chip 1,SAPC-PCRF TP,0,17,#27408B,1,1,53,53 - AZ08 - 6,900,170 de 900
AZ08,6,Chip 1,SAPC-PCRF TP,0,17,#27408B,1,1,53,53 - AZ08 - 6,900,171 de 900
AZ08,6,Chip 1,SAPC-PCRF TP,0,17,#27408B,1,1,53,53 - AZ08 - 6,900,172 de 900
AZ08,6,Chip 1,SAPC-PCRF TP,0,17,#27408B,1,1,53,53 - AZ08 - 6,900,173 de 900
AZ08,6,Chip 1,SAPC-PCRF TP,0,17,#27408B,1,1,53,53 - AZ08 - 6,900,174 de 900
AZ08,6,Chip 1,SAPC-PCRF TP,0,17,#27408B,1,1,53,53 - AZ08 - 6,900,175 de 900
AZ08,6,Chip 1,SAPC-PCRF TP,0,17,#27408B,1,1,53,53 - AZ08 - 6,900,176 de 900
AZ08,6,Chip 1,SAPC-PCRF TP,0,17,#27408B,1,1,53,53 - AZ08 - 6,900,177 de 900
AZ08,6,Chip 1,SAPC-PCRF TP,0,17,#27408B,1,1,53,53 - AZ08 - 6,900,178 de 900
AZ08,6,Chip 1,SAPC-PCRF TP,0,17,#27408B,1,1,53,53 - AZ08 - 6,900,179 de 900
AZ08,6,Chip 1,SAPC-PCRF TP,0,17,#27408B,1,1,53,53 - AZ08 - 6,900,180 de 900
AZ08,6,Chip 1,INFRA,17,3,#000000,0,1,53,53 - AZ08 - 6,0,
AZ08,6,Chip 2,EPG-C SFOC,20,17,#00BFFF,1,2,53,53 - AZ08 - 6,64,41 de 64
AZ08,6,Chip 2,EPG-C SFOC,20,17,#00BFFF,1,2,53,53 - AZ08 - 6,64,42 de 64
AZ08,6,Chip 2,EPG-C SFOC,20,17,#00BFFF,1,2,53,53 - AZ08 - 6,64,43 de 64
AZ08,6,Chip 2,EPG-C SFOC,20,17,#00BFFF,1,2,53,53 - AZ08 - 6,64,44 de 64
AZ08,6,Chip 2,EPG-C SFOC,20,17,#00BFFF,1,2,53,53 - AZ08 - 6,64,45 de 64
AZ08,6,Chip 2,EPG-C SFOC,20,17,#00BFFF,1,2,53,53 - AZ08 - 6,64,46 de 64
AZ08,6,Chip 2,EPG-C SFOC,20,17,#00BFFF,1,2,53,53 - AZ08 - 6,64,47 de 64
AZ08,6,Chip 2,EPG-C SFOC,20,17,#00BFFF,1,2,53,53 - AZ08 - 6,64,48 de 64
AZ08,6,Chip 2,INFRA,37,3,#000000,0,1,53,53 - AZ08 - 6,0,
AZ08,7,Chip 1,SAPC-PCRF TP,0,17,#27408B,1,1,54,54 - AZ08 - 7,900,181 de 900
AZ08,7,Chip 1,SAPC-PCRF TP,0,17,#27408B,1,1,54,54 - AZ08 - 7,900,182 de 900
AZ08,7,Chip 1,SAPC-PCRF TP,0,17,#27408B,1,1,54,54 - AZ08 - 7,900,183 de 900
AZ08,7,Chip 1,SAPC-PCRF TP,0,17,#27408B,1,1,54,54 - AZ08 - 7,900,184 de 900
AZ08,7,Chip 1,SAPC-PCRF TP,0,17,#27408B,1,1,54,54 - AZ08 - 7,900,185 de 900
AZ08,7,Chip 1,SAPC-PCRF TP,0,17,#27408B,1,1,54,54 - AZ08 - 7,900,186 de 900
AZ08,7,Chip 1,SAPC-PCRF TP,0,17,#27408B,1,1,54,54 - AZ08 - 7,900,187 de 900
AZ08,7,Chip 1,SAPC-PCRF TP,0,17,#27408B,1,1,54,54 - AZ08 - 7,900,188 de 900
AZ08,7,Chip 1,SAPC-PCRF TP,0,17,#27408B,1,1,54,54 - AZ08 - 7,900,189 de 900
AZ08,7,Chip 1,SAPC-PCRF TP,0,17,#27408B,1,1,54,54 - AZ08 - 7,900,190 de 900
AZ08,7,Chip 1,SAPC-PCRF TP,0,17,#27408B,1,1,54,54 - AZ08 - 7,900,191 de 900
AZ08,7,Chip 1,SAPC-PCRF TP,0,17,#27408B,1,1,54,54 - AZ08 - 7,900,192 de 900
AZ08,7,Chip 1,SAPC-PCRF TP,0,17,#27408B,1,1,54,54 - AZ08 - 7,900,193 de 900
AZ08,7,Chip 1,SAPC-PCRF TP,0,17,#27408B,1,1,54,54 - AZ08 - 7,900,194 de 900
AZ08,7,Chip 1,SAPC-PCRF TP,0,17,#27408B,1,1,54,54 - AZ08 - 7,900,195 de 900
AZ08,7,Chip 1,SAPC-PCRF TP,0,17,#27408B,1,1,54,54 - AZ08 - 7,900,196 de 900
AZ08,7,Chip 1,SAPC-PCRF TP,0,17,#27408B,1,1,54,54 - AZ08 - 7,900,197 de 900
AZ08,7,Chip 1,SAPC-PCRF TP,0,17,#27408B,1,1,54,54 - AZ08 - 7,900,198 de 900
AZ08,7,Chip 1,SAPC-PCRF TP,0,17,#27408B,1,1,54,54 - AZ08 - 7,900,199 de 900
AZ08,7,Chip 1,SAPC-PCRF TP,0,17,#27408B,1,1,54,54 - AZ08 - 7,900,200 de 900
AZ08,7,Chip 1,SAPC-PCRF TP,0,17,#27408B,1,1,54,54 - AZ08 - 7,900,201 de 900
AZ08,7,Chip 1,SAPC-PCRF TP,0,17,#27408B,1,1,54,54 - AZ08 - 7,900,202 de 900
AZ08,7,Chip 1,SAPC-PCRF TP,0,17,#27408B,1,1,54,54 - AZ08 - 7,900,203 de 900
AZ08,7,Chip 1,SAPC-PCRF TP,0,17,#27408B,1,1,54,54 - AZ08 - 7,900,204 de 900
AZ08,7,Chip 1,SAPC-PCRF TP,0,17,#27408B,1,1,54,54 - AZ08 - 7,900,205 de 900
AZ08,7,Chip 1,SAPC-PCRF TP,0,17,#27408B,1,1,54,54 - AZ08 - 7,900,206 de 900
AZ08,7,Chip 1,SAPC-PCRF TP,0,17,#27408B,1,1,54,54 - AZ08 - 7,900,207 de 900
AZ08,7,Chip 1,SAPC-PCRF TP,0,17,#27408B,1,1,54,54 - AZ08 - 7,900,208 de 900
AZ08,7,Chip 1,SAPC-PCRF TP,0,17,#27408B,1,1,54,54 - AZ08 - 7,900,209 de 900
AZ08,7,Chip 1,SAPC-PCRF TP,0,17,#27408B,1,1,54,54 - AZ08 - 7,900,210 de 900
AZ08,7,Chip 1,INFRA,17,3,#000000,0,1,54,54 - AZ08 - 7,0,
AZ08,7,Chip 2,EPG-C SFOC,20,17,#00BFFF,1,2,54,54 - AZ08 - 7,64,49 de 64
AZ08,7,Chip 2,EPG-C SFOC,20,17,#00BFFF,1,2,54,54 - AZ08 - 7,64,50 de 64
AZ08,7,Chip 2,EPG-C SFOC,20,17,#00BFFF,1,2,54,54 - AZ08 - 7,64,51 de 64
AZ08,7,Chip 2,EPG-C SFOC,20,17,#00BFFF,1,2,54,54 - AZ08 - 7,64,52 de 64
AZ08,7,Chip 2,EPG-C SFOC,20,17,#00BFFF,1,2,54,54 - AZ08 - 7,64,53 de 64
AZ08,7,Chip 2,EPG-C SFOC,20,17,#00BFFF,1,2,54,54 - AZ08 - 7,64,54 de 64
AZ08,7,Chip 2,EPG-C SFOC,20,17,#00BFFF,1,2,54,54 - AZ08 - 7,64,55 de 64
AZ08,7,Chip 2,EPG-C SFOC,20,17,#00BFFF,1,2,54,54 - AZ08 - 7,64,56 de 64
AZ08,7,Chip 2,INFRA,37,3,#000000,0,1,54,54 - AZ08 - 7,0,
AZ08,8,Chip 1,SAPC-PCRF TP,0,17,#27408B,1,1,55,55 - AZ08 - 8,900,211 de 900
AZ08,8,Chip 1,SAPC-PCRF TP,0,17,#27408B,1,1,55,55 - AZ08 - 8,900,212 de 900
AZ08,8,Chip 1,SAPC-PCRF TP,0,17,#27408B,1,1,55,55 - AZ08 - 8,900,213 de 900
AZ08,8,Chip 1,SAPC-PCRF TP,0,17,#27408B,1,1,55,55 - AZ08 - 8,900,214 de 900
AZ08,8,Chip 1,SAPC-PCRF TP,0,17,#27408B,1,1,55,55 - AZ08 - 8,900,215 de 900
AZ08,8,Chip 1,SAPC-PCRF TP,0,17,#27408B,1,1,55,55 - AZ08 - 8,900,216 de 900
AZ08,8,Chip 1,SAPC-PCRF TP,0,17,#27408B,1,1,55,55 - AZ08 - 8,900,217 de 900
AZ08,8,Chip 1,SAPC-PCRF TP,0,17,#27408B,1,1,55,55 - AZ08 - 8,900,218 de 900
AZ08,8,Chip 1,SAPC-PCRF TP,0,17,#27408B,1,1,55,55 - AZ08 - 8,900,219 de 900
AZ08,8,Chip 1,SAPC-PCRF TP,0,17,#27408B,1,1,55,55 - AZ08 - 8,900,220 de 900
AZ08,8,Chip 1,SAPC-PCRF TP,0,17,#27408B,1,1,55,55 - AZ08 - 8,900,221 de 900
AZ08,8,Chip 1,SAPC-PCRF TP,0,17,#27408B,1,1,55,55 - AZ08 - 8,900,222 de 900
AZ08,8,Chip 1,SAPC-PCRF TP,0,17,#27408B,1,1,55,55 - AZ08 - 8,900,223 de 900
AZ08,8,Chip 1,SAPC-PCRF TP,0,17,#27408B,1,1,55,55 - AZ08 - 8,900,224 de 900
AZ08,8,Chip 1,SAPC-PCRF TP,0,17,#27408B,1,1,55,55 - AZ08 - 8,900,225 de 900
AZ08,8,Chip 1,SAPC-PCRF TP,0,17,#27408B,1,1,55,55 - AZ08 - 8,900,226 de 900
AZ08,8,Chip 1,SAPC-PCRF TP,0,17,#27408B,1,1,55,55 - AZ08 - 8,900,227 de 900
AZ08,8,Chip 1,SAPC-PCRF TP,0,17,#27408B,1,1,55,55 - AZ08 - 8,900,228 de 900
AZ08,8,Chip 1,SAPC-PCRF TP,0,17,#27408B,1,1,55,55 - AZ08 - 8,900,229 de 900
AZ08,8,Chip 1,SAPC-PCRF TP,0,17,#27408B,1,1,55,55 - AZ08 - 8,900,230 de 900
AZ08,8,Chip 1,SAPC-PCRF TP,0,17,#27408B,1,1,55,55 - AZ08 - 8,900,231 de 900
AZ08,8,Chip 1,SAPC-PCRF TP,0,17,#27408B,1,1,55,55 - AZ08 - 8,900,232 de 900
AZ08,8,Chip 1,SAPC-PCRF TP,0,17,#27408B,1,1,55,55 - AZ08 - 8,900,233 de 900
AZ08,8,Chip 1,SAPC-PCRF TP,0,17,#27408B,1,1,55,55 - AZ08 - 8,900,234 de 900
AZ08,8,Chip 1,SAPC-PCRF TP,0,17,#27408B,1,1,55,55 - AZ08 - 8,900,235 de 900
AZ08,8,Chip 1,SAPC-PCRF TP,0,17,#27408B,1,1,55,55 - AZ08 - 8,900,236 de 900
AZ08,8,Chip 1,SAPC-PCRF TP,0,17,#27408B,1,1,55,55 - AZ08 - 8,900,237 de 900
AZ08,8,Chip 1,SAPC-PCRF TP,0,17,#27408B,1,1,55,55 - AZ08 - 8,900,238 de 900
AZ08,8,Chip 1,SAPC-PCRF TP,0,17,#27408B,1,1,55,55 - AZ08 - 8,900,239 de 900
AZ08,8,Chip 1,SAPC-PCRF TP,0,17,#27408B,1,1,55,55 - AZ08 - 8,900,240 de 900
AZ08,8,Chip 1,INFRA,17,3,#000000,0,1,55,55 - AZ08 - 8,0,
AZ08,8,Chip 2,EPG-C SFOC,20,17,#00BFFF,1,2,55,55 - AZ08 - 8,64,57 de 64
AZ08,8,Chip 2,EPG-C SFOC,20,17,#00BFFF,1,2,55,55 - AZ08 - 8,64,58 de 64
AZ08,8,Chip 2,EPG-C SFOC,20,17,#00BFFF,1,2,55,55 - AZ08 - 8,64,59 de 64
AZ08,8,Chip 2,EPG-C SFOC,20,17,#00BFFF,1,2,55,55 - AZ08 - 8,64,60 de 64
AZ08,8,Chip 2,EPG-C SFOC,20,17,#00BFFF,1,2,55,55 - AZ08 - 8,64,61 de 64
AZ08,8,Chip 2,EPG-C SFOC,20,17,#00BFFF,1,2,55,55 - AZ08 - 8,64,62 de 64
AZ08,8,Chip 2,EPG-C SFOC,20,17,#00BFFF,1,2,55,55 - AZ08 - 8,64,63 de 64
AZ08,8,Chip 2,EPG-C SFOC,20,17,#00BFFF,1,2,55,55 - AZ08 - 8,64,64 de 64
AZ08,8,Chip 2,INFRA,37,3,#000000,0,1,55,55 - AZ08 - 8,0,
AZ08,9,Chip 1,SAPC-PCRF TP,0,17,#27408B,1,1,56,56 - AZ08 - 9,900,241 de 900
AZ08,9,Chip 1,SAPC-PCRF TP,0,17,#27408B,1,1,56,56 - AZ08 - 9,900,242 de 900
AZ08,9,Chip 1,SAPC-PCRF TP,0,17,#27408B,1,1,56,56 - AZ08 - 9,900,243 de 900
AZ08,9,Chip 1,SAPC-PCRF TP,0,17,#27408B,1,1,56,56 - AZ08 - 9,900,244 de 900
AZ08,9,Chip 1,SAPC-PCRF TP,0,17,#27408B,1,1,56,56 - AZ08 - 9,900,245 de 900
AZ08,9,Chip 1,SAPC-PCRF TP,0,17,#27408B,1,1,56,56 - AZ08 - 9,900,246 de 900
AZ08,9,Chip 1,SAPC-PCRF TP,0,17,#27408B,1,1,56,56 - AZ08 - 9,900,247 de 900
AZ08,9,Chip 1,SAPC-PCRF TP,0,17,#27408B,1,1,56,56 - AZ08 - 9,900,248 de 900
AZ08,9,Chip 1,SAPC-PCRF TP,0,17,#27408B,1,1,56,56 - AZ08 - 9,900,249 de 900
AZ08,9,Chip 1,SAPC-PCRF TP,0,17,#27408B,1,1,56,56 - AZ08 - 9,900,250 de 900
AZ08,9,Chip 1,SAPC-PCRF TP,0,17,#27408B,1,1,56,56 - AZ08 - 9,900,251 de 900
AZ08,9,Chip 1,SAPC-PCRF TP,0,17,#27408B,1,1,56,56 - AZ08 - 9,900,252 de 900
AZ08,9,Chip 1,SAPC-PCRF TP,0,17,#27408B,1,1,56,56 - AZ08 - 9,900,253 de 900
AZ08,9,Chip 1,SAPC-PCRF TP,0,17,#27408B,1,1,56,56 - AZ08 - 9,900,254 de 900
AZ08,9,Chip 1,SAPC-PCRF TP,0,17,#27408B,1,1,56,56 - AZ08 - 9,900,255 de 900
AZ08,9,Chip 1,SAPC-PCRF TP,0,17,#27408B,1,1,56,56 - AZ08 - 9,900,256 de 900
AZ08,9,Chip 1,SAPC-PCRF TP,0,17,#27408B,1,1,56,56 - AZ08 - 9,900,257 de 900
AZ08,9,Chip 1,SAPC-PCRF TP,0,17,#27408B,1,1,56,56 - AZ08 - 9,900,258 de 900
AZ08,9,Chip 1,SAPC-PCRF TP,0,17,#27408B,1,1,56,56 - AZ08 - 9,900,259 de 900
AZ08,9,Chip 1,SAPC-PCRF TP,0,17,#27408B,1,1,56,56 - AZ08 - 9,900,260 de 900
AZ08,9,Chip 1,SAPC-PCRF TP,0,17,#27408B,1,1,56,56 - AZ08 - 9,900,261 de 900
AZ08,9,Chip 1,SAPC-PCRF TP,0,17,#27408B,1,1,56,56 - AZ08 - 9,900,262 de 900
AZ08,9,Chip 1,SAPC-PCRF TP,0,17,#27408B,1,1,56,56 - AZ08 - 9,900,263 de 900
AZ08,9,Chip 1,SAPC-PCRF TP,0,17,#27408B,1,1,56,56 - AZ08 - 9,900,264 de 900
AZ08,9,Chip 1,SAPC-PCRF TP,0,17,#27408B,1,1,56,56 - AZ08 - 9,900,265 de 900
AZ08,9,Chip 1,SAPC-PCRF TP,0,17,#27408B,1,1,56,56 - AZ08 - 9,900,266 de 900
AZ08,9,Chip 1,SAPC-PCRF TP,0,17,#27408B,1,1,56,56 - AZ08 - 9,900,267 de 900
AZ08,9,Chip 1,SAPC-PCRF TP,0,17,#27408B,1,1,56,56 - AZ08 - 9,900,268 de 900
AZ08,9,Chip 1,SAPC-PCRF TP,0,17,#27408B,1,1,56,56 - AZ08 - 9,900,269 de 900
AZ08,9,Chip 1,SAPC-PCRF TP,0,17,#27408B,1,1,56,56 - AZ08 - 9,900,270 de 900
AZ08,9,Chip 1,INFRA,17,3,#000000,0,1,56,56 - AZ08 - 9,0,
AZ08,9,Chip 2,SGSN-MME GPB/LC,20,17,#B2005F,1,2,56,56 - AZ08 - 9,361,1 de 361
AZ08,9,Chip 2,SGSN-MME GPB/LC,20,17,#B2005F,1,2,56,56 - AZ08 - 9,361,2 de 361
AZ08,9,Chip 2,SGSN-MME GPB/LC,20,17,#B2005F,1,2,56,56 - AZ08 - 9,361,3 de 361
AZ08,9,Chip 2,SGSN-MME GPB/LC,20,17,#B2005F,1,2,56,56 - AZ08 - 9,361,4 de 361
AZ08,9,Chip 2,SGSN-MME GPB/LC,20,17,#B2005F,1,2,56,56 - AZ08 - 9,361,5 de 361
AZ08,9,Chip 2,SGSN-MME GPB/LC,20,17,#B2005F,1,2,56,56 - AZ08 - 9,361,6 de 361
AZ08,9,Chip 2,SGSN-MME GPB/LC,20,17,#B2005F,1,2,56,56 - AZ08 - 9,361,7 de 361
AZ08,9,Chip 2,SGSN-MME GPB/LC,20,17,#B2005F,1,2,56,56 - AZ08 - 9,361,8 de 361
AZ08,9,Chip 2,SGSN-MME GPB/LC,20,17,#B2005F,1,2,56,56 - AZ08 - 9,361,9 de 361
AZ08,9,Chip 2,SGSN-MME GPB/LC,20,17,#B2005F,1,2,56,56 - AZ08 - 9,361,10 de 361
AZ08,9,Chip 2,SGSN-MME GPB/LC,20,17,#B2005F,1,2,56,56 - AZ08 - 9,361,11 de 361
AZ08,9,Chip 2,SGSN-MME GPB/LC,20,17,#B2005F,1,2,56,56 - AZ08 - 9,361,12 de 361
AZ08,9,Chip 2,SGSN-MME GPB/LC,20,17,#B2005F,1,2,56,56 - AZ08 - 9,361,13 de 361
AZ08,9,Chip 2,SGSN-MME GPB/LC,20,17,#B2005F,1,2,56,56 - AZ08 - 9,361,14 de 361
AZ08,9,Chip 2,SGSN-MME GPB/LC,20,17,#B2005F,1,2,56,56 - AZ08 - 9,361,15 de 361
AZ08,9,Chip 2,SGSN-MME GPB/LC,20,17,#B2005F,1,2,56,56 - AZ08 - 9,361,16 de 361
AZ08,9,Chip 2,SGSN-MME GPB/LC,20,17,#B2005F,1,2,56,56 - AZ08 - 9,361,17 de 361
AZ08,9,Chip 2,SGSN-MME GPB/LC,20,17,#B2005F,1,2,56,56 - AZ08 - 9,361,18 de 361
AZ08,9,Chip 2,SGSN-MME GPB/LC,20,17,#B2005F,1,2,56,56 - AZ08 - 9,361,19 de 361
AZ08,9,Chip 2,INFRA,37,3,#000000,0,1,56,56 - AZ08 - 9,0,
AZ08,10,Chip 1,SAPC-PCRF TP,0,17,#27408B,1,1,57,57 - AZ08 - 10,900,271 de 900
AZ08,10,Chip 1,SAPC-PCRF TP,0,17,#27408B,1,1,57,57 - AZ08 - 10,900,272 de 900
AZ08,10,Chip 1,SAPC-PCRF TP,0,17,#27408B,1,1,57,57 - AZ08 - 10,900,273 de 900
AZ08,10,Chip 1,SAPC-PCRF TP,0,17,#27408B,1,1,57,57 - AZ08 - 10,900,274 de 900
AZ08,10,Chip 1,SAPC-PCRF TP,0,17,#27408B,1,1,57,57 - AZ08 - 10,900,275 de 900
AZ08,10,Chip 1,SAPC-PCRF TP,0,17,#27408B,1,1,57,57 - AZ08 - 10,900,276 de 900
AZ08,10,Chip 1,SAPC-PCRF TP,0,17,#27408B,1,1,57,57 - AZ08 - 10,900,277 de 900
AZ08,10,Chip 1,SAPC-PCRF TP,0,17,#27408B,1,1,57,57 - AZ08 - 10,900,278 de 900
AZ08,10,Chip 1,SAPC-PCRF TP,0,17,#27408B,1,1,57,57 - AZ08 - 10,900,279 de 900
AZ08,10,Chip 1,SAPC-PCRF TP,0,17,#27408B,1,1,57,57 - AZ08 - 10,900,280 de 900
AZ08,10,Chip 1,SAPC-PCRF TP,0,17,#27408B,1,1,57,57 - AZ08 - 10,900,281 de 900
AZ08,10,Chip 1,SAPC-PCRF TP,0,17,#27408B,1,1,57,57 - AZ08 - 10,900,282 de 900
AZ08,10,Chip 1,SAPC-PCRF TP,0,17,#27408B,1,1,57,57 - AZ08 - 10,900,283 de 900
AZ08,10,Chip 1,SAPC-PCRF TP,0,17,#27408B,1,1,57,57 - AZ08 - 10,900,284 de 900
AZ08,10,Chip 1,SAPC-PCRF TP,0,17,#27408B,1,1,57,57 - AZ08 - 10,900,285 de 900
AZ08,10,Chip 1,SAPC-PCRF TP,0,17,#27408B,1,1,57,57 - AZ08 - 10,900,286 de 900
AZ08,10,Chip 1,SAPC-PCRF TP,0,17,#27408B,1,1,57,57 - AZ08 - 10,900,287 de 900
AZ08,10,Chip 1,SAPC-PCRF TP,0,17,#27408B,1,1,57,57 - AZ08 - 10,900,288 de 900
AZ08,10,Chip 1,SAPC-PCRF TP,0,17,#27408B,1,1,57,57 - AZ08 - 10,900,289 de 900
AZ08,10,Chip 1,SAPC-PCRF TP,0,17,#27408B,1,1,57,57 - AZ08 - 10,900,290 de 900
AZ08,10,Chip 1,SAPC-PCRF TP,0,17,#27408B,1,1,57,57 - AZ08 - 10,900,291 de 900
AZ08,10,Chip 1,SAPC-PCRF TP,0,17,#27408B,1,1,57,57 - AZ08 - 10,900,292 de 900
AZ08,10,Chip 1,SAPC-PCRF TP,0,17,#27408B,1,1,57,57 - AZ08 - 10,900,293 de 900
AZ08,10,Chip 1,SAPC-PCRF TP,0,17,#27408B,1,1,57,57 - AZ08 - 10,900,294 de 900
AZ08,10,Chip 1,SAPC-PCRF TP,0,17,#27408B,1,1,57,57 - AZ08 - 10,900,295 de 900
AZ08,10,Chip 1,SAPC-PCRF TP,0,17,#27408B,1,1,57,57 - AZ08 - 10,900,296 de 900
AZ08,10,Chip 1,SAPC-PCRF TP,0,17,#27408B,1,1,57,57 - AZ08 - 10,900,297 de 900
AZ08,10,Chip 1,SAPC-PCRF TP,0,17,#27408B,1,1,57,57 - AZ08 - 10,900,298 de 900
AZ08,10,Chip 1,SAPC-PCRF TP,0,17,#27408B,1,1,57,57 - AZ08 - 10,900,299 de 900
AZ08,10,Chip 1,SAPC-PCRF TP,0,17,#27408B,1,1,57,57 - AZ08 - 10,900,300 de 900
AZ08,10,Chip 1,INFRA,17,3,#000000,0,1,57,57 - AZ08 - 10,0,
AZ08,10,Chip 2,SGSN-MME GPB/LC,20,17,#B2005F,1,2,57,57 - AZ08 - 10,361,20 de 361
AZ08,10,Chip 2,SGSN-MME GPB/LC,20,17,#B2005F,1,2,57,57 - AZ08 - 10,361,21 de 361
AZ08,10,Chip 2,SGSN-MME GPB/LC,20,17,#B2005F,1,2,57,57 - AZ08 - 10,361,22 de 361
AZ08,10,Chip 2,SGSN-MME GPB/LC,20,17,#B2005F,1,2,57,57 - AZ08 - 10,361,23 de 361
AZ08,10,Chip 2,SGSN-MME GPB/LC,20,17,#B2005F,1,2,57,57 - AZ08 - 10,361,24 de 361
AZ08,10,Chip 2,SGSN-MME GPB/LC,20,17,#B2005F,1,2,57,57 - AZ08 - 10,361,25 de 361
AZ08,10,Chip 2,SGSN-MME GPB/LC,20,17,#B2005F,1,2,57,57 - AZ08 - 10,361,26 de 361
AZ08,10,Chip 2,SGSN-MME GPB/LC,20,17,#B2005F,1,2,57,57 - AZ08 - 10,361,27 de 361
AZ08,10,Chip 2,SGSN-MME GPB/LC,20,17,#B2005F,1,2,57,57 - AZ08 - 10,361,28 de 361
AZ08,10,Chip 2,SGSN-MME GPB/LC,20,17,#B2005F,1,2,57,57 - AZ08 - 10,361,29 de 361
AZ08,10,Chip 2,SGSN-MME GPB/LC,20,17,#B2005F,1,2,57,57 - AZ08 - 10,361,30 de 361
AZ08,10,Chip 2,SGSN-MME GPB/LC,20,17,#B2005F,1,2,57,57 - AZ08 - 10,361,31 de 361
AZ08,10,Chip 2,SGSN-MME GPB/LC,20,17,#B2005F,1,2,57,57 - AZ08 - 10,361,32 de 361
AZ08,10,Chip 2,SGSN-MME GPB/LC,20,17,#B2005F,1,2,57,57 - AZ08 - 10,361,33 de 361
AZ08,10,Chip 2,SGSN-MME GPB/LC,20,17,#B2005F,1,2,57,57 - AZ08 - 10,361,34 de 361
AZ08,10,Chip 2,SGSN-MME GPB/LC,20,17,#B2005F,1,2,57,57 - AZ08 - 10,361,35 de 361
AZ08,10,Chip 2,SGSN-MME GPB/LC,20,17,#B2005F,1,2,57,57 - AZ08 - 10,361,36 de 361
AZ08,10,Chip 2,SGSN-MME GPB/LC,20,17,#B2005F,1,2,57,57 - AZ08 - 10,361,37 de 361
AZ08,10,Chip 2,SGSN-MME GPB/LC,20,17,#B2005F,1,2,57,57 - AZ08 - 10,361,38 de 361
AZ08,10,Chip 2,INFRA,37,3,#000000,0,1,57,57 - AZ08 - 10,0,
AZ08,11,Chip 1,SAPC-PCRF TP,0,17,#27408B,1,1,58,58 - AZ08 - 11,900,301 de 900
AZ08,11,Chip 1,SAPC-PCRF TP,0,17,#27408B,1,1,58,58 - AZ08 - 11,900,302 de 900
AZ08,11,Chip 1,SAPC-PCRF TP,0,17,#27408B,1,1,58,58 - AZ08 - 11,900,303 de 900
AZ08,11,Chip 1,SAPC-PCRF TP,0,17,#27408B,1,1,58,58 - AZ08 - 11,900,304 de 900
AZ08,11,Chip 1,SAPC-PCRF TP,0,17,#27408B,1,1,58,58 - AZ08 - 11,900,305 de 900
AZ08,11,Chip 1,SAPC-PCRF TP,0,17,#27408B,1,1,58,58 - AZ08 - 11,900,306 de 900
AZ08,11,Chip 1,SAPC-PCRF TP,0,17,#27408B,1,1,58,58 - AZ08 - 11,900,307 de 900
AZ08,11,Chip 1,SAPC-PCRF TP,0,17,#27408B,1,1,58,58 - AZ08 - 11,900,308 de 900
AZ08,11,Chip 1,SAPC-PCRF TP,0,17,#27408B,1,1,58,58 - AZ08 - 11,900,309 de 900
AZ08,11,Chip 1,SAPC-PCRF TP,0,17,#27408B,1,1,58,58 - AZ08 - 11,900,310 de 900
AZ08,11,Chip 1,SAPC-PCRF TP,0,17,#27408B,1,1,58,58 - AZ08 - 11,900,311 de 900
AZ08,11,Chip 1,SAPC-PCRF TP,0,17,#27408B,1,1,58,58 - AZ08 - 11,900,312 de 900
AZ08,11,Chip 1,SAPC-PCRF TP,0,17,#27408B,1,1,58,58 - AZ08 - 11,900,313 de 900
AZ08,11,Chip 1,SAPC-PCRF TP,0,17,#27408B,1,1,58,58 - AZ08 - 11,900,314 de 900
AZ08,11,Chip 1,SAPC-PCRF TP,0,17,#27408B,1,1,58,58 - AZ08 - 11,900,315 de 900
AZ08,11,Chip 1,SAPC-PCRF TP,0,17,#27408B,1,1,58,58 - AZ08 - 11,900,316 de 900
AZ08,11,Chip 1,SAPC-PCRF TP,0,17,#27408B,1,1,58,58 - AZ08 - 11,900,317 de 900
AZ08,11,Chip 1,SAPC-PCRF TP,0,17,#27408B,1,1,58,58 - AZ08 - 11,900,318 de 900
AZ08,11,Chip 1,SAPC-PCRF TP,0,17,#27408B,1,1,58,58 - AZ08 - 11,900,319 de 900
AZ08,11,Chip 1,SAPC-PCRF TP,0,17,#27408B,1,1,58,58 - AZ08 - 11,900,320 de 900
AZ08,11,Chip 1,SAPC-PCRF TP,0,17,#27408B,1,1,58,58 - AZ08 - 11,900,321 de 900
AZ08,11,Chip 1,SAPC-PCRF TP,0,17,#27408B,1,1,58,58 - AZ08 - 11,900,322 de 900
AZ08,11,Chip 1,SAPC-PCRF TP,0,17,#27408B,1,1,58,58 - AZ08 - 11,900,323 de 900
AZ08,11,Chip 1,SAPC-PCRF TP,0,17,#27408B,1,1,58,58 - AZ08 - 11,900,324 de 900
AZ08,11,Chip 1,SAPC-PCRF TP,0,17,#27408B,1,1,58,58 - AZ08 - 11,900,325 de 900
AZ08,11,Chip 1,SAPC-PCRF TP,0,17,#27408B,1,1,58,58 - AZ08 - 11,900,326 de 900
AZ08,11,Chip 1,SAPC-PCRF TP,0,17,#27408B,1,1,58,58 - AZ08 - 11,900,327 de 900
AZ08,11,Chip 1,SAPC-PCRF TP,0,17,#27408B,1,1,58,58 - AZ08 - 11,900,328 de 900
AZ08,11,Chip 1,SAPC-PCRF TP,0,17,#27408B,1,1,58,58 - AZ08 - 11,900,329 de 900
AZ08,11,Chip 1,SAPC-PCRF TP,0,17,#27408B,1,1,58,58 - AZ08 - 11,900,330 de 900
AZ08,11,Chip 1,INFRA,17,3,#000000,0,1,58,58 - AZ08 - 11,0,
AZ08,11,Chip 2,SGSN-MME GPB/LC,20,17,#B2005F,1,2,58,58 - AZ08 - 11,361,39 de 361
AZ08,11,Chip 2,SGSN-MME GPB/LC,20,17,#B2005F,1,2,58,58 - AZ08 - 11,361,40 de 361
AZ08,11,Chip 2,SGSN-MME GPB/LC,20,17,#B2005F,1,2,58,58 - AZ08 - 11,361,41 de 361
AZ08,11,Chip 2,SGSN-MME GPB/LC,20,17,#B2005F,1,2,58,58 - AZ08 - 11,361,42 de 361
AZ08,11,Chip 2,SGSN-MME GPB/LC,20,17,#B2005F,1,2,58,58 - AZ08 - 11,361,43 de 361
AZ08,11,Chip 2,SGSN-MME GPB/LC,20,17,#B2005F,1,2,58,58 - AZ08 - 11,361,44 de 361
AZ08,11,Chip 2,SGSN-MME GPB/LC,20,17,#B2005F,1,2,58,58 - AZ08 - 11,361,45 de 361
AZ08,11,Chip 2,SGSN-MME GPB/LC,20,17,#B2005F,1,2,58,58 - AZ08 - 11,361,46 de 361
AZ08,11,Chip 2,SGSN-MME GPB/LC,20,17,#B2005F,1,2,58,58 - AZ08 - 11,361,47 de 361
AZ08,11,Chip 2,SGSN-MME GPB/LC,20,17,#B2005F,1,2,58,58 - AZ08 - 11,361,48 de 361
AZ08,11,Chip 2,SGSN-MME GPB/LC,20,17,#B2005F,1,2,58,58 - AZ08 - 11,361,49 de 361
AZ08,11,Chip 2,SGSN-MME GPB/LC,20,17,#B2005F,1,2,58,58 - AZ08 - 11,361,50 de 361
AZ08,11,Chip 2,SGSN-MME GPB/LC,20,17,#B2005F,1,2,58,58 - AZ08 - 11,361,51 de 361
AZ08,11,Chip 2,SGSN-MME GPB/LC,20,17,#B2005F,1,2,58,58 - AZ08 - 11,361,52 de 361
AZ08,11,Chip 2,SGSN-MME GPB/LC,20,17,#B2005F,1,2,58,58 - AZ08 - 11,361,53 de 361
AZ08,11,Chip 2,SGSN-MME GPB/LC,20,17,#B2005F,1,2,58,58 - AZ08 - 11,361,54 de 361
AZ08,11,Chip 2,SGSN-MME GPB/LC,20,17,#B2005F,1,2,58,58 - AZ08 - 11,361,55 de 361
AZ08,11,Chip 2,SGSN-MME GPB/LC,20,17,#B2005F,1,2,58,58 - AZ08 - 11,361,56 de 361
AZ08,11,Chip 2,SGSN-MME GPB/LC,20,17,#B2005F,1,2,58,58 - AZ08 - 11,361,57 de 361
AZ08,11,Chip 2,INFRA,37,3,#000000,0,1,58,58 - AZ08 - 11,0,
AZ08,12,Chip 1,SAPC-PCRF TP,0,17,#27408B,1,1,59,59 - AZ08 - 12,900,331 de 900
AZ08,12,Chip 1,SAPC-PCRF TP,0,17,#27408B,1,1,59,59 - AZ08 - 12,900,332 de 900
AZ08,12,Chip 1,SAPC-PCRF TP,0,17,#27408B,1,1,59,59 - AZ08 - 12,900,333 de 900
AZ08,12,Chip 1,SAPC-PCRF TP,0,17,#27408B,1,1,59,59 - AZ08 - 12,900,334 de 900
AZ08,12,Chip 1,SAPC-PCRF TP,0,17,#27408B,1,1,59,59 - AZ08 - 12,900,335 de 900
AZ08,12,Chip 1,SAPC-PCRF TP,0,17,#27408B,1,1,59,59 - AZ08 - 12,900,336 de 900
AZ08,12,Chip 1,SAPC-PCRF TP,0,17,#27408B,1,1,59,59 - AZ08 - 12,900,337 de 900
AZ08,12,Chip 1,SAPC-PCRF TP,0,17,#27408B,1,1,59,59 - AZ08 - 12,900,338 de 900
AZ08,12,Chip 1,SAPC-PCRF TP,0,17,#27408B,1,1,59,59 - AZ08 - 12,900,339 de 900
AZ08,12,Chip 1,SAPC-PCRF TP,0,17,#27408B,1,1,59,59 - AZ08 - 12,900,340 de 900
AZ08,12,Chip 1,SAPC-PCRF TP,0,17,#27408B,1,1,59,59 - AZ08 - 12,900,341 de 900
AZ08,12,Chip 1,SAPC-PCRF TP,0,17,#27408B,1,1,59,59 - AZ08 - 12,900,342 de 900
AZ08,12,Chip 1,SAPC-PCRF TP,0,17,#27408B,1,1,59,59 - AZ08 - 12,900,343 de 900
AZ08,12,Chip 1,SAPC-PCRF TP,0,17,#27408B,1,1,59,59 - AZ08 - 12,900,344 de 900
AZ08,12,Chip 1,SAPC-PCRF TP,0,17,#27408B,1,1,59,59 - AZ08 - 12,900,345 de 900
AZ08,12,Chip 1,SAPC-PCRF TP,0,17,#27408B,1,1,59,59 - AZ08 - 12,900,346 de 900
AZ08,12,Chip 1,SAPC-PCRF TP,0,17,#27408B,1,1,59,59 - AZ08 - 12,900,347 de 900
AZ08,12,Chip 1,SAPC-PCRF TP,0,17,#27408B,1,1,59,59 - AZ08 - 12,900,348 de 900
AZ08,12,Chip 1,SAPC-PCRF TP,0,17,#27408B,1,1,59,59 - AZ08 - 12,900,349 de 900
AZ08,12,Chip 1,SAPC-PCRF TP,0,17,#27408B,1,1,59,59 - AZ08 - 12,900,350 de 900
AZ08,12,Chip 1,SAPC-PCRF TP,0,17,#27408B,1,1,59,59 - AZ08 - 12,900,351 de 900
AZ08,12,Chip 1,SAPC-PCRF TP,0,17,#27408B,1,1,59,59 - AZ08 - 12,900,352 de 900
AZ08,12,Chip 1,SAPC-PCRF TP,0,17,#27408B,1,1,59,59 - AZ08 - 12,900,353 de 900
AZ08,12,Chip 1,SAPC-PCRF TP,0,17,#27408B,1,1,59,59 - AZ08 - 12,900,354 de 900
AZ08,12,Chip 1,SAPC-PCRF TP,0,17,#27408B,1,1,59,59 - AZ08 - 12,900,355 de 900
AZ08,12,Chip 1,SAPC-PCRF TP,0,17,#27408B,1,1,59,59 - AZ08 - 12,900,356 de 900
AZ08,12,Chip 1,SAPC-PCRF TP,0,17,#27408B,1,1,59,59 - AZ08 - 12,900,357 de 900
AZ08,12,Chip 1,SAPC-PCRF TP,0,17,#27408B,1,1,59,59 - AZ08 - 12,900,358 de 900
AZ08,12,Chip 1,SAPC-PCRF TP,0,17,#27408B,1,1,59,59 - AZ08 - 12,900,359 de 900
AZ08,12,Chip 1,SAPC-PCRF TP,0,17,#27408B,1,1,59,59 - AZ08 - 12,900,360 de 900
AZ08,12,Chip 1,INFRA,17,3,#000000,0,1,59,59 - AZ08 - 12,0,
AZ08,12,Chip 2,SGSN-MME GPB/LC,20,17,#B2005F,1,2,59,59 - AZ08 - 12,361,58 de 361
AZ08,12,Chip 2,SGSN-MME GPB/LC,20,17,#B2005F,1,2,59,59 - AZ08 - 12,361,59 de 361
AZ08,12,Chip 2,SGSN-MME GPB/LC,20,17,#B2005F,1,2,59,59 - AZ08 - 12,361,60 de 361
AZ08,12,Chip 2,SGSN-MME GPB/LC,20,17,#B2005F,1,2,59,59 - AZ08 - 12,361,61 de 361
AZ08,12,Chip 2,SGSN-MME GPB/LC,20,17,#B2005F,1,2,59,59 - AZ08 - 12,361,62 de 361
AZ08,12,Chip 2,SGSN-MME GPB/LC,20,17,#B2005F,1,2,59,59 - AZ08 - 12,361,63 de 361
AZ08,12,Chip 2,SGSN-MME GPB/LC,20,17,#B2005F,1,2,59,59 - AZ08 - 12,361,64 de 361
AZ08,12,Chip 2,SGSN-MME GPB/LC,20,17,#B2005F,1,2,59,59 - AZ08 - 12,361,65 de 361
AZ08,12,Chip 2,SGSN-MME GPB/LC,20,17,#B2005F,1,2,59,59 - AZ08 - 12,361,66 de 361
AZ08,12,Chip 2,SGSN-MME GPB/LC,20,17,#B2005F,1,2,59,59 - AZ08 - 12,361,67 de 361
AZ08,12,Chip 2,SGSN-MME GPB/LC,20,17,#B2005F,1,2,59,59 - AZ08 - 12,361,68 de 361
AZ08,12,Chip 2,SGSN-MME GPB/LC,20,17,#B2005F,1,2,59,59 - AZ08 - 12,361,69 de 361
AZ08,12,Chip 2,SGSN-MME GPB/LC,20,17,#B2005F,1,2,59,59 - AZ08 - 12,361,70 de 361
AZ08,12,Chip 2,SGSN-MME GPB/LC,20,17,#B2005F,1,2,59,59 - AZ08 - 12,361,71 de 361
AZ08,12,Chip 2,SGSN-MME GPB/LC,20,17,#B2005F,1,2,59,59 - AZ08 - 12,361,72 de 361
AZ08,12,Chip 2,SGSN-MME GPB/LC,20,17,#B2005F,1,2,59,59 - AZ08 - 12,361,73 de 361
AZ08,12,Chip 2,SGSN-MME GPB/LC,20,17,#B2005F,1,2,59,59 - AZ08 - 12,361,74 de 361
AZ08,12,Chip 2,SGSN-MME GPB/LC,20,17,#B2005F,1,2,59,59 - AZ08 - 12,361,75 de 361
AZ08,12,Chip 2,SGSN-MME GPB/LC,20,17,#B2005F,1,2,59,59 - AZ08 - 12,361,76 de 361
AZ08,12,Chip 2,INFRA,37,3,#000000,0,1,59,59 - AZ08 - 12,0,
AZ08,13,Chip 1,SAPC-PCRF TP,0,17,#27408B,1,1,60,60 - AZ08 - 13,900,361 de 900
AZ08,13,Chip 1,SAPC-PCRF TP,0,17,#27408B,1,1,60,60 - AZ08 - 13,900,362 de 900
AZ08,13,Chip 1,SAPC-PCRF TP,0,17,#27408B,1,1,60,60 - AZ08 - 13,900,363 de 900
AZ08,13,Chip 1,SAPC-PCRF TP,0,17,#27408B,1,1,60,60 - AZ08 - 13,900,364 de 900
AZ08,13,Chip 1,SAPC-PCRF TP,0,17,#27408B,1,1,60,60 - AZ08 - 13,900,365 de 900
AZ08,13,Chip 1,SAPC-PCRF TP,0,17,#27408B,1,1,60,60 - AZ08 - 13,900,366 de 900
AZ08,13,Chip 1,SAPC-PCRF TP,0,17,#27408B,1,1,60,60 - AZ08 - 13,900,367 de 900
AZ08,13,Chip 1,SAPC-PCRF TP,0,17,#27408B,1,1,60,60 - AZ08 - 13,900,368 de 900
AZ08,13,Chip 1,SAPC-PCRF TP,0,17,#27408B,1,1,60,60 - AZ08 - 13,900,369 de 900
AZ08,13,Chip 1,SAPC-PCRF TP,0,17,#27408B,1,1,60,60 - AZ08 - 13,900,370 de 900
AZ08,13,Chip 1,SAPC-PCRF TP,0,17,#27408B,1,1,60,60 - AZ08 - 13,900,371 de 900
AZ08,13,Chip 1,SAPC-PCRF TP,0,17,#27408B,1,1,60,60 - AZ08 - 13,900,372 de 900
AZ08,13,Chip 1,SAPC-PCRF TP,0,17,#27408B,1,1,60,60 - AZ08 - 13,900,373 de 900
AZ08,13,Chip 1,SAPC-PCRF TP,0,17,#27408B,1,1,60,60 - AZ08 - 13,900,374 de 900
AZ08,13,Chip 1,SAPC-PCRF TP,0,17,#27408B,1,1,60,60 - AZ08 - 13,900,375 de 900
AZ08,13,Chip 1,SAPC-PCRF TP,0,17,#27408B,1,1,60,60 - AZ08 - 13,900,376 de 900
AZ08,13,Chip 1,SAPC-PCRF TP,0,17,#27408B,1,1,60,60 - AZ08 - 13,900,377 de 900
AZ08,13,Chip 1,SAPC-PCRF TP,0,17,#27408B,1,1,60,60 - AZ08 - 13,900,378 de 900
AZ08,13,Chip 1,SAPC-PCRF TP,0,17,#27408B,1,1,60,60 - AZ08 - 13,900,379 de 900
AZ08,13,Chip 1,SAPC-PCRF TP,0,17,#27408B,1,1,60,60 - AZ08 - 13,900,380 de 900
AZ08,13,Chip 1,SAPC-PCRF TP,0,17,#27408B,1,1,60,60 - AZ08 - 13,900,381 de 900
AZ08,13,Chip 1,SAPC-PCRF TP,0,17,#27408B,1,1,60,60 - AZ08 - 13,900,382 de 900
AZ08,13,Chip 1,SAPC-PCRF TP,0,17,#27408B,1,1,60,60 - AZ08 - 13,900,383 de 900
AZ08,13,Chip 1,SAPC-PCRF TP,0,17,#27408B,1,1,60,60 - AZ08 - 13,900,384 de 900
AZ08,13,Chip 1,SAPC-PCRF TP,0,17,#27408B,1,1,60,60 - AZ08 - 13,900,385 de 900
AZ08,13,Chip 1,SAPC-PCRF TP,0,17,#27408B,1,1,60,60 - AZ08 - 13,900,386 de 900
AZ08,13,Chip 1,SAPC-PCRF TP,0,17,#27408B,1,1,60,60 - AZ08 - 13,900,387 de 900
AZ08,13,Chip 1,SAPC-PCRF TP,0,17,#27408B,1,1,60,60 - AZ08 - 13,900,388 de 900
AZ08,13,Chip 1,SAPC-PCRF TP,0,17,#27408B,1,1,60,60 - AZ08 - 13,900,389 de 900
AZ08,13,Chip 1,SAPC-PCRF TP,0,17,#27408B,1,1,60,60 - AZ08 - 13,900,390 de 900
AZ08,13,Chip 1,INFRA,17,3,#000000,0,1,60,60 - AZ08 - 13,0,
AZ08,13,Chip 2,SGSN-MME GPB/LC,20,17,#B2005F,1,2,60,60 - AZ08 - 13,361,77 de 361
AZ08,13,Chip 2,SGSN-MME GPB/LC,20,17,#B2005F,1,2,60,60 - AZ08 - 13,361,78 de 361
AZ08,13,Chip 2,SGSN-MME GPB/LC,20,17,#B2005F,1,2,60,60 - AZ08 - 13,361,79 de 361
AZ08,13,Chip 2,SGSN-MME GPB/LC,20,17,#B2005F,1,2,60,60 - AZ08 - 13,361,80 de 361
AZ08,13,Chip 2,SGSN-MME GPB/LC,20,17,#B2005F,1,2,60,60 - AZ08 - 13,361,81 de 361
AZ08,13,Chip 2,SGSN-MME GPB/LC,20,17,#B2005F,1,2,60,60 - AZ08 - 13,361,82 de 361
AZ08,13,Chip 2,SGSN-MME GPB/LC,20,17,#B2005F,1,2,60,60 - AZ08 - 13,361,83 de 361
AZ08,13,Chip 2,SGSN-MME GPB/LC,20,17,#B2005F,1,2,60,60 - AZ08 - 13,361,84 de 361
AZ08,13,Chip 2,SGSN-MME GPB/LC,20,17,#B2005F,1,2,60,60 - AZ08 - 13,361,85 de 361
AZ08,13,Chip 2,SGSN-MME GPB/LC,20,17,#B2005F,1,2,60,60 - AZ08 - 13,361,86 de 361
AZ08,13,Chip 2,SGSN-MME GPB/LC,20,17,#B2005F,1,2,60,60 - AZ08 - 13,361,87 de 361
AZ08,13,Chip 2,SGSN-MME GPB/LC,20,17,#B2005F,1,2,60,60 - AZ08 - 13,361,88 de 361
AZ08,13,Chip 2,SGSN-MME GPB/LC,20,17,#B2005F,1,2,60,60 - AZ08 - 13,361,89 de 361
AZ08,13,Chip 2,SGSN-MME GPB/LC,20,17,#B2005F,1,2,60,60 - AZ08 - 13,361,90 de 361
AZ08,13,Chip 2,SGSN-MME GPB/LC,20,17,#B2005F,1,2,60,60 - AZ08 - 13,361,91 de 361
AZ08,13,Chip 2,SGSN-MME GPB/LC,20,17,#B2005F,1,2,60,60 - AZ08 - 13,361,92 de 361
AZ08,13,Chip 2,SGSN-MME GPB/LC,20,17,#B2005F,1,2,60,60 - AZ08 - 13,361,93 de 361
AZ08,13,Chip 2,SGSN-MME GPB/LC,20,17,#B2005F,1,2,60,60 - AZ08 - 13,361,94 de 361
AZ08,13,Chip 2,SGSN-MME GPB/LC,20,17,#B2005F,1,2,60,60 - AZ08 - 13,361,95 de 361
AZ08,13,Chip 2,INFRA,37,3,#000000,0,1,60,60 - AZ08 - 13,0,
AZ08,14,Chip 1,SAPC-PCRF TP,0,17,#27408B,1,1,61,61 - AZ08 - 14,900,391 de 900
AZ08,14,Chip 1,SAPC-PCRF TP,0,17,#27408B,1,1,61,61 - AZ08 - 14,900,392 de 900
AZ08,14,Chip 1,SAPC-PCRF TP,0,17,#27408B,1,1,61,61 - AZ08 - 14,900,393 de 900
AZ08,14,Chip 1,SAPC-PCRF TP,0,17,#27408B,1,1,61,61 - AZ08 - 14,900,394 de 900
AZ08,14,Chip 1,SAPC-PCRF TP,0,17,#27408B,1,1,61,61 - AZ08 - 14,900,395 de 900
AZ08,14,Chip 1,SAPC-PCRF TP,0,17,#27408B,1,1,61,61 - AZ08 - 14,900,396 de 900
AZ08,14,Chip 1,SAPC-PCRF TP,0,17,#27408B,1,1,61,61 - AZ08 - 14,900,397 de 900
AZ08,14,Chip 1,SAPC-PCRF TP,0,17,#27408B,1,1,61,61 - AZ08 - 14,900,398 de 900
AZ08,14,Chip 1,SAPC-PCRF TP,0,17,#27408B,1,1,61,61 - AZ08 - 14,900,399 de 900
AZ08,14,Chip 1,SAPC-PCRF TP,0,17,#27408B,1,1,61,61 - AZ08 - 14,900,400 de 900
AZ08,14,Chip 1,SAPC-PCRF TP,0,17,#27408B,1,1,61,61 - AZ08 - 14,900,401 de 900
AZ08,14,Chip 1,SAPC-PCRF TP,0,17,#27408B,1,1,61,61 - AZ08 - 14,900,402 de 900
AZ08,14,Chip 1,SAPC-PCRF TP,0,17,#27408B,1,1,61,61 - AZ08 - 14,900,403 de 900
AZ08,14,Chip 1,SAPC-PCRF TP,0,17,#27408B,1,1,61,61 - AZ08 - 14,900,404 de 900
AZ08,14,Chip 1,SAPC-PCRF TP,0,17,#27408B,1,1,61,61 - AZ08 - 14,900,405 de 900
AZ08,14,Chip 1,SAPC-PCRF TP,0,17,#27408B,1,1,61,61 - AZ08 - 14,900,406 de 900
AZ08,14,Chip 1,SAPC-PCRF TP,0,17,#27408B,1,1,61,61 - AZ08 - 14,900,407 de 900
AZ08,14,Chip 1,SAPC-PCRF TP,0,17,#27408B,1,1,61,61 - AZ08 - 14,900,408 de 900
AZ08,14,Chip 1,SAPC-PCRF TP,0,17,#27408B,1,1,61,61 - AZ08 - 14,900,409 de 900
AZ08,14,Chip 1,SAPC-PCRF TP,0,17,#27408B,1,1,61,61 - AZ08 - 14,900,410 de 900
AZ08,14,Chip 1,SAPC-PCRF TP,0,17,#27408B,1,1,61,61 - AZ08 - 14,900,411 de 900
AZ08,14,Chip 1,SAPC-PCRF TP,0,17,#27408B,1,1,61,61 - AZ08 - 14,900,412 de 900
AZ08,14,Chip 1,SAPC-PCRF TP,0,17,#27408B,1,1,61,61 - AZ08 - 14,900,413 de 900
AZ08,14,Chip 1,SAPC-PCRF TP,0,17,#27408B,1,1,61,61 - AZ08 - 14,900,414 de 900
AZ08,14,Chip 1,SAPC-PCRF TP,0,17,#27408B,1,1,61,61 - AZ08 - 14,900,415 de 900
AZ08,14,Chip 1,SAPC-PCRF TP,0,17,#27408B,1,1,61,61 - AZ08 - 14,900,416 de 900
AZ08,14,Chip 1,SAPC-PCRF TP,0,17,#27408B,1,1,61,61 - AZ08 - 14,900,417 de 900
AZ08,14,Chip 1,SAPC-PCRF TP,0,17,#27408B,1,1,61,61 - AZ08 - 14,900,418 de 900
AZ08,14,Chip 1,SAPC-PCRF TP,0,17,#27408B,1,1,61,61 - AZ08 - 14,900,419 de 900
AZ08,14,Chip 1,SAPC-PCRF TP,0,17,#27408B,1,1,61,61 - AZ08 - 14,900,420 de 900
AZ08,14,Chip 1,INFRA,17,3,#000000,0,1,61,61 - AZ08 - 14,0,
AZ08,14,Chip 2,SGSN-MME GPB/LC,20,17,#B2005F,1,2,61,61 - AZ08 - 14,361,96 de 361
AZ08,14,Chip 2,SGSN-MME GPB/LC,20,17,#B2005F,1,2,61,61 - AZ08 - 14,361,97 de 361
AZ08,14,Chip 2,SGSN-MME GPB/LC,20,17,#B2005F,1,2,61,61 - AZ08 - 14,361,98 de 361
AZ08,14,Chip 2,SGSN-MME GPB/LC,20,17,#B2005F,1,2,61,61 - AZ08 - 14,361,99 de 361
AZ08,14,Chip 2,SGSN-MME GPB/LC,20,17,#B2005F,1,2,61,61 - AZ08 - 14,361,100 de 361
AZ08,14,Chip 2,SGSN-MME GPB/LC,20,17,#B2005F,1,2,61,61 - AZ08 - 14,361,101 de 361
AZ08,14,Chip 2,SGSN-MME GPB/LC,20,17,#B2005F,1,2,61,61 - AZ08 - 14,361,102 de 361
AZ08,14,Chip 2,SGSN-MME GPB/LC,20,17,#B2005F,1,2,61,61 - AZ08 - 14,361,103 de 361
AZ08,14,Chip 2,SGSN-MME GPB/LC,20,17,#B2005F,1,2,61,61 - AZ08 - 14,361,104 de 361
AZ08,14,Chip 2,SGSN-MME GPB/LC,20,17,#B2005F,1,2,61,61 - AZ08 - 14,361,105 de 361
AZ08,14,Chip 2,SGSN-MME GPB/LC,20,17,#B2005F,1,2,61,61 - AZ08 - 14,361,106 de 361
AZ08,14,Chip 2,SGSN-MME GPB/LC,20,17,#B2005F,1,2,61,61 - AZ08 - 14,361,107 de 361
AZ08,14,Chip 2,SGSN-MME GPB/LC,20,17,#B2005F,1,2,61,61 - AZ08 - 14,361,108 de 361
AZ08,14,Chip 2,SGSN-MME GPB/LC,20,17,#B2005F,1,2,61,61 - AZ08 - 14,361,109 de 361
AZ08,14,Chip 2,SGSN-MME GPB/LC,20,17,#B2005F,1,2,61,61 - AZ08 - 14,361,110 de 361
AZ08,14,Chip 2,SGSN-MME GPB/LC,20,17,#B2005F,1,2,61,61 - AZ08 - 14,361,111 de 361
AZ08,14,Chip 2,SGSN-MME GPB/LC,20,17,#B2005F,1,2,61,61 - AZ08 - 14,361,112 de 361
AZ08,14,Chip 2,SGSN-MME GPB/LC,20,17,#B2005F,1,2,61,61 - AZ08 - 14,361,113 de 361
AZ08,14,Chip 2,SGSN-MME GPB/LC,20,17,#B2005F,1,2,61,61 - AZ08 - 14,361,114 de 361
AZ08,14,Chip 2,INFRA,37,3,#000000,0,1,61,61 - AZ08 - 14,0,
AZ08,15,Chip 1,SAPC-PCRF TP,0,17,#27408B,1,1,62,62 - AZ08 - 15,900,421 de 900
AZ08,15,Chip 1,SAPC-PCRF TP,0,17,#27408B,1,1,62,62 - AZ08 - 15,900,422 de 900
AZ08,15,Chip 1,SAPC-PCRF TP,0,17,#27408B,1,1,62,62 - AZ08 - 15,900,423 de 900
AZ08,15,Chip 1,SAPC-PCRF TP,0,17,#27408B,1,1,62,62 - AZ08 - 15,900,424 de 900
AZ08,15,Chip 1,SAPC-PCRF TP,0,17,#27408B,1,1,62,62 - AZ08 - 15,900,425 de 900
AZ08,15,Chip 1,SAPC-PCRF TP,0,17,#27408B,1,1,62,62 - AZ08 - 15,900,426 de 900
AZ08,15,Chip 1,SAPC-PCRF TP,0,17,#27408B,1,1,62,62 - AZ08 - 15,900,427 de 900
AZ08,15,Chip 1,SAPC-PCRF TP,0,17,#27408B,1,1,62,62 - AZ08 - 15,900,428 de 900
AZ08,15,Chip 1,SAPC-PCRF TP,0,17,#27408B,1,1,62,62 - AZ08 - 15,900,429 de 900
AZ08,15,Chip 1,SAPC-PCRF TP,0,17,#27408B,1,1,62,62 - AZ08 - 15,900,430 de 900
AZ08,15,Chip 1,SAPC-PCRF TP,0,17,#27408B,1,1,62,62 - AZ08 - 15,900,431 de 900
AZ08,15,Chip 1,SAPC-PCRF TP,0,17,#27408B,1,1,62,62 - AZ08 - 15,900,432 de 900
AZ08,15,Chip 1,SAPC-PCRF TP,0,17,#27408B,1,1,62,62 - AZ08 - 15,900,433 de 900
AZ08,15,Chip 1,SAPC-PCRF TP,0,17,#27408B,1,1,62,62 - AZ08 - 15,900,434 de 900
AZ08,15,Chip 1,SAPC-PCRF TP,0,17,#27408B,1,1,62,62 - AZ08 - 15,900,435 de 900
AZ08,15,Chip 1,SAPC-PCRF TP,0,17,#27408B,1,1,62,62 - AZ08 - 15,900,436 de 900
AZ08,15,Chip 1,SAPC-PCRF TP,0,17,#27408B,1,1,62,62 - AZ08 - 15,900,437 de 900
AZ08,15,Chip 1,SAPC-PCRF TP,0,17,#27408B,1,1,62,62 - AZ08 - 15,900,438 de 900
AZ08,15,Chip 1,SAPC-PCRF TP,0,17,#27408B,1,1,62,62 - AZ08 - 15,900,439 de 900
AZ08,15,Chip 1,SAPC-PCRF TP,0,17,#27408B,1,1,62,62 - AZ08 - 15,900,440 de 900
AZ08,15,Chip 1,SAPC-PCRF TP,0,17,#27408B,1,1,62,62 - AZ08 - 15,900,441 de 900
AZ08,15,Chip 1,SAPC-PCRF TP,0,17,#27408B,1,1,62,62 - AZ08 - 15,900,442 de 900
AZ08,15,Chip 1,SAPC-PCRF TP,0,17,#27408B,1,1,62,62 - AZ08 - 15,900,443 de 900
AZ08,15,Chip 1,SAPC-PCRF TP,0,17,#27408B,1,1,62,62 - AZ08 - 15,900,444 de 900
AZ08,15,Chip 1,SAPC-PCRF TP,0,17,#27408B,1,1,62,62 - AZ08 - 15,900,445 de 900
AZ08,15,Chip 1,SAPC-PCRF TP,0,17,#27408B,1,1,62,62 - AZ08 - 15,900,446 de 900
AZ08,15,Chip 1,SAPC-PCRF TP,0,17,#27408B,1,1,62,62 - AZ08 - 15,900,447 de 900
AZ08,15,Chip 1,SAPC-PCRF TP,0,17,#27408B,1,1,62,62 - AZ08 - 15,900,448 de 900
AZ08,15,Chip 1,SAPC-PCRF TP,0,17,#27408B,1,1,62,62 - AZ08 - 15,900,449 de 900
AZ08,15,Chip 1,SAPC-PCRF TP,0,17,#27408B,1,1,62,62 - AZ08 - 15,900,450 de 900
AZ08,15,Chip 1,INFRA,17,3,#000000,0,1,62,62 - AZ08 - 15,0,
AZ08,15,Chip 2,SGSN-MME GPB/LC,20,17,#B2005F,1,2,62,62 - AZ08 - 15,361,115 de 361
AZ08,15,Chip 2,SGSN-MME GPB/LC,20,17,#B2005F,1,2,62,62 - AZ08 - 15,361,116 de 361
AZ08,15,Chip 2,SGSN-MME GPB/LC,20,17,#B2005F,1,2,62,62 - AZ08 - 15,361,117 de 361
AZ08,15,Chip 2,SGSN-MME GPB/LC,20,17,#B2005F,1,2,62,62 - AZ08 - 15,361,118 de 361
AZ08,15,Chip 2,SGSN-MME GPB/LC,20,17,#B2005F,1,2,62,62 - AZ08 - 15,361,119 de 361
AZ08,15,Chip 2,SGSN-MME GPB/LC,20,17,#B2005F,1,2,62,62 - AZ08 - 15,361,120 de 361
AZ08,15,Chip 2,SGSN-MME GPB/LC,20,17,#B2005F,1,2,62,62 - AZ08 - 15,361,121 de 361
AZ08,15,Chip 2,SGSN-MME GPB/LC,20,17,#B2005F,1,2,62,62 - AZ08 - 15,361,122 de 361
AZ08,15,Chip 2,SGSN-MME GPB/LC,20,17,#B2005F,1,2,62,62 - AZ08 - 15,361,123 de 361
AZ08,15,Chip 2,SGSN-MME GPB/LC,20,17,#B2005F,1,2,62,62 - AZ08 - 15,361,124 de 361
AZ08,15,Chip 2,SGSN-MME GPB/LC,20,17,#B2005F,1,2,62,62 - AZ08 - 15,361,125 de 361
AZ08,15,Chip 2,SGSN-MME GPB/LC,20,17,#B2005F,1,2,62,62 - AZ08 - 15,361,126 de 361
AZ08,15,Chip 2,SGSN-MME GPB/LC,20,17,#B2005F,1,2,62,62 - AZ08 - 15,361,127 de 361
AZ08,15,Chip 2,SGSN-MME GPB/LC,20,17,#B2005F,1,2,62,62 - AZ08 - 15,361,128 de 361
AZ08,15,Chip 2,SGSN-MME GPB/LC,20,17,#B2005F,1,2,62,62 - AZ08 - 15,361,129 de 361
AZ08,15,Chip 2,SGSN-MME GPB/LC,20,17,#B2005F,1,2,62,62 - AZ08 - 15,361,130 de 361
AZ08,15,Chip 2,SGSN-MME GPB/LC,20,17,#B2005F,1,2,62,62 - AZ08 - 15,361,131 de 361
AZ08,15,Chip 2,SGSN-MME GPB/LC,20,17,#B2005F,1,2,62,62 - AZ08 - 15,361,132 de 361
AZ08,15,Chip 2,SGSN-MME GPB/LC,20,17,#B2005F,1,2,62,62 - AZ08 - 15,361,133 de 361
AZ08,15,Chip 2,INFRA,37,3,#000000,0,1,62,62 - AZ08 - 15,0,
AZ08,16,Chip 1,SAPC-PCRF TP,0,17,#27408B,1,1,63,63 - AZ08 - 16,900,451 de 900
AZ08,16,Chip 1,SAPC-PCRF TP,0,17,#27408B,1,1,63,63 - AZ08 - 16,900,452 de 900
AZ08,16,Chip 1,SAPC-PCRF TP,0,17,#27408B,1,1,63,63 - AZ08 - 16,900,453 de 900
AZ08,16,Chip 1,SAPC-PCRF TP,0,17,#27408B,1,1,63,63 - AZ08 - 16,900,454 de 900
AZ08,16,Chip 1,SAPC-PCRF TP,0,17,#27408B,1,1,63,63 - AZ08 - 16,900,455 de 900
AZ08,16,Chip 1,SAPC-PCRF TP,0,17,#27408B,1,1,63,63 - AZ08 - 16,900,456 de 900
AZ08,16,Chip 1,SAPC-PCRF TP,0,17,#27408B,1,1,63,63 - AZ08 - 16,900,457 de 900
AZ08,16,Chip 1,SAPC-PCRF TP,0,17,#27408B,1,1,63,63 - AZ08 - 16,900,458 de 900
AZ08,16,Chip 1,SAPC-PCRF TP,0,17,#27408B,1,1,63,63 - AZ08 - 16,900,459 de 900
AZ08,16,Chip 1,SAPC-PCRF TP,0,17,#27408B,1,1,63,63 - AZ08 - 16,900,460 de 900
AZ08,16,Chip 1,SAPC-PCRF TP,0,17,#27408B,1,1,63,63 - AZ08 - 16,900,461 de 900
AZ08,16,Chip 1,SAPC-PCRF TP,0,17,#27408B,1,1,63,63 - AZ08 - 16,900,462 de 900
AZ08,16,Chip 1,SAPC-PCRF TP,0,17,#27408B,1,1,63,63 - AZ08 - 16,900,463 de 900
AZ08,16,Chip 1,SAPC-PCRF TP,0,17,#27408B,1,1,63,63 - AZ08 - 16,900,464 de 900
AZ08,16,Chip 1,SAPC-PCRF TP,0,17,#27408B,1,1,63,63 - AZ08 - 16,900,465 de 900
AZ08,16,Chip 1,SAPC-PCRF TP,0,17,#27408B,1,1,63,63 - AZ08 - 16,900,466 de 900
AZ08,16,Chip 1,SAPC-PCRF TP,0,17,#27408B,1,1,63,63 - AZ08 - 16,900,467 de 900
AZ08,16,Chip 1,SAPC-PCRF TP,0,17,#27408B,1,1,63,63 - AZ08 - 16,900,468 de 900
AZ08,16,Chip 1,SAPC-PCRF TP,0,17,#27408B,1,1,63,63 - AZ08 - 16,900,469 de 900
AZ08,16,Chip 1,SAPC-PCRF TP,0,17,#27408B,1,1,63,63 - AZ08 - 16,900,470 de 900
AZ08,16,Chip 1,SAPC-PCRF TP,0,17,#27408B,1,1,63,63 - AZ08 - 16,900,471 de 900
AZ08,16,Chip 1,SAPC-PCRF TP,0,17,#27408B,1,1,63,63 - AZ08 - 16,900,472 de 900
AZ08,16,Chip 1,SAPC-PCRF TP,0,17,#27408B,1,1,63,63 - AZ08 - 16,900,473 de 900
AZ08,16,Chip 1,SAPC-PCRF TP,0,17,#27408B,1,1,63,63 - AZ08 - 16,900,474 de 900
AZ08,16,Chip 1,SAPC-PCRF TP,0,17,#27408B,1,1,63,63 - AZ08 - 16,900,475 de 900
AZ08,16,Chip 1,SAPC-PCRF TP,0,17,#27408B,1,1,63,63 - AZ08 - 16,900,476 de 900
AZ08,16,Chip 1,SAPC-PCRF TP,0,17,#27408B,1,1,63,63 - AZ08 - 16,900,477 de 900
AZ08,16,Chip 1,SAPC-PCRF TP,0,17,#27408B,1,1,63,63 - AZ08 - 16,900,478 de 900
AZ08,16,Chip 1,SAPC-PCRF TP,0,17,#27408B,1,1,63,63 - AZ08 - 16,900,479 de 900
AZ08,16,Chip 1,SAPC-PCRF TP,0,17,#27408B,1,1,63,63 - AZ08 - 16,900,480 de 900
AZ08,16,Chip 1,INFRA,17,3,#000000,0,1,63,63 - AZ08 - 16,0,
AZ08,16,Chip 2,SGSN-MME GPB/LC,20,17,#B2005F,1,2,63,63 - AZ08 - 16,361,134 de 361
AZ08,16,Chip 2,SGSN-MME GPB/LC,20,17,#B2005F,1,2,63,63 - AZ08 - 16,361,135 de 361
AZ08,16,Chip 2,SGSN-MME GPB/LC,20,17,#B2005F,1,2,63,63 - AZ08 - 16,361,136 de 361
AZ08,16,Chip 2,SGSN-MME GPB/LC,20,17,#B2005F,1,2,63,63 - AZ08 - 16,361,137 de 361
AZ08,16,Chip 2,SGSN-MME GPB/LC,20,17,#B2005F,1,2,63,63 - AZ08 - 16,361,138 de 361
AZ08,16,Chip 2,SGSN-MME GPB/LC,20,17,#B2005F,1,2,63,63 - AZ08 - 16,361,139 de 361
AZ08,16,Chip 2,SGSN-MME GPB/LC,20,17,#B2005F,1,2,63,63 - AZ08 - 16,361,140 de 361
AZ08,16,Chip 2,SGSN-MME GPB/LC,20,17,#B2005F,1,2,63,63 - AZ08 - 16,361,141 de 361
AZ08,16,Chip 2,SGSN-MME GPB/LC,20,17,#B2005F,1,2,63,63 - AZ08 - 16,361,142 de 361
AZ08,16,Chip 2,SGSN-MME GPB/LC,20,17,#B2005F,1,2,63,63 - AZ08 - 16,361,143 de 361
AZ08,16,Chip 2,SGSN-MME GPB/LC,20,17,#B2005F,1,2,63,63 - AZ08 - 16,361,144 de 361
AZ08,16,Chip 2,SGSN-MME GPB/LC,20,17,#B2005F,1,2,63,63 - AZ08 - 16,361,145 de 361
AZ08,16,Chip 2,SGSN-MME GPB/LC,20,17,#B2005F,1,2,63,63 - AZ08 - 16,361,146 de 361
AZ08,16,Chip 2,SGSN-MME GPB/LC,20,17,#B2005F,1,2,63,63 - AZ08 - 16,361,147 de 361
AZ08,16,Chip 2,SGSN-MME GPB/LC,20,17,#B2005F,1,2,63,63 - AZ08 - 16,361,148 de 361
AZ08,16,Chip 2,SGSN-MME GPB/LC,20,17,#B2005F,1,2,63,63 - AZ08 - 16,361,149 de 361
AZ08,16,Chip 2,SGSN-MME GPB/LC,20,17,#B2005F,1,2,63,63 - AZ08 - 16,361,150 de 361
AZ08,16,Chip 2,SGSN-MME GPB/LC,20,17,#B2005F,1,2,63,63 - AZ08 - 16,361,151 de 361
AZ08,16,Chip 2,SGSN-MME GPB/LC,20,17,#B2005F,1,2,63,63 - AZ08 - 16,361,152 de 361
AZ08,16,Chip 2,INFRA,37,3,#000000,0,1,63,63 - AZ08 - 16,0,
AZ08,17,Chip 1,SAPC-PCRF TP,0,17,#27408B,1,1,64,64 - AZ08 - 17,900,481 de 900
AZ08,17,Chip 1,SAPC-PCRF TP,0,17,#27408B,1,1,64,64 - AZ08 - 17,900,482 de 900
AZ08,17,Chip 1,SAPC-PCRF TP,0,17,#27408B,1,1,64,64 - AZ08 - 17,900,483 de 900
AZ08,17,Chip 1,SAPC-PCRF TP,0,17,#27408B,1,1,64,64 - AZ08 - 17,900,484 de 900
AZ08,17,Chip 1,SAPC-PCRF TP,0,17,#27408B,1,1,64,64 - AZ08 - 17,900,485 de 900
AZ08,17,Chip 1,SAPC-PCRF TP,0,17,#27408B,1,1,64,64 - AZ08 - 17,900,486 de 900
AZ08,17,Chip 1,SAPC-PCRF TP,0,17,#27408B,1,1,64,64 - AZ08 - 17,900,487 de 900
AZ08,17,Chip 1,SAPC-PCRF TP,0,17,#27408B,1,1,64,64 - AZ08 - 17,900,488 de 900
AZ08,17,Chip 1,SAPC-PCRF TP,0,17,#27408B,1,1,64,64 - AZ08 - 17,900,489 de 900
AZ08,17,Chip 1,SAPC-PCRF TP,0,17,#27408B,1,1,64,64 - AZ08 - 17,900,490 de 900
AZ08,17,Chip 1,SAPC-PCRF TP,0,17,#27408B,1,1,64,64 - AZ08 - 17,900,491 de 900
AZ08,17,Chip 1,SAPC-PCRF TP,0,17,#27408B,1,1,64,64 - AZ08 - 17,900,492 de 900
AZ08,17,Chip 1,SAPC-PCRF TP,0,17,#27408B,1,1,64,64 - AZ08 - 17,900,493 de 900
AZ08,17,Chip 1,SAPC-PCRF TP,0,17,#27408B,1,1,64,64 - AZ08 - 17,900,494 de 900
AZ08,17,Chip 1,SAPC-PCRF TP,0,17,#27408B,1,1,64,64 - AZ08 - 17,900,495 de 900
AZ08,17,Chip 1,SAPC-PCRF TP,0,17,#27408B,1,1,64,64 - AZ08 - 17,900,496 de 900
AZ08,17,Chip 1,SAPC-PCRF TP,0,17,#27408B,1,1,64,64 - AZ08 - 17,900,497 de 900
AZ08,17,Chip 1,SAPC-PCRF TP,0,17,#27408B,1,1,64,64 - AZ08 - 17,900,498 de 900
AZ08,17,Chip 1,SAPC-PCRF TP,0,17,#27408B,1,1,64,64 - AZ08 - 17,900,499 de 900
AZ08,17,Chip 1,SAPC-PCRF TP,0,17,#27408B,1,1,64,64 - AZ08 - 17,900,500 de 900
AZ08,17,Chip 1,SAPC-PCRF TP,0,17,#27408B,1,1,64,64 - AZ08 - 17,900,501 de 900
AZ08,17,Chip 1,SAPC-PCRF TP,0,17,#27408B,1,1,64,64 - AZ08 - 17,900,502 de 900
AZ08,17,Chip 1,SAPC-PCRF TP,0,17,#27408B,1,1,64,64 - AZ08 - 17,900,503 de 900
AZ08,17,Chip 1,SAPC-PCRF TP,0,17,#27408B,1,1,64,64 - AZ08 - 17,900,504 de 900
AZ08,17,Chip 1,SAPC-PCRF TP,0,17,#27408B,1,1,64,64 - AZ08 - 17,900,505 de 900
AZ08,17,Chip 1,SAPC-PCRF TP,0,17,#27408B,1,1,64,64 - AZ08 - 17,900,506 de 900
AZ08,17,Chip 1,SAPC-PCRF TP,0,17,#27408B,1,1,64,64 - AZ08 - 17,900,507 de 900
AZ08,17,Chip 1,SAPC-PCRF TP,0,17,#27408B,1,1,64,64 - AZ08 - 17,900,508 de 900
AZ08,17,Chip 1,SAPC-PCRF TP,0,17,#27408B,1,1,64,64 - AZ08 - 17,900,509 de 900
AZ08,17,Chip 1,SAPC-PCRF TP,0,17,#27408B,1,1,64,64 - AZ08 - 17,900,510 de 900
AZ08,17,Chip 1,INFRA,17,3,#000000,0,1,64,64 - AZ08 - 17,0,
AZ08,17,Chip 2,SGSN-MME GPB/LC,20,17,#B2005F,1,2,64,64 - AZ08 - 17,361,153 de 361
AZ08,17,Chip 2,SGSN-MME GPB/LC,20,17,#B2005F,1,2,64,64 - AZ08 - 17,361,154 de 361
AZ08,17,Chip 2,SGSN-MME GPB/LC,20,17,#B2005F,1,2,64,64 - AZ08 - 17,361,155 de 361
AZ08,17,Chip 2,SGSN-MME GPB/LC,20,17,#B2005F,1,2,64,64 - AZ08 - 17,361,156 de 361
AZ08,17,Chip 2,SGSN-MME GPB/LC,20,17,#B2005F,1,2,64,64 - AZ08 - 17,361,157 de 361
AZ08,17,Chip 2,SGSN-MME GPB/LC,20,17,#B2005F,1,2,64,64 - AZ08 - 17,361,158 de 361
AZ08,17,Chip 2,SGSN-MME GPB/LC,20,17,#B2005F,1,2,64,64 - AZ08 - 17,361,159 de 361
AZ08,17,Chip 2,SGSN-MME GPB/LC,20,17,#B2005F,1,2,64,64 - AZ08 - 17,361,160 de 361
AZ08,17,Chip 2,SGSN-MME GPB/LC,20,17,#B2005F,1,2,64,64 - AZ08 - 17,361,161 de 361
AZ08,17,Chip 2,SGSN-MME GPB/LC,20,17,#B2005F,1,2,64,64 - AZ08 - 17,361,162 de 361
AZ08,17,Chip 2,SGSN-MME GPB/LC,20,17,#B2005F,1,2,64,64 - AZ08 - 17,361,163 de 361
AZ08,17,Chip 2,SGSN-MME GPB/LC,20,17,#B2005F,1,2,64,64 - AZ08 - 17,361,164 de 361
AZ08,17,Chip 2,SGSN-MME GPB/LC,20,17,#B2005F,1,2,64,64 - AZ08 - 17,361,165 de 361
AZ08,17,Chip 2,SGSN-MME GPB/LC,20,17,#B2005F,1,2,64,64 - AZ08 - 17,361,166 de 361
AZ08,17,Chip 2,SGSN-MME GPB/LC,20,17,#B2005F,1,2,64,64 - AZ08 - 17,361,167 de 361
AZ08,17,Chip 2,SGSN-MME GPB/LC,20,17,#B2005F,1,2,64,64 - AZ08 - 17,361,168 de 361
AZ08,17,Chip 2,SGSN-MME GPB/LC,20,17,#B2005F,1,2,64,64 - AZ08 - 17,361,169 de 361
AZ08,17,Chip 2,SGSN-MME GPB/LC,20,17,#B2005F,1,2,64,64 - AZ08 - 17,361,170 de 361
AZ08,17,Chip 2,SGSN-MME GPB/LC,20,17,#B2005F,1,2,64,64 - AZ08 - 17,361,171 de 361
AZ08,17,Chip 2,INFRA,37,3,#000000,0,1,64,64 - AZ08 - 17,0,
AZ08,18,Chip 1,SAPC-PCRF TP,0,17,#27408B,1,1,65,65 - AZ08 - 18,900,511 de 900
AZ08,18,Chip 1,SAPC-PCRF TP,0,17,#27408B,1,1,65,65 - AZ08 - 18,900,512 de 900
AZ08,18,Chip 1,SAPC-PCRF TP,0,17,#27408B,1,1,65,65 - AZ08 - 18,900,513 de 900
AZ08,18,Chip 1,SAPC-PCRF TP,0,17,#27408B,1,1,65,65 - AZ08 - 18,900,514 de 900
AZ08,18,Chip 1,SAPC-PCRF TP,0,17,#27408B,1,1,65,65 - AZ08 - 18,900,515 de 900
AZ08,18,Chip 1,SAPC-PCRF TP,0,17,#27408B,1,1,65,65 - AZ08 - 18,900,516 de 900
AZ08,18,Chip 1,SAPC-PCRF TP,0,17,#27408B,1,1,65,65 - AZ08 - 18,900,517 de 900
AZ08,18,Chip 1,SAPC-PCRF TP,0,17,#27408B,1,1,65,65 - AZ08 - 18,900,518 de 900
AZ08,18,Chip 1,SAPC-PCRF TP,0,17,#27408B,1,1,65,65 - AZ08 - 18,900,519 de 900
AZ08,18,Chip 1,SAPC-PCRF TP,0,17,#27408B,1,1,65,65 - AZ08 - 18,900,520 de 900
AZ08,18,Chip 1,SAPC-PCRF TP,0,17,#27408B,1,1,65,65 - AZ08 - 18,900,521 de 900
AZ08,18,Chip 1,SAPC-PCRF TP,0,17,#27408B,1,1,65,65 - AZ08 - 18,900,522 de 900
AZ08,18,Chip 1,SAPC-PCRF TP,0,17,#27408B,1,1,65,65 - AZ08 - 18,900,523 de 900
AZ08,18,Chip 1,SAPC-PCRF TP,0,17,#27408B,1,1,65,65 - AZ08 - 18,900,524 de 900
AZ08,18,Chip 1,SAPC-PCRF TP,0,17,#27408B,1,1,65,65 - AZ08 - 18,900,525 de 900
AZ08,18,Chip 1,SAPC-PCRF TP,0,17,#27408B,1,1,65,65 - AZ08 - 18,900,526 de 900
AZ08,18,Chip 1,SAPC-PCRF TP,0,17,#27408B,1,1,65,65 - AZ08 - 18,900,527 de 900
AZ08,18,Chip 1,SAPC-PCRF TP,0,17,#27408B,1,1,65,65 - AZ08 - 18,900,528 de 900
AZ08,18,Chip 1,SAPC-PCRF TP,0,17,#27408B,1,1,65,65 - AZ08 - 18,900,529 de 900
AZ08,18,Chip 1,SAPC-PCRF TP,0,17,#27408B,1,1,65,65 - AZ08 - 18,900,530 de 900
AZ08,18,Chip 1,SAPC-PCRF TP,0,17,#27408B,1,1,65,65 - AZ08 - 18,900,531 de 900
AZ08,18,Chip 1,SAPC-PCRF TP,0,17,#27408B,1,1,65,65 - AZ08 - 18,900,532 de 900
AZ08,18,Chip 1,SAPC-PCRF TP,0,17,#27408B,1,1,65,65 - AZ08 - 18,900,533 de 900
AZ08,18,Chip 1,SAPC-PCRF TP,0,17,#27408B,1,1,65,65 - AZ08 - 18,900,534 de 900
AZ08,18,Chip 1,SAPC-PCRF TP,0,17,#27408B,1,1,65,65 - AZ08 - 18,900,535 de 900
AZ08,18,Chip 1,SAPC-PCRF TP,0,17,#27408B,1,1,65,65 - AZ08 - 18,900,536 de 900
AZ08,18,Chip 1,SAPC-PCRF TP,0,17,#27408B,1,1,65,65 - AZ08 - 18,900,537 de 900
AZ08,18,Chip 1,SAPC-PCRF TP,0,17,#27408B,1,1,65,65 - AZ08 - 18,900,538 de 900
AZ08,18,Chip 1,SAPC-PCRF TP,0,17,#27408B,1,1,65,65 - AZ08 - 18,900,539 de 900
AZ08,18,Chip 1,SAPC-PCRF TP,0,17,#27408B,1,1,65,65 - AZ08 - 18,900,540 de 900
AZ08,18,Chip 1,INFRA,17,3,#000000,0,1,65,65 - AZ08 - 18,0,
AZ08,18,Chip 2,SGSN-MME GPB/LC,20,17,#B2005F,1,2,65,65 - AZ08 - 18,361,172 de 361
AZ08,18,Chip 2,SGSN-MME GPB/LC,20,17,#B2005F,1,2,65,65 - AZ08 - 18,361,173 de 361
AZ08,18,Chip 2,SGSN-MME GPB/LC,20,17,#B2005F,1,2,65,65 - AZ08 - 18,361,174 de 361
AZ08,18,Chip 2,SGSN-MME GPB/LC,20,17,#B2005F,1,2,65,65 - AZ08 - 18,361,175 de 361
AZ08,18,Chip 2,SGSN-MME GPB/LC,20,17,#B2005F,1,2,65,65 - AZ08 - 18,361,176 de 361
AZ08,18,Chip 2,SGSN-MME GPB/LC,20,17,#B2005F,1,2,65,65 - AZ08 - 18,361,177 de 361
AZ08,18,Chip 2,SGSN-MME GPB/LC,20,17,#B2005F,1,2,65,65 - AZ08 - 18,361,178 de 361
AZ08,18,Chip 2,SGSN-MME GPB/LC,20,17,#B2005F,1,2,65,65 - AZ08 - 18,361,179 de 361
AZ08,18,Chip 2,SGSN-MME GPB/LC,20,17,#B2005F,1,2,65,65 - AZ08 - 18,361,180 de 361
AZ08,18,Chip 2,SGSN-MME GPB/LC,20,17,#B2005F,1,2,65,65 - AZ08 - 18,361,181 de 361
AZ08,18,Chip 2,SGSN-MME GPB/LC,20,17,#B2005F,1,2,65,65 - AZ08 - 18,361,182 de 361
AZ08,18,Chip 2,SGSN-MME GPB/LC,20,17,#B2005F,1,2,65,65 - AZ08 - 18,361,183 de 361
AZ08,18,Chip 2,SGSN-MME GPB/LC,20,17,#B2005F,1,2,65,65 - AZ08 - 18,361,184 de 361
AZ08,18,Chip 2,SGSN-MME GPB/LC,20,17,#B2005F,1,2,65,65 - AZ08 - 18,361,185 de 361
AZ08,18,Chip 2,SGSN-MME GPB/LC,20,17,#B2005F,1,2,65,65 - AZ08 - 18,361,186 de 361
AZ08,18,Chip 2,SGSN-MME GPB/LC,20,17,#B2005F,1,2,65,65 - AZ08 - 18,361,187 de 361
AZ08,18,Chip 2,SGSN-MME GPB/LC,20,17,#B2005F,1,2,65,65 - AZ08 - 18,361,188 de 361
AZ08,18,Chip 2,SGSN-MME GPB/LC,20,17,#B2005F,1,2,65,65 - AZ08 - 18,361,189 de 361
AZ08,18,Chip 2,SGSN-MME GPB/LC,20,17,#B2005F,1,2,65,65 - AZ08 - 18,361,190 de 361
AZ08,18,Chip 2,INFRA,37,3,#000000,0,1,65,65 - AZ08 - 18,0,
AZ08,19,Chip 1,SAPC-PCRF TP,0,17,#27408B,1,1,66,66 - AZ08 - 19,900,541 de 900
AZ08,19,Chip 1,SAPC-PCRF TP,0,17,#27408B,1,1,66,66 - AZ08 - 19,900,542 de 900
AZ08,19,Chip 1,SAPC-PCRF TP,0,17,#27408B,1,1,66,66 - AZ08 - 19,900,543 de 900
AZ08,19,Chip 1,SAPC-PCRF TP,0,17,#27408B,1,1,66,66 - AZ08 - 19,900,544 de 900
AZ08,19,Chip 1,SAPC-PCRF TP,0,17,#27408B,1,1,66,66 - AZ08 - 19,900,545 de 900
AZ08,19,Chip 1,SAPC-PCRF TP,0,17,#27408B,1,1,66,66 - AZ08 - 19,900,546 de 900
AZ08,19,Chip 1,SAPC-PCRF TP,0,17,#27408B,1,1,66,66 - AZ08 - 19,900,547 de 900
AZ08,19,Chip 1,SAPC-PCRF TP,0,17,#27408B,1,1,66,66 - AZ08 - 19,900,548 de 900
AZ08,19,Chip 1,SAPC-PCRF TP,0,17,#27408B,1,1,66,66 - AZ08 - 19,900,549 de 900
AZ08,19,Chip 1,SAPC-PCRF TP,0,17,#27408B,1,1,66,66 - AZ08 - 19,900,550 de 900
AZ08,19,Chip 1,SAPC-PCRF TP,0,17,#27408B,1,1,66,66 - AZ08 - 19,900,551 de 900
AZ08,19,Chip 1,SAPC-PCRF TP,0,17,#27408B,1,1,66,66 - AZ08 - 19,900,552 de 900
AZ08,19,Chip 1,SAPC-PCRF TP,0,17,#27408B,1,1,66,66 - AZ08 - 19,900,553 de 900
AZ08,19,Chip 1,SAPC-PCRF TP,0,17,#27408B,1,1,66,66 - AZ08 - 19,900,554 de 900
AZ08,19,Chip 1,SAPC-PCRF TP,0,17,#27408B,1,1,66,66 - AZ08 - 19,900,555 de 900
AZ08,19,Chip 1,SAPC-PCRF TP,0,17,#27408B,1,1,66,66 - AZ08 - 19,900,556 de 900
AZ08,19,Chip 1,SAPC-PCRF TP,0,17,#27408B,1,1,66,66 - AZ08 - 19,900,557 de 900
AZ08,19,Chip 1,SAPC-PCRF TP,0,17,#27408B,1,1,66,66 - AZ08 - 19,900,558 de 900
AZ08,19,Chip 1,SAPC-PCRF TP,0,17,#27408B,1,1,66,66 - AZ08 - 19,900,559 de 900
AZ08,19,Chip 1,SAPC-PCRF TP,0,17,#27408B,1,1,66,66 - AZ08 - 19,900,560 de 900
AZ08,19,Chip 1,SAPC-PCRF TP,0,17,#27408B,1,1,66,66 - AZ08 - 19,900,561 de 900
AZ08,19,Chip 1,SAPC-PCRF TP,0,17,#27408B,1,1,66,66 - AZ08 - 19,900,562 de 900
AZ08,19,Chip 1,SAPC-PCRF TP,0,17,#27408B,1,1,66,66 - AZ08 - 19,900,563 de 900
AZ08,19,Chip 1,SAPC-PCRF TP,0,17,#27408B,1,1,66,66 - AZ08 - 19,900,564 de 900
AZ08,19,Chip 1,SAPC-PCRF TP,0,17,#27408B,1,1,66,66 - AZ08 - 19,900,565 de 900
AZ08,19,Chip 1,SAPC-PCRF TP,0,17,#27408B,1,1,66,66 - AZ08 - 19,900,566 de 900
AZ08,19,Chip 1,SAPC-PCRF TP,0,17,#27408B,1,1,66,66 - AZ08 - 19,900,567 de 900
AZ08,19,Chip 1,SAPC-PCRF TP,0,17,#27408B,1,1,66,66 - AZ08 - 19,900,568 de 900
AZ08,19,Chip 1,SAPC-PCRF TP,0,17,#27408B,1,1,66,66 - AZ08 - 19,900,569 de 900
AZ08,19,Chip 1,SAPC-PCRF TP,0,17,#27408B,1,1,66,66 - AZ08 - 19,900,570 de 900
AZ08,19,Chip 1,INFRA,17,3,#000000,0,1,66,66 - AZ08 - 19,0,
AZ08,19,Chip 2,SGSN-MME GPB/LC,20,17,#B2005F,1,2,66,66 - AZ08 - 19,361,191 de 361
AZ08,19,Chip 2,SGSN-MME GPB/LC,20,17,#B2005F,1,2,66,66 - AZ08 - 19,361,192 de 361
AZ08,19,Chip 2,SGSN-MME GPB/LC,20,17,#B2005F,1,2,66,66 - AZ08 - 19,361,193 de 361
AZ08,19,Chip 2,SGSN-MME GPB/LC,20,17,#B2005F,1,2,66,66 - AZ08 - 19,361,194 de 361
AZ08,19,Chip 2,SGSN-MME GPB/LC,20,17,#B2005F,1,2,66,66 - AZ08 - 19,361,195 de 361
AZ08,19,Chip 2,SGSN-MME GPB/LC,20,17,#B2005F,1,2,66,66 - AZ08 - 19,361,196 de 361
AZ08,19,Chip 2,SGSN-MME GPB/LC,20,17,#B2005F,1,2,66,66 - AZ08 - 19,361,197 de 361
AZ08,19,Chip 2,SGSN-MME GPB/LC,20,17,#B2005F,1,2,66,66 - AZ08 - 19,361,198 de 361
AZ08,19,Chip 2,SGSN-MME GPB/LC,20,17,#B2005F,1,2,66,66 - AZ08 - 19,361,199 de 361
AZ08,19,Chip 2,SGSN-MME GPB/LC,20,17,#B2005F,1,2,66,66 - AZ08 - 19,361,200 de 361
AZ08,19,Chip 2,SGSN-MME GPB/LC,20,17,#B2005F,1,2,66,66 - AZ08 - 19,361,201 de 361
AZ08,19,Chip 2,SGSN-MME GPB/LC,20,17,#B2005F,1,2,66,66 - AZ08 - 19,361,202 de 361
AZ08,19,Chip 2,SGSN-MME GPB/LC,20,17,#B2005F,1,2,66,66 - AZ08 - 19,361,203 de 361
AZ08,19,Chip 2,SGSN-MME GPB/LC,20,17,#B2005F,1,2,66,66 - AZ08 - 19,361,204 de 361
AZ08,19,Chip 2,SGSN-MME GPB/LC,20,17,#B2005F,1,2,66,66 - AZ08 - 19,361,205 de 361
AZ08,19,Chip 2,SGSN-MME GPB/LC,20,17,#B2005F,1,2,66,66 - AZ08 - 19,361,206 de 361
AZ08,19,Chip 2,SGSN-MME GPB/LC,20,17,#B2005F,1,2,66,66 - AZ08 - 19,361,207 de 361
AZ08,19,Chip 2,SGSN-MME GPB/LC,20,17,#B2005F,1,2,66,66 - AZ08 - 19,361,208 de 361
AZ08,19,Chip 2,SGSN-MME GPB/LC,20,17,#B2005F,1,2,66,66 - AZ08 - 19,361,209 de 361
AZ08,19,Chip 2,INFRA,37,3,#000000,0,1,66,66 - AZ08 - 19,0,
AZ08,20,Chip 1,SAPC-PCRF TP,0,17,#27408B,1,1,67,67 - AZ08 - 20,900,571 de 900
AZ08,20,Chip 1,SAPC-PCRF TP,0,17,#27408B,1,1,67,67 - AZ08 - 20,900,572 de 900
AZ08,20,Chip 1,SAPC-PCRF TP,0,17,#27408B,1,1,67,67 - AZ08 - 20,900,573 de 900
AZ08,20,Chip 1,SAPC-PCRF TP,0,17,#27408B,1,1,67,67 - AZ08 - 20,900,574 de 900
AZ08,20,Chip 1,SAPC-PCRF TP,0,17,#27408B,1,1,67,67 - AZ08 - 20,900,575 de 900
AZ08,20,Chip 1,SAPC-PCRF TP,0,17,#27408B,1,1,67,67 - AZ08 - 20,900,576 de 900
AZ08,20,Chip 1,SAPC-PCRF TP,0,17,#27408B,1,1,67,67 - AZ08 - 20,900,577 de 900
AZ08,20,Chip 1,SAPC-PCRF TP,0,17,#27408B,1,1,67,67 - AZ08 - 20,900,578 de 900
AZ08,20,Chip 1,SAPC-PCRF TP,0,17,#27408B,1,1,67,67 - AZ08 - 20,900,579 de 900
AZ08,20,Chip 1,SAPC-PCRF TP,0,17,#27408B,1,1,67,67 - AZ08 - 20,900,580 de 900
AZ08,20,Chip 1,SAPC-PCRF TP,0,17,#27408B,1,1,67,67 - AZ08 - 20,900,581 de 900
AZ08,20,Chip 1,SAPC-PCRF TP,0,17,#27408B,1,1,67,67 - AZ08 - 20,900,582 de 900
AZ08,20,Chip 1,SAPC-PCRF TP,0,17,#27408B,1,1,67,67 - AZ08 - 20,900,583 de 900
AZ08,20,Chip 1,SAPC-PCRF TP,0,17,#27408B,1,1,67,67 - AZ08 - 20,900,584 de 900
AZ08,20,Chip 1,SAPC-PCRF TP,0,17,#27408B,1,1,67,67 - AZ08 - 20,900,585 de 900
AZ08,20,Chip 1,SAPC-PCRF TP,0,17,#27408B,1,1,67,67 - AZ08 - 20,900,586 de 900
AZ08,20,Chip 1,SAPC-PCRF TP,0,17,#27408B,1,1,67,67 - AZ08 - 20,900,587 de 900
AZ08,20,Chip 1,SAPC-PCRF TP,0,17,#27408B,1,1,67,67 - AZ08 - 20,900,588 de 900
AZ08,20,Chip 1,SAPC-PCRF TP,0,17,#27408B,1,1,67,67 - AZ08 - 20,900,589 de 900
AZ08,20,Chip 1,SAPC-PCRF TP,0,17,#27408B,1,1,67,67 - AZ08 - 20,900,590 de 900
AZ08,20,Chip 1,SAPC-PCRF TP,0,17,#27408B,1,1,67,67 - AZ08 - 20,900,591 de 900
AZ08,20,Chip 1,SAPC-PCRF TP,0,17,#27408B,1,1,67,67 - AZ08 - 20,900,592 de 900
AZ08,20,Chip 1,SAPC-PCRF TP,0,17,#27408B,1,1,67,67 - AZ08 - 20,900,593 de 900
AZ08,20,Chip 1,SAPC-PCRF TP,0,17,#27408B,1,1,67,67 - AZ08 - 20,900,594 de 900
AZ08,20,Chip 1,SAPC-PCRF TP,0,17,#27408B,1,1,67,67 - AZ08 - 20,900,595 de 900
AZ08,20,Chip 1,SAPC-PCRF TP,0,17,#27408B,1,1,67,67 - AZ08 - 20,900,596 de 900
AZ08,20,Chip 1,SAPC-PCRF TP,0,17,#27408B,1,1,67,67 - AZ08 - 20,900,597 de 900
AZ08,20,Chip 1,SAPC-PCRF TP,0,17,#27408B,1,1,67,67 - AZ08 - 20,900,598 de 900
AZ08,20,Chip 1,SAPC-PCRF TP,0,17,#27408B,1,1,67,67 - AZ08 - 20,900,599 de 900
AZ08,20,Chip 1,SAPC-PCRF TP,0,17,#27408B,1,1,67,67 - AZ08 - 20,900,600 de 900
AZ08,20,Chip 1,INFRA,17,3,#000000,0,1,67,67 - AZ08 - 20,0,
AZ08,20,Chip 2,SGSN-MME GPB/LC,20,17,#B2005F,1,2,67,67 - AZ08 - 20,361,210 de 361
AZ08,20,Chip 2,SGSN-MME GPB/LC,20,17,#B2005F,1,2,67,67 - AZ08 - 20,361,211 de 361
AZ08,20,Chip 2,SGSN-MME GPB/LC,20,17,#B2005F,1,2,67,67 - AZ08 - 20,361,212 de 361
AZ08,20,Chip 2,SGSN-MME GPB/LC,20,17,#B2005F,1,2,67,67 - AZ08 - 20,361,213 de 361
AZ08,20,Chip 2,SGSN-MME GPB/LC,20,17,#B2005F,1,2,67,67 - AZ08 - 20,361,214 de 361
AZ08,20,Chip 2,SGSN-MME GPB/LC,20,17,#B2005F,1,2,67,67 - AZ08 - 20,361,215 de 361
AZ08,20,Chip 2,SGSN-MME GPB/LC,20,17,#B2005F,1,2,67,67 - AZ08 - 20,361,216 de 361
AZ08,20,Chip 2,SGSN-MME GPB/LC,20,17,#B2005F,1,2,67,67 - AZ08 - 20,361,217 de 361
AZ08,20,Chip 2,SGSN-MME GPB/LC,20,17,#B2005F,1,2,67,67 - AZ08 - 20,361,218 de 361
AZ08,20,Chip 2,SGSN-MME GPB/LC,20,17,#B2005F,1,2,67,67 - AZ08 - 20,361,219 de 361
AZ08,20,Chip 2,SGSN-MME GPB/LC,20,17,#B2005F,1,2,67,67 - AZ08 - 20,361,220 de 361
AZ08,20,Chip 2,SGSN-MME GPB/LC,20,17,#B2005F,1,2,67,67 - AZ08 - 20,361,221 de 361
AZ08,20,Chip 2,SGSN-MME GPB/LC,20,17,#B2005F,1,2,67,67 - AZ08 - 20,361,222 de 361
AZ08,20,Chip 2,SGSN-MME GPB/LC,20,17,#B2005F,1,2,67,67 - AZ08 - 20,361,223 de 361
AZ08,20,Chip 2,SGSN-MME GPB/LC,20,17,#B2005F,1,2,67,67 - AZ08 - 20,361,224 de 361
AZ08,20,Chip 2,SGSN-MME GPB/LC,20,17,#B2005F,1,2,67,67 - AZ08 - 20,361,225 de 361
AZ08,20,Chip 2,SGSN-MME GPB/LC,20,17,#B2005F,1,2,67,67 - AZ08 - 20,361,226 de 361
AZ08,20,Chip 2,SGSN-MME GPB/LC,20,17,#B2005F,1,2,67,67 - AZ08 - 20,361,227 de 361
AZ08,20,Chip 2,SGSN-MME GPB/LC,20,17,#B2005F,1,2,67,67 - AZ08 - 20,361,228 de 361
AZ08,20,Chip 2,INFRA,37,3,#000000,0,1,67,67 - AZ08 - 20,0,
AZ08,21,Chip 1,SAPC-PCRF TP,0,17,#27408B,1,1,68,68 - AZ08 - 21,900,601 de 900
AZ08,21,Chip 1,SAPC-PCRF TP,0,17,#27408B,1,1,68,68 - AZ08 - 21,900,602 de 900
AZ08,21,Chip 1,SAPC-PCRF TP,0,17,#27408B,1,1,68,68 - AZ08 - 21,900,603 de 900
AZ08,21,Chip 1,SAPC-PCRF TP,0,17,#27408B,1,1,68,68 - AZ08 - 21,900,604 de 900
AZ08,21,Chip 1,SAPC-PCRF TP,0,17,#27408B,1,1,68,68 - AZ08 - 21,900,605 de 900
AZ08,21,Chip 1,SAPC-PCRF TP,0,17,#27408B,1,1,68,68 - AZ08 - 21,900,606 de 900
AZ08,21,Chip 1,SAPC-PCRF TP,0,17,#27408B,1,1,68,68 - AZ08 - 21,900,607 de 900
AZ08,21,Chip 1,SAPC-PCRF TP,0,17,#27408B,1,1,68,68 - AZ08 - 21,900,608 de 900
AZ08,21,Chip 1,SAPC-PCRF TP,0,17,#27408B,1,1,68,68 - AZ08 - 21,900,609 de 900
AZ08,21,Chip 1,SAPC-PCRF TP,0,17,#27408B,1,1,68,68 - AZ08 - 21,900,610 de 900
AZ08,21,Chip 1,SAPC-PCRF TP,0,17,#27408B,1,1,68,68 - AZ08 - 21,900,611 de 900
AZ08,21,Chip 1,SAPC-PCRF TP,0,17,#27408B,1,1,68,68 - AZ08 - 21,900,612 de 900
AZ08,21,Chip 1,SAPC-PCRF TP,0,17,#27408B,1,1,68,68 - AZ08 - 21,900,613 de 900
AZ08,21,Chip 1,SAPC-PCRF TP,0,17,#27408B,1,1,68,68 - AZ08 - 21,900,614 de 900
AZ08,21,Chip 1,SAPC-PCRF TP,0,17,#27408B,1,1,68,68 - AZ08 - 21,900,615 de 900
AZ08,21,Chip 1,SAPC-PCRF TP,0,17,#27408B,1,1,68,68 - AZ08 - 21,900,616 de 900
AZ08,21,Chip 1,SAPC-PCRF TP,0,17,#27408B,1,1,68,68 - AZ08 - 21,900,617 de 900
AZ08,21,Chip 1,SAPC-PCRF TP,0,17,#27408B,1,1,68,68 - AZ08 - 21,900,618 de 900
AZ08,21,Chip 1,SAPC-PCRF TP,0,17,#27408B,1,1,68,68 - AZ08 - 21,900,619 de 900
AZ08,21,Chip 1,SAPC-PCRF TP,0,17,#27408B,1,1,68,68 - AZ08 - 21,900,620 de 900
AZ08,21,Chip 1,SAPC-PCRF TP,0,17,#27408B,1,1,68,68 - AZ08 - 21,900,621 de 900
AZ08,21,Chip 1,SAPC-PCRF TP,0,17,#27408B,1,1,68,68 - AZ08 - 21,900,622 de 900
AZ08,21,Chip 1,SAPC-PCRF TP,0,17,#27408B,1,1,68,68 - AZ08 - 21,900,623 de 900
AZ08,21,Chip 1,SAPC-PCRF TP,0,17,#27408B,1,1,68,68 - AZ08 - 21,900,624 de 900
AZ08,21,Chip 1,SAPC-PCRF TP,0,17,#27408B,1,1,68,68 - AZ08 - 21,900,625 de 900
AZ08,21,Chip 1,SAPC-PCRF TP,0,17,#27408B,1,1,68,68 - AZ08 - 21,900,626 de 900
AZ08,21,Chip 1,SAPC-PCRF TP,0,17,#27408B,1,1,68,68 - AZ08 - 21,900,627 de 900
AZ08,21,Chip 1,SAPC-PCRF TP,0,17,#27408B,1,1,68,68 - AZ08 - 21,900,628 de 900
AZ08,21,Chip 1,SAPC-PCRF TP,0,17,#27408B,1,1,68,68 - AZ08 - 21,900,629 de 900
AZ08,21,Chip 1,SAPC-PCRF TP,0,17,#27408B,1,1,68,68 - AZ08 - 21,900,630 de 900
AZ08,21,Chip 1,INFRA,17,3,#000000,0,1,68,68 - AZ08 - 21,0,
AZ08,21,Chip 2,SGSN-MME GPB/LC,20,17,#B2005F,1,2,68,68 - AZ08 - 21,361,229 de 361
AZ08,21,Chip 2,SGSN-MME GPB/LC,20,17,#B2005F,1,2,68,68 - AZ08 - 21,361,230 de 361
AZ08,21,Chip 2,SGSN-MME GPB/LC,20,17,#B2005F,1,2,68,68 - AZ08 - 21,361,231 de 361
AZ08,21,Chip 2,SGSN-MME GPB/LC,20,17,#B2005F,1,2,68,68 - AZ08 - 21,361,232 de 361
AZ08,21,Chip 2,SGSN-MME GPB/LC,20,17,#B2005F,1,2,68,68 - AZ08 - 21,361,233 de 361
AZ08,21,Chip 2,SGSN-MME GPB/LC,20,17,#B2005F,1,2,68,68 - AZ08 - 21,361,234 de 361
AZ08,21,Chip 2,SGSN-MME GPB/LC,20,17,#B2005F,1,2,68,68 - AZ08 - 21,361,235 de 361
AZ08,21,Chip 2,SGSN-MME GPB/LC,20,17,#B2005F,1,2,68,68 - AZ08 - 21,361,236 de 361
AZ08,21,Chip 2,SGSN-MME GPB/LC,20,17,#B2005F,1,2,68,68 - AZ08 - 21,361,237 de 361
AZ08,21,Chip 2,SGSN-MME GPB/LC,20,17,#B2005F,1,2,68,68 - AZ08 - 21,361,238 de 361
AZ08,21,Chip 2,SGSN-MME GPB/LC,20,17,#B2005F,1,2,68,68 - AZ08 - 21,361,239 de 361
AZ08,21,Chip 2,SGSN-MME GPB/LC,20,17,#B2005F,1,2,68,68 - AZ08 - 21,361,240 de 361
AZ08,21,Chip 2,SGSN-MME GPB/LC,20,17,#B2005F,1,2,68,68 - AZ08 - 21,361,241 de 361
AZ08,21,Chip 2,SGSN-MME GPB/LC,20,17,#B2005F,1,2,68,68 - AZ08 - 21,361,242 de 361
AZ08,21,Chip 2,SGSN-MME GPB/LC,20,17,#B2005F,1,2,68,68 - AZ08 - 21,361,243 de 361
AZ08,21,Chip 2,SGSN-MME GPB/LC,20,17,#B2005F,1,2,68,68 - AZ08 - 21,361,244 de 361
AZ08,21,Chip 2,SGSN-MME GPB/LC,20,17,#B2005F,1,2,68,68 - AZ08 - 21,361,245 de 361
AZ08,21,Chip 2,SGSN-MME GPB/LC,20,17,#B2005F,1,2,68,68 - AZ08 - 21,361,246 de 361
AZ08,21,Chip 2,SGSN-MME GPB/LC,20,17,#B2005F,1,2,68,68 - AZ08 - 21,361,247 de 361
AZ08,21,Chip 2,INFRA,37,3,#000000,0,1,68,68 - AZ08 - 21,0,
AZ08,22,Chip 1,SAPC-PCRF TP,0,17,#27408B,1,1,69,69 - AZ08 - 22,900,631 de 900
AZ08,22,Chip 1,SAPC-PCRF TP,0,17,#27408B,1,1,69,69 - AZ08 - 22,900,632 de 900
AZ08,22,Chip 1,SAPC-PCRF TP,0,17,#27408B,1,1,69,69 - AZ08 - 22,900,633 de 900
AZ08,22,Chip 1,SAPC-PCRF TP,0,17,#27408B,1,1,69,69 - AZ08 - 22,900,634 de 900
AZ08,22,Chip 1,SAPC-PCRF TP,0,17,#27408B,1,1,69,69 - AZ08 - 22,900,635 de 900
AZ08,22,Chip 1,SAPC-PCRF TP,0,17,#27408B,1,1,69,69 - AZ08 - 22,900,636 de 900
AZ08,22,Chip 1,SAPC-PCRF TP,0,17,#27408B,1,1,69,69 - AZ08 - 22,900,637 de 900
AZ08,22,Chip 1,SAPC-PCRF TP,0,17,#27408B,1,1,69,69 - AZ08 - 22,900,638 de 900
AZ08,22,Chip 1,SAPC-PCRF TP,0,17,#27408B,1,1,69,69 - AZ08 - 22,900,639 de 900
AZ08,22,Chip 1,SAPC-PCRF TP,0,17,#27408B,1,1,69,69 - AZ08 - 22,900,640 de 900
AZ08,22,Chip 1,SAPC-PCRF TP,0,17,#27408B,1,1,69,69 - AZ08 - 22,900,641 de 900
AZ08,22,Chip 1,SAPC-PCRF TP,0,17,#27408B,1,1,69,69 - AZ08 - 22,900,642 de 900
AZ08,22,Chip 1,SAPC-PCRF TP,0,17,#27408B,1,1,69,69 - AZ08 - 22,900,643 de 900
AZ08,22,Chip 1,SAPC-PCRF TP,0,17,#27408B,1,1,69,69 - AZ08 - 22,900,644 de 900
AZ08,22,Chip 1,SAPC-PCRF TP,0,17,#27408B,1,1,69,69 - AZ08 - 22,900,645 de 900
AZ08,22,Chip 1,SAPC-PCRF TP,0,17,#27408B,1,1,69,69 - AZ08 - 22,900,646 de 900
AZ08,22,Chip 1,SAPC-PCRF TP,0,17,#27408B,1,1,69,69 - AZ08 - 22,900,647 de 900
AZ08,22,Chip 1,SAPC-PCRF TP,0,17,#27408B,1,1,69,69 - AZ08 - 22,900,648 de 900
AZ08,22,Chip 1,SAPC-PCRF TP,0,17,#27408B,1,1,69,69 - AZ08 - 22,900,649 de 900
AZ08,22,Chip 1,SAPC-PCRF TP,0,17,#27408B,1,1,69,69 - AZ08 - 22,900,650 de 900
AZ08,22,Chip 1,SAPC-PCRF TP,0,17,#27408B,1,1,69,69 - AZ08 - 22,900,651 de 900
AZ08,22,Chip 1,SAPC-PCRF TP,0,17,#27408B,1,1,69,69 - AZ08 - 22,900,652 de 900
AZ08,22,Chip 1,SAPC-PCRF TP,0,17,#27408B,1,1,69,69 - AZ08 - 22,900,653 de 900
AZ08,22,Chip 1,SAPC-PCRF TP,0,17,#27408B,1,1,69,69 - AZ08 - 22,900,654 de 900
AZ08,22,Chip 1,SAPC-PCRF TP,0,17,#27408B,1,1,69,69 - AZ08 - 22,900,655 de 900
AZ08,22,Chip 1,SAPC-PCRF TP,0,17,#27408B,1,1,69,69 - AZ08 - 22,900,656 de 900
AZ08,22,Chip 1,SAPC-PCRF TP,0,17,#27408B,1,1,69,69 - AZ08 - 22,900,657 de 900
AZ08,22,Chip 1,SAPC-PCRF TP,0,17,#27408B,1,1,69,69 - AZ08 - 22,900,658 de 900
AZ08,22,Chip 1,SAPC-PCRF TP,0,17,#27408B,1,1,69,69 - AZ08 - 22,900,659 de 900
AZ08,22,Chip 1,SAPC-PCRF TP,0,17,#27408B,1,1,69,69 - AZ08 - 22,900,660 de 900
AZ08,22,Chip 1,INFRA,17,3,#000000,0,1,69,69 - AZ08 - 22,0,
AZ08,22,Chip 2,SGSN-MME GPB/LC,20,17,#B2005F,1,2,69,69 - AZ08 - 22,361,248 de 361
AZ08,22,Chip 2,SGSN-MME GPB/LC,20,17,#B2005F,1,2,69,69 - AZ08 - 22,361,249 de 361
AZ08,22,Chip 2,SGSN-MME GPB/LC,20,17,#B2005F,1,2,69,69 - AZ08 - 22,361,250 de 361
AZ08,22,Chip 2,SGSN-MME GPB/LC,20,17,#B2005F,1,2,69,69 - AZ08 - 22,361,251 de 361
AZ08,22,Chip 2,SGSN-MME GPB/LC,20,17,#B2005F,1,2,69,69 - AZ08 - 22,361,252 de 361
AZ08,22,Chip 2,SGSN-MME GPB/LC,20,17,#B2005F,1,2,69,69 - AZ08 - 22,361,253 de 361
AZ08,22,Chip 2,SGSN-MME GPB/LC,20,17,#B2005F,1,2,69,69 - AZ08 - 22,361,254 de 361
AZ08,22,Chip 2,SGSN-MME GPB/LC,20,17,#B2005F,1,2,69,69 - AZ08 - 22,361,255 de 361
AZ08,22,Chip 2,SGSN-MME GPB/LC,20,17,#B2005F,1,2,69,69 - AZ08 - 22,361,256 de 361
AZ08,22,Chip 2,SGSN-MME GPB/LC,20,17,#B2005F,1,2,69,69 - AZ08 - 22,361,257 de 361
AZ08,22,Chip 2,SGSN-MME GPB/LC,20,17,#B2005F,1,2,69,69 - AZ08 - 22,361,258 de 361
AZ08,22,Chip 2,SGSN-MME GPB/LC,20,17,#B2005F,1,2,69,69 - AZ08 - 22,361,259 de 361
AZ08,22,Chip 2,SGSN-MME GPB/LC,20,17,#B2005F,1,2,69,69 - AZ08 - 22,361,260 de 361
AZ08,22,Chip 2,SGSN-MME GPB/LC,20,17,#B2005F,1,2,69,69 - AZ08 - 22,361,261 de 361
AZ08,22,Chip 2,SGSN-MME GPB/LC,20,17,#B2005F,1,2,69,69 - AZ08 - 22,361,262 de 361
AZ08,22,Chip 2,SGSN-MME GPB/LC,20,17,#B2005F,1,2,69,69 - AZ08 - 22,361,263 de 361
AZ08,22,Chip 2,SGSN-MME GPB/LC,20,17,#B2005F,1,2,69,69 - AZ08 - 22,361,264 de 361
AZ08,22,Chip 2,SGSN-MME GPB/LC,20,17,#B2005F,1,2,69,69 - AZ08 - 22,361,265 de 361
AZ08,22,Chip 2,SGSN-MME GPB/LC,20,17,#B2005F,1,2,69,69 - AZ08 - 22,361,266 de 361
AZ08,22,Chip 2,INFRA,37,3,#000000,0,1,69,69 - AZ08 - 22,0,
AZ08,23,Chip 1,SAPC-PCRF TP,0,17,#27408B,1,1,70,70 - AZ08 - 23,900,661 de 900
AZ08,23,Chip 1,SAPC-PCRF TP,0,17,#27408B,1,1,70,70 - AZ08 - 23,900,662 de 900
AZ08,23,Chip 1,SAPC-PCRF TP,0,17,#27408B,1,1,70,70 - AZ08 - 23,900,663 de 900
AZ08,23,Chip 1,SAPC-PCRF TP,0,17,#27408B,1,1,70,70 - AZ08 - 23,900,664 de 900
AZ08,23,Chip 1,SAPC-PCRF TP,0,17,#27408B,1,1,70,70 - AZ08 - 23,900,665 de 900
AZ08,23,Chip 1,SAPC-PCRF TP,0,17,#27408B,1,1,70,70 - AZ08 - 23,900,666 de 900
AZ08,23,Chip 1,SAPC-PCRF TP,0,17,#27408B,1,1,70,70 - AZ08 - 23,900,667 de 900
AZ08,23,Chip 1,SAPC-PCRF TP,0,17,#27408B,1,1,70,70 - AZ08 - 23,900,668 de 900
AZ08,23,Chip 1,SAPC-PCRF TP,0,17,#27408B,1,1,70,70 - AZ08 - 23,900,669 de 900
AZ08,23,Chip 1,SAPC-PCRF TP,0,17,#27408B,1,1,70,70 - AZ08 - 23,900,670 de 900
AZ08,23,Chip 1,SAPC-PCRF TP,0,17,#27408B,1,1,70,70 - AZ08 - 23,900,671 de 900
AZ08,23,Chip 1,SAPC-PCRF TP,0,17,#27408B,1,1,70,70 - AZ08 - 23,900,672 de 900
AZ08,23,Chip 1,SAPC-PCRF TP,0,17,#27408B,1,1,70,70 - AZ08 - 23,900,673 de 900
AZ08,23,Chip 1,SAPC-PCRF TP,0,17,#27408B,1,1,70,70 - AZ08 - 23,900,674 de 900
AZ08,23,Chip 1,SAPC-PCRF TP,0,17,#27408B,1,1,70,70 - AZ08 - 23,900,675 de 900
AZ08,23,Chip 1,SAPC-PCRF TP,0,17,#27408B,1,1,70,70 - AZ08 - 23,900,676 de 900
AZ08,23,Chip 1,SAPC-PCRF TP,0,17,#27408B,1,1,70,70 - AZ08 - 23,900,677 de 900
AZ08,23,Chip 1,SAPC-PCRF TP,0,17,#27408B,1,1,70,70 - AZ08 - 23,900,678 de 900
AZ08,23,Chip 1,SAPC-PCRF TP,0,17,#27408B,1,1,70,70 - AZ08 - 23,900,679 de 900
AZ08,23,Chip 1,SAPC-PCRF TP,0,17,#27408B,1,1,70,70 - AZ08 - 23,900,680 de 900
AZ08,23,Chip 1,SAPC-PCRF TP,0,17,#27408B,1,1,70,70 - AZ08 - 23,900,681 de 900
AZ08,23,Chip 1,SAPC-PCRF TP,0,17,#27408B,1,1,70,70 - AZ08 - 23,900,682 de 900
AZ08,23,Chip 1,SAPC-PCRF TP,0,17,#27408B,1,1,70,70 - AZ08 - 23,900,683 de 900
AZ08,23,Chip 1,SAPC-PCRF TP,0,17,#27408B,1,1,70,70 - AZ08 - 23,900,684 de 900
AZ08,23,Chip 1,SAPC-PCRF TP,0,17,#27408B,1,1,70,70 - AZ08 - 23,900,685 de 900
AZ08,23,Chip 1,SAPC-PCRF TP,0,17,#27408B,1,1,70,70 - AZ08 - 23,900,686 de 900
AZ08,23,Chip 1,SAPC-PCRF TP,0,17,#27408B,1,1,70,70 - AZ08 - 23,900,687 de 900
AZ08,23,Chip 1,SAPC-PCRF TP,0,17,#27408B,1,1,70,70 - AZ08 - 23,900,688 de 900
AZ08,23,Chip 1,SAPC-PCRF TP,0,17,#27408B,1,1,70,70 - AZ08 - 23,900,689 de 900
AZ08,23,Chip 1,SAPC-PCRF TP,0,17,#27408B,1,1,70,70 - AZ08 - 23,900,690 de 900
AZ08,23,Chip 1,INFRA,17,3,#000000,0,1,70,70 - AZ08 - 23,0,
AZ08,23,Chip 2,SGSN-MME GPB/LC,20,17,#B2005F,1,2,70,70 - AZ08 - 23,361,267 de 361
AZ08,23,Chip 2,SGSN-MME GPB/LC,20,17,#B2005F,1,2,70,70 - AZ08 - 23,361,268 de 361
AZ08,23,Chip 2,SGSN-MME GPB/LC,20,17,#B2005F,1,2,70,70 - AZ08 - 23,361,269 de 361
AZ08,23,Chip 2,SGSN-MME GPB/LC,20,17,#B2005F,1,2,70,70 - AZ08 - 23,361,270 de 361
AZ08,23,Chip 2,SGSN-MME GPB/LC,20,17,#B2005F,1,2,70,70 - AZ08 - 23,361,271 de 361
AZ08,23,Chip 2,SGSN-MME GPB/LC,20,17,#B2005F,1,2,70,70 - AZ08 - 23,361,272 de 361
AZ08,23,Chip 2,SGSN-MME GPB/LC,20,17,#B2005F,1,2,70,70 - AZ08 - 23,361,273 de 361
AZ08,23,Chip 2,SGSN-MME GPB/LC,20,17,#B2005F,1,2,70,70 - AZ08 - 23,361,274 de 361
AZ08,23,Chip 2,SGSN-MME GPB/LC,20,17,#B2005F,1,2,70,70 - AZ08 - 23,361,275 de 361
AZ08,23,Chip 2,SGSN-MME GPB/LC,20,17,#B2005F,1,2,70,70 - AZ08 - 23,361,276 de 361
AZ08,23,Chip 2,SGSN-MME GPB/LC,20,17,#B2005F,1,2,70,70 - AZ08 - 23,361,277 de 361
AZ08,23,Chip 2,SGSN-MME GPB/LC,20,17,#B2005F,1,2,70,70 - AZ08 - 23,361,278 de 361
AZ08,23,Chip 2,SGSN-MME GPB/LC,20,17,#B2005F,1,2,70,70 - AZ08 - 23,361,279 de 361
AZ08,23,Chip 2,SGSN-MME GPB/LC,20,17,#B2005F,1,2,70,70 - AZ08 - 23,361,280 de 361
AZ08,23,Chip 2,SGSN-MME GPB/LC,20,17,#B2005F,1,2,70,70 - AZ08 - 23,361,281 de 361
AZ08,23,Chip 2,SGSN-MME GPB/LC,20,17,#B2005F,1,2,70,70 - AZ08 - 23,361,282 de 361
AZ08,23,Chip 2,SGSN-MME GPB/LC,20,17,#B2005F,1,2,70,70 - AZ08 - 23,361,283 de 361
AZ08,23,Chip 2,SGSN-MME GPB/LC,20,17,#B2005F,1,2,70,70 - AZ08 - 23,361,284 de 361
AZ08,23,Chip 2,SGSN-MME GPB/LC,20,17,#B2005F,1,2,70,70 - AZ08 - 23,361,285 de 361
AZ08,23,Chip 2,INFRA,37,3,#000000,0,1,70,70 - AZ08 - 23,0,
AZ08,24,Chip 1,SAPC-PCRF TP,0,17,#27408B,1,1,71,71 - AZ08 - 24,900,691 de 900
AZ08,24,Chip 1,SAPC-PCRF TP,0,17,#27408B,1,1,71,71 - AZ08 - 24,900,692 de 900
AZ08,24,Chip 1,SAPC-PCRF TP,0,17,#27408B,1,1,71,71 - AZ08 - 24,900,693 de 900
AZ08,24,Chip 1,SAPC-PCRF TP,0,17,#27408B,1,1,71,71 - AZ08 - 24,900,694 de 900
AZ08,24,Chip 1,SAPC-PCRF TP,0,17,#27408B,1,1,71,71 - AZ08 - 24,900,695 de 900
AZ08,24,Chip 1,SAPC-PCRF TP,0,17,#27408B,1,1,71,71 - AZ08 - 24,900,696 de 900
AZ08,24,Chip 1,SAPC-PCRF TP,0,17,#27408B,1,1,71,71 - AZ08 - 24,900,697 de 900
AZ08,24,Chip 1,SAPC-PCRF TP,0,17,#27408B,1,1,71,71 - AZ08 - 24,900,698 de 900
AZ08,24,Chip 1,SAPC-PCRF TP,0,17,#27408B,1,1,71,71 - AZ08 - 24,900,699 de 900
AZ08,24,Chip 1,SAPC-PCRF TP,0,17,#27408B,1,1,71,71 - AZ08 - 24,900,700 de 900
AZ08,24,Chip 1,SAPC-PCRF TP,0,17,#27408B,1,1,71,71 - AZ08 - 24,900,701 de 900
AZ08,24,Chip 1,SAPC-PCRF TP,0,17,#27408B,1,1,71,71 - AZ08 - 24,900,702 de 900
AZ08,24,Chip 1,SAPC-PCRF TP,0,17,#27408B,1,1,71,71 - AZ08 - 24,900,703 de 900
AZ08,24,Chip 1,SAPC-PCRF TP,0,17,#27408B,1,1,71,71 - AZ08 - 24,900,704 de 900
AZ08,24,Chip 1,SAPC-PCRF TP,0,17,#27408B,1,1,71,71 - AZ08 - 24,900,705 de 900
AZ08,24,Chip 1,SAPC-PCRF TP,0,17,#27408B,1,1,71,71 - AZ08 - 24,900,706 de 900
AZ08,24,Chip 1,SAPC-PCRF TP,0,17,#27408B,1,1,71,71 - AZ08 - 24,900,707 de 900
AZ08,24,Chip 1,SAPC-PCRF TP,0,17,#27408B,1,1,71,71 - AZ08 - 24,900,708 de 900
AZ08,24,Chip 1,SAPC-PCRF TP,0,17,#27408B,1,1,71,71 - AZ08 - 24,900,709 de 900
AZ08,24,Chip 1,SAPC-PCRF TP,0,17,#27408B,1,1,71,71 - AZ08 - 24,900,710 de 900
AZ08,24,Chip 1,SAPC-PCRF TP,0,17,#27408B,1,1,71,71 - AZ08 - 24,900,711 de 900
AZ08,24,Chip 1,SAPC-PCRF TP,0,17,#27408B,1,1,71,71 - AZ08 - 24,900,712 de 900
AZ08,24,Chip 1,SAPC-PCRF TP,0,17,#27408B,1,1,71,71 - AZ08 - 24,900,713 de 900
AZ08,24,Chip 1,SAPC-PCRF TP,0,17,#27408B,1,1,71,71 - AZ08 - 24,900,714 de 900
AZ08,24,Chip 1,SAPC-PCRF TP,0,17,#27408B,1,1,71,71 - AZ08 - 24,900,715 de 900
AZ08,24,Chip 1,SAPC-PCRF TP,0,17,#27408B,1,1,71,71 - AZ08 - 24,900,716 de 900
AZ08,24,Chip 1,SAPC-PCRF TP,0,17,#27408B,1,1,71,71 - AZ08 - 24,900,717 de 900
AZ08,24,Chip 1,SAPC-PCRF TP,0,17,#27408B,1,1,71,71 - AZ08 - 24,900,718 de 900
AZ08,24,Chip 1,SAPC-PCRF TP,0,17,#27408B,1,1,71,71 - AZ08 - 24,900,719 de 900
AZ08,24,Chip 1,SAPC-PCRF TP,0,17,#27408B,1,1,71,71 - AZ08 - 24,900,720 de 900
AZ08,24,Chip 1,INFRA,17,3,#000000,0,1,71,71 - AZ08 - 24,0,
AZ08,24,Chip 2,SGSN-MME GPB/LC,20,17,#B2005F,1,2,71,71 - AZ08 - 24,361,286 de 361
AZ08,24,Chip 2,SGSN-MME GPB/LC,20,17,#B2005F,1,2,71,71 - AZ08 - 24,361,287 de 361
AZ08,24,Chip 2,SGSN-MME GPB/LC,20,17,#B2005F,1,2,71,71 - AZ08 - 24,361,288 de 361
AZ08,24,Chip 2,SGSN-MME GPB/LC,20,17,#B2005F,1,2,71,71 - AZ08 - 24,361,289 de 361
AZ08,24,Chip 2,SGSN-MME GPB/LC,20,17,#B2005F,1,2,71,71 - AZ08 - 24,361,290 de 361
AZ08,24,Chip 2,SGSN-MME GPB/LC,20,17,#B2005F,1,2,71,71 - AZ08 - 24,361,291 de 361
AZ08,24,Chip 2,SGSN-MME GPB/LC,20,17,#B2005F,1,2,71,71 - AZ08 - 24,361,292 de 361
AZ08,24,Chip 2,SGSN-MME GPB/LC,20,17,#B2005F,1,2,71,71 - AZ08 - 24,361,293 de 361
AZ08,24,Chip 2,SGSN-MME GPB/LC,20,17,#B2005F,1,2,71,71 - AZ08 - 24,361,294 de 361
AZ08,24,Chip 2,SGSN-MME GPB/LC,20,17,#B2005F,1,2,71,71 - AZ08 - 24,361,295 de 361
AZ08,24,Chip 2,SGSN-MME GPB/LC,20,17,#B2005F,1,2,71,71 - AZ08 - 24,361,296 de 361
AZ08,24,Chip 2,SGSN-MME GPB/LC,20,17,#B2005F,1,2,71,71 - AZ08 - 24,361,297 de 361
AZ08,24,Chip 2,SGSN-MME GPB/LC,20,17,#B2005F,1,2,71,71 - AZ08 - 24,361,298 de 361
AZ08,24,Chip 2,SGSN-MME GPB/LC,20,17,#B2005F,1,2,71,71 - AZ08 - 24,361,299 de 361
AZ08,24,Chip 2,SGSN-MME GPB/LC,20,17,#B2005F,1,2,71,71 - AZ08 - 24,361,300 de 361
AZ08,24,Chip 2,SGSN-MME GPB/LC,20,17,#B2005F,1,2,71,71 - AZ08 - 24,361,301 de 361
AZ08,24,Chip 2,SGSN-MME GPB/LC,20,17,#B2005F,1,2,71,71 - AZ08 - 24,361,302 de 361
AZ08,24,Chip 2,SGSN-MME GPB/LC,20,17,#B2005F,1,2,71,71 - AZ08 - 24,361,303 de 361
AZ08,24,Chip 2,SGSN-MME GPB/LC,20,17,#B2005F,1,2,71,71 - AZ08 - 24,361,304 de 361
AZ08,24,Chip 2,INFRA,37,3,#000000,0,1,71,71 - AZ08 - 24,0,
AZ08,25,Chip 1,SAPC-PCRF TP,0,17,#27408B,1,1,72,72 - AZ08 - 25,900,721 de 900
AZ08,25,Chip 1,SAPC-PCRF TP,0,17,#27408B,1,1,72,72 - AZ08 - 25,900,722 de 900
AZ08,25,Chip 1,SAPC-PCRF TP,0,17,#27408B,1,1,72,72 - AZ08 - 25,900,723 de 900
AZ08,25,Chip 1,SAPC-PCRF TP,0,17,#27408B,1,1,72,72 - AZ08 - 25,900,724 de 900
AZ08,25,Chip 1,SAPC-PCRF TP,0,17,#27408B,1,1,72,72 - AZ08 - 25,900,725 de 900
AZ08,25,Chip 1,SAPC-PCRF TP,0,17,#27408B,1,1,72,72 - AZ08 - 25,900,726 de 900
AZ08,25,Chip 1,SAPC-PCRF TP,0,17,#27408B,1,1,72,72 - AZ08 - 25,900,727 de 900
AZ08,25,Chip 1,SAPC-PCRF TP,0,17,#27408B,1,1,72,72 - AZ08 - 25,900,728 de 900
AZ08,25,Chip 1,SAPC-PCRF TP,0,17,#27408B,1,1,72,72 - AZ08 - 25,900,729 de 900
AZ08,25,Chip 1,SAPC-PCRF TP,0,17,#27408B,1,1,72,72 - AZ08 - 25,900,730 de 900
AZ08,25,Chip 1,SAPC-PCRF TP,0,17,#27408B,1,1,72,72 - AZ08 - 25,900,731 de 900
AZ08,25,Chip 1,SAPC-PCRF TP,0,17,#27408B,1,1,72,72 - AZ08 - 25,900,732 de 900
AZ08,25,Chip 1,SAPC-PCRF TP,0,17,#27408B,1,1,72,72 - AZ08 - 25,900,733 de 900
AZ08,25,Chip 1,SAPC-PCRF TP,0,17,#27408B,1,1,72,72 - AZ08 - 25,900,734 de 900
AZ08,25,Chip 1,SAPC-PCRF TP,0,17,#27408B,1,1,72,72 - AZ08 - 25,900,735 de 900
AZ08,25,Chip 1,SAPC-PCRF TP,0,17,#27408B,1,1,72,72 - AZ08 - 25,900,736 de 900
AZ08,25,Chip 1,SAPC-PCRF TP,0,17,#27408B,1,1,72,72 - AZ08 - 25,900,737 de 900
AZ08,25,Chip 1,SAPC-PCRF TP,0,17,#27408B,1,1,72,72 - AZ08 - 25,900,738 de 900
AZ08,25,Chip 1,SAPC-PCRF TP,0,17,#27408B,1,1,72,72 - AZ08 - 25,900,739 de 900
AZ08,25,Chip 1,SAPC-PCRF TP,0,17,#27408B,1,1,72,72 - AZ08 - 25,900,740 de 900
AZ08,25,Chip 1,SAPC-PCRF TP,0,17,#27408B,1,1,72,72 - AZ08 - 25,900,741 de 900
AZ08,25,Chip 1,SAPC-PCRF TP,0,17,#27408B,1,1,72,72 - AZ08 - 25,900,742 de 900
AZ08,25,Chip 1,SAPC-PCRF TP,0,17,#27408B,1,1,72,72 - AZ08 - 25,900,743 de 900
AZ08,25,Chip 1,SAPC-PCRF TP,0,17,#27408B,1,1,72,72 - AZ08 - 25,900,744 de 900
AZ08,25,Chip 1,SAPC-PCRF TP,0,17,#27408B,1,1,72,72 - AZ08 - 25,900,745 de 900
AZ08,25,Chip 1,SAPC-PCRF TP,0,17,#27408B,1,1,72,72 - AZ08 - 25,900,746 de 900
AZ08,25,Chip 1,SAPC-PCRF TP,0,17,#27408B,1,1,72,72 - AZ08 - 25,900,747 de 900
AZ08,25,Chip 1,SAPC-PCRF TP,0,17,#27408B,1,1,72,72 - AZ08 - 25,900,748 de 900
AZ08,25,Chip 1,SAPC-PCRF TP,0,17,#27408B,1,1,72,72 - AZ08 - 25,900,749 de 900
AZ08,25,Chip 1,SAPC-PCRF TP,0,17,#27408B,1,1,72,72 - AZ08 - 25,900,750 de 900
AZ08,25,Chip 1,INFRA,17,3,#000000,0,1,72,72 - AZ08 - 25,0,
AZ08,25,Chip 2,SGSN-MME GPB/LC,20,17,#B2005F,1,2,72,72 - AZ08 - 25,361,305 de 361
AZ08,25,Chip 2,SGSN-MME GPB/LC,20,17,#B2005F,1,2,72,72 - AZ08 - 25,361,306 de 361
AZ08,25,Chip 2,SGSN-MME GPB/LC,20,17,#B2005F,1,2,72,72 - AZ08 - 25,361,307 de 361
AZ08,25,Chip 2,SGSN-MME GPB/LC,20,17,#B2005F,1,2,72,72 - AZ08 - 25,361,308 de 361
AZ08,25,Chip 2,SGSN-MME GPB/LC,20,17,#B2005F,1,2,72,72 - AZ08 - 25,361,309 de 361
AZ08,25,Chip 2,SGSN-MME GPB/LC,20,17,#B2005F,1,2,72,72 - AZ08 - 25,361,310 de 361
AZ08,25,Chip 2,SGSN-MME GPB/LC,20,17,#B2005F,1,2,72,72 - AZ08 - 25,361,311 de 361
AZ08,25,Chip 2,SGSN-MME GPB/LC,20,17,#B2005F,1,2,72,72 - AZ08 - 25,361,312 de 361
AZ08,25,Chip 2,SGSN-MME GPB/LC,20,17,#B2005F,1,2,72,72 - AZ08 - 25,361,313 de 361
AZ08,25,Chip 2,SGSN-MME GPB/LC,20,17,#B2005F,1,2,72,72 - AZ08 - 25,361,314 de 361
AZ08,25,Chip 2,SGSN-MME GPB/LC,20,17,#B2005F,1,2,72,72 - AZ08 - 25,361,315 de 361
AZ08,25,Chip 2,SGSN-MME GPB/LC,20,17,#B2005F,1,2,72,72 - AZ08 - 25,361,316 de 361
AZ08,25,Chip 2,SGSN-MME GPB/LC,20,17,#B2005F,1,2,72,72 - AZ08 - 25,361,317 de 361
AZ08,25,Chip 2,SGSN-MME GPB/LC,20,17,#B2005F,1,2,72,72 - AZ08 - 25,361,318 de 361
AZ08,25,Chip 2,SGSN-MME GPB/LC,20,17,#B2005F,1,2,72,72 - AZ08 - 25,361,319 de 361
AZ08,25,Chip 2,SGSN-MME GPB/LC,20,17,#B2005F,1,2,72,72 - AZ08 - 25,361,320 de 361
AZ08,25,Chip 2,SGSN-MME GPB/LC,20,17,#B2005F,1,2,72,72 - AZ08 - 25,361,321 de 361
AZ08,25,Chip 2,SGSN-MME GPB/LC,20,17,#B2005F,1,2,72,72 - AZ08 - 25,361,322 de 361
AZ08,25,Chip 2,SGSN-MME GPB/LC,20,17,#B2005F,1,2,72,72 - AZ08 - 25,361,323 de 361
AZ08,25,Chip 2,INFRA,37,3,#000000,0,1,72,72 - AZ08 - 25,0,
AZ08,26,Chip 1,SAPC-PCRF TP,0,17,#27408B,1,1,73,73 - AZ08 - 26,900,751 de 900
AZ08,26,Chip 1,SAPC-PCRF TP,0,17,#27408B,1,1,73,73 - AZ08 - 26,900,752 de 900
AZ08,26,Chip 1,SAPC-PCRF TP,0,17,#27408B,1,1,73,73 - AZ08 - 26,900,753 de 900
AZ08,26,Chip 1,SAPC-PCRF TP,0,17,#27408B,1,1,73,73 - AZ08 - 26,900,754 de 900
AZ08,26,Chip 1,SAPC-PCRF TP,0,17,#27408B,1,1,73,73 - AZ08 - 26,900,755 de 900
AZ08,26,Chip 1,SAPC-PCRF TP,0,17,#27408B,1,1,73,73 - AZ08 - 26,900,756 de 900
AZ08,26,Chip 1,SAPC-PCRF TP,0,17,#27408B,1,1,73,73 - AZ08 - 26,900,757 de 900
AZ08,26,Chip 1,SAPC-PCRF TP,0,17,#27408B,1,1,73,73 - AZ08 - 26,900,758 de 900
AZ08,26,Chip 1,SAPC-PCRF TP,0,17,#27408B,1,1,73,73 - AZ08 - 26,900,759 de 900
AZ08,26,Chip 1,SAPC-PCRF TP,0,17,#27408B,1,1,73,73 - AZ08 - 26,900,760 de 900
AZ08,26,Chip 1,SAPC-PCRF TP,0,17,#27408B,1,1,73,73 - AZ08 - 26,900,761 de 900
AZ08,26,Chip 1,SAPC-PCRF TP,0,17,#27408B,1,1,73,73 - AZ08 - 26,900,762 de 900
AZ08,26,Chip 1,SAPC-PCRF TP,0,17,#27408B,1,1,73,73 - AZ08 - 26,900,763 de 900
AZ08,26,Chip 1,SAPC-PCRF TP,0,17,#27408B,1,1,73,73 - AZ08 - 26,900,764 de 900
AZ08,26,Chip 1,SAPC-PCRF TP,0,17,#27408B,1,1,73,73 - AZ08 - 26,900,765 de 900
AZ08,26,Chip 1,SAPC-PCRF TP,0,17,#27408B,1,1,73,73 - AZ08 - 26,900,766 de 900
AZ08,26,Chip 1,SAPC-PCRF TP,0,17,#27408B,1,1,73,73 - AZ08 - 26,900,767 de 900
AZ08,26,Chip 1,SAPC-PCRF TP,0,17,#27408B,1,1,73,73 - AZ08 - 26,900,768 de 900
AZ08,26,Chip 1,SAPC-PCRF TP,0,17,#27408B,1,1,73,73 - AZ08 - 26,900,769 de 900
AZ08,26,Chip 1,SAPC-PCRF TP,0,17,#27408B,1,1,73,73 - AZ08 - 26,900,770 de 900
AZ08,26,Chip 1,SAPC-PCRF TP,0,17,#27408B,1,1,73,73 - AZ08 - 26,900,771 de 900
AZ08,26,Chip 1,SAPC-PCRF TP,0,17,#27408B,1,1,73,73 - AZ08 - 26,900,772 de 900
AZ08,26,Chip 1,SAPC-PCRF TP,0,17,#27408B,1,1,73,73 - AZ08 - 26,900,773 de 900
AZ08,26,Chip 1,SAPC-PCRF TP,0,17,#27408B,1,1,73,73 - AZ08 - 26,900,774 de 900
AZ08,26,Chip 1,SAPC-PCRF TP,0,17,#27408B,1,1,73,73 - AZ08 - 26,900,775 de 900
AZ08,26,Chip 1,SAPC-PCRF TP,0,17,#27408B,1,1,73,73 - AZ08 - 26,900,776 de 900
AZ08,26,Chip 1,SAPC-PCRF TP,0,17,#27408B,1,1,73,73 - AZ08 - 26,900,777 de 900
AZ08,26,Chip 1,SAPC-PCRF TP,0,17,#27408B,1,1,73,73 - AZ08 - 26,900,778 de 900
AZ08,26,Chip 1,SAPC-PCRF TP,0,17,#27408B,1,1,73,73 - AZ08 - 26,900,779 de 900
AZ08,26,Chip 1,SAPC-PCRF TP,0,17,#27408B,1,1,73,73 - AZ08 - 26,900,780 de 900
AZ08,26,Chip 1,INFRA,17,3,#000000,0,1,73,73 - AZ08 - 26,0,
AZ08,26,Chip 2,SGSN-MME GPB/LC,20,17,#B2005F,1,2,73,73 - AZ08 - 26,361,324 de 361
AZ08,26,Chip 2,SGSN-MME GPB/LC,20,17,#B2005F,1,2,73,73 - AZ08 - 26,361,325 de 361
AZ08,26,Chip 2,SGSN-MME GPB/LC,20,17,#B2005F,1,2,73,73 - AZ08 - 26,361,326 de 361
AZ08,26,Chip 2,SGSN-MME GPB/LC,20,17,#B2005F,1,2,73,73 - AZ08 - 26,361,327 de 361
AZ08,26,Chip 2,SGSN-MME GPB/LC,20,17,#B2005F,1,2,73,73 - AZ08 - 26,361,328 de 361
AZ08,26,Chip 2,SGSN-MME GPB/LC,20,17,#B2005F,1,2,73,73 - AZ08 - 26,361,329 de 361
AZ08,26,Chip 2,SGSN-MME GPB/LC,20,17,#B2005F,1,2,73,73 - AZ08 - 26,361,330 de 361
AZ08,26,Chip 2,SGSN-MME GPB/LC,20,17,#B2005F,1,2,73,73 - AZ08 - 26,361,331 de 361
AZ08,26,Chip 2,SGSN-MME GPB/LC,20,17,#B2005F,1,2,73,73 - AZ08 - 26,361,332 de 361
AZ08,26,Chip 2,SGSN-MME GPB/LC,20,17,#B2005F,1,2,73,73 - AZ08 - 26,361,333 de 361
AZ08,26,Chip 2,SGSN-MME GPB/LC,20,17,#B2005F,1,2,73,73 - AZ08 - 26,361,334 de 361
AZ08,26,Chip 2,SGSN-MME GPB/LC,20,17,#B2005F,1,2,73,73 - AZ08 - 26,361,335 de 361
AZ08,26,Chip 2,SGSN-MME GPB/LC,20,17,#B2005F,1,2,73,73 - AZ08 - 26,361,336 de 361
AZ08,26,Chip 2,SGSN-MME GPB/LC,20,17,#B2005F,1,2,73,73 - AZ08 - 26,361,337 de 361
AZ08,26,Chip 2,SGSN-MME GPB/LC,20,17,#B2005F,1,2,73,73 - AZ08 - 26,361,338 de 361
AZ08,26,Chip 2,SGSN-MME GPB/LC,20,17,#B2005F,1,2,73,73 - AZ08 - 26,361,339 de 361
AZ08,26,Chip 2,SGSN-MME GPB/LC,20,17,#B2005F,1,2,73,73 - AZ08 - 26,361,340 de 361
AZ08,26,Chip 2,SGSN-MME GPB/LC,20,17,#B2005F,1,2,73,73 - AZ08 - 26,361,341 de 361
AZ08,26,Chip 2,SGSN-MME GPB/LC,20,17,#B2005F,1,2,73,73 - AZ08 - 26,361,342 de 361
AZ08,26,Chip 2,INFRA,37,3,#000000,0,1,73,73 - AZ08 - 26,0,
AZ08,27,Chip 1,SAPC-PCRF TP,0,17,#27408B,1,1,74,74 - AZ08 - 27,900,781 de 900
AZ08,27,Chip 1,SAPC-PCRF TP,0,17,#27408B,1,1,74,74 - AZ08 - 27,900,782 de 900
AZ08,27,Chip 1,SAPC-PCRF TP,0,17,#27408B,1,1,74,74 - AZ08 - 27,900,783 de 900
AZ08,27,Chip 1,SAPC-PCRF TP,0,17,#27408B,1,1,74,74 - AZ08 - 27,900,784 de 900
AZ08,27,Chip 1,SAPC-PCRF TP,0,17,#27408B,1,1,74,74 - AZ08 - 27,900,785 de 900
AZ08,27,Chip 1,SAPC-PCRF TP,0,17,#27408B,1,1,74,74 - AZ08 - 27,900,786 de 900
AZ08,27,Chip 1,SAPC-PCRF TP,0,17,#27408B,1,1,74,74 - AZ08 - 27,900,787 de 900
AZ08,27,Chip 1,SAPC-PCRF TP,0,17,#27408B,1,1,74,74 - AZ08 - 27,900,788 de 900
AZ08,27,Chip 1,SAPC-PCRF TP,0,17,#27408B,1,1,74,74 - AZ08 - 27,900,789 de 900
AZ08,27,Chip 1,SAPC-PCRF TP,0,17,#27408B,1,1,74,74 - AZ08 - 27,900,790 de 900
AZ08,27,Chip 1,SAPC-PCRF TP,0,17,#27408B,1,1,74,74 - AZ08 - 27,900,791 de 900
AZ08,27,Chip 1,SAPC-PCRF TP,0,17,#27408B,1,1,74,74 - AZ08 - 27,900,792 de 900
AZ08,27,Chip 1,SAPC-PCRF TP,0,17,#27408B,1,1,74,74 - AZ08 - 27,900,793 de 900
AZ08,27,Chip 1,SAPC-PCRF TP,0,17,#27408B,1,1,74,74 - AZ08 - 27,900,794 de 900
AZ08,27,Chip 1,SAPC-PCRF TP,0,17,#27408B,1,1,74,74 - AZ08 - 27,900,795 de 900
AZ08,27,Chip 1,SAPC-PCRF TP,0,17,#27408B,1,1,74,74 - AZ08 - 27,900,796 de 900
AZ08,27,Chip 1,SAPC-PCRF TP,0,17,#27408B,1,1,74,74 - AZ08 - 27,900,797 de 900
AZ08,27,Chip 1,SAPC-PCRF TP,0,17,#27408B,1,1,74,74 - AZ08 - 27,900,798 de 900
AZ08,27,Chip 1,SAPC-PCRF TP,0,17,#27408B,1,1,74,74 - AZ08 - 27,900,799 de 900
AZ08,27,Chip 1,SAPC-PCRF TP,0,17,#27408B,1,1,74,74 - AZ08 - 27,900,800 de 900
AZ08,27,Chip 1,SAPC-PCRF TP,0,17,#27408B,1,1,74,74 - AZ08 - 27,900,801 de 900
AZ08,27,Chip 1,SAPC-PCRF TP,0,17,#27408B,1,1,74,74 - AZ08 - 27,900,802 de 900
AZ08,27,Chip 1,SAPC-PCRF TP,0,17,#27408B,1,1,74,74 - AZ08 - 27,900,803 de 900
AZ08,27,Chip 1,SAPC-PCRF TP,0,17,#27408B,1,1,74,74 - AZ08 - 27,900,804 de 900
AZ08,27,Chip 1,SAPC-PCRF TP,0,17,#27408B,1,1,74,74 - AZ08 - 27,900,805 de 900
AZ08,27,Chip 1,SAPC-PCRF TP,0,17,#27408B,1,1,74,74 - AZ08 - 27,900,806 de 900
AZ08,27,Chip 1,SAPC-PCRF TP,0,17,#27408B,1,1,74,74 - AZ08 - 27,900,807 de 900
AZ08,27,Chip 1,SAPC-PCRF TP,0,17,#27408B,1,1,74,74 - AZ08 - 27,900,808 de 900
AZ08,27,Chip 1,SAPC-PCRF TP,0,17,#27408B,1,1,74,74 - AZ08 - 27,900,809 de 900
AZ08,27,Chip 1,SAPC-PCRF TP,0,17,#27408B,1,1,74,74 - AZ08 - 27,900,810 de 900
AZ08,27,Chip 1,INFRA,17,3,#000000,0,1,74,74 - AZ08 - 27,0,
AZ08,27,Chip 2,SGSN-MME GPB/LC,20,17,#B2005F,1,2,74,74 - AZ08 - 27,361,343 de 361
AZ08,27,Chip 2,SGSN-MME GPB/LC,20,17,#B2005F,1,2,74,74 - AZ08 - 27,361,344 de 361
AZ08,27,Chip 2,SGSN-MME GPB/LC,20,17,#B2005F,1,2,74,74 - AZ08 - 27,361,345 de 361
AZ08,27,Chip 2,SGSN-MME GPB/LC,20,17,#B2005F,1,2,74,74 - AZ08 - 27,361,346 de 361
AZ08,27,Chip 2,SGSN-MME GPB/LC,20,17,#B2005F,1,2,74,74 - AZ08 - 27,361,347 de 361
AZ08,27,Chip 2,SGSN-MME GPB/LC,20,17,#B2005F,1,2,74,74 - AZ08 - 27,361,348 de 361
AZ08,27,Chip 2,SGSN-MME GPB/LC,20,17,#B2005F,1,2,74,74 - AZ08 - 27,361,349 de 361
AZ08,27,Chip 2,SGSN-MME GPB/LC,20,17,#B2005F,1,2,74,74 - AZ08 - 27,361,350 de 361
AZ08,27,Chip 2,SGSN-MME GPB/LC,20,17,#B2005F,1,2,74,74 - AZ08 - 27,361,351 de 361
AZ08,27,Chip 2,SGSN-MME GPB/LC,20,17,#B2005F,1,2,74,74 - AZ08 - 27,361,352 de 361
AZ08,27,Chip 2,SGSN-MME GPB/LC,20,17,#B2005F,1,2,74,74 - AZ08 - 27,361,353 de 361
AZ08,27,Chip 2,SGSN-MME GPB/LC,20,17,#B2005F,1,2,74,74 - AZ08 - 27,361,354 de 361
AZ08,27,Chip 2,SGSN-MME GPB/LC,20,17,#B2005F,1,2,74,74 - AZ08 - 27,361,355 de 361
AZ08,27,Chip 2,SGSN-MME GPB/LC,20,17,#B2005F,1,2,74,74 - AZ08 - 27,361,356 de 361
AZ08,27,Chip 2,SGSN-MME GPB/LC,20,17,#B2005F,1,2,74,74 - AZ08 - 27,361,357 de 361
AZ08,27,Chip 2,SGSN-MME GPB/LC,20,17,#B2005F,1,2,74,74 - AZ08 - 27,361,358 de 361
AZ08,27,Chip 2,SGSN-MME GPB/LC,20,17,#B2005F,1,2,74,74 - AZ08 - 27,361,359 de 361
AZ08,27,Chip 2,SGSN-MME GPB/LC,20,17,#B2005F,1,2,74,74 - AZ08 - 27,361,360 de 361
AZ08,27,Chip 2,SGSN-MME GPB/LC,20,17,#B2005F,1,2,74,74 - AZ08 - 27,361,361 de 361
AZ08,27,Chip 2,INFRA,37,3,#000000,0,1,74,74 - AZ08 - 27,0,
AZ08,28,Chip 1,SAPC-PCRF TP,0,17,#27408B,1,1,75,75 - AZ08 - 28,900,811 de 900
AZ08,28,Chip 1,SAPC-PCRF TP,0,17,#27408B,1,1,75,75 - AZ08 - 28,900,812 de 900
AZ08,28,Chip 1,SAPC-PCRF TP,0,17,#27408B,1,1,75,75 - AZ08 - 28,900,813 de 900
AZ08,28,Chip 1,SAPC-PCRF TP,0,17,#27408B,1,1,75,75 - AZ08 - 28,900,814 de 900
AZ08,28,Chip 1,SAPC-PCRF TP,0,17,#27408B,1,1,75,75 - AZ08 - 28,900,815 de 900
AZ08,28,Chip 1,SAPC-PCRF TP,0,17,#27408B,1,1,75,75 - AZ08 - 28,900,816 de 900
AZ08,28,Chip 1,SAPC-PCRF TP,0,17,#27408B,1,1,75,75 - AZ08 - 28,900,817 de 900
AZ08,28,Chip 1,SAPC-PCRF TP,0,17,#27408B,1,1,75,75 - AZ08 - 28,900,818 de 900
AZ08,28,Chip 1,SAPC-PCRF TP,0,17,#27408B,1,1,75,75 - AZ08 - 28,900,819 de 900
AZ08,28,Chip 1,SAPC-PCRF TP,0,17,#27408B,1,1,75,75 - AZ08 - 28,900,820 de 900
AZ08,28,Chip 1,SAPC-PCRF TP,0,17,#27408B,1,1,75,75 - AZ08 - 28,900,821 de 900
AZ08,28,Chip 1,SAPC-PCRF TP,0,17,#27408B,1,1,75,75 - AZ08 - 28,900,822 de 900
AZ08,28,Chip 1,SAPC-PCRF TP,0,17,#27408B,1,1,75,75 - AZ08 - 28,900,823 de 900
AZ08,28,Chip 1,SAPC-PCRF TP,0,17,#27408B,1,1,75,75 - AZ08 - 28,900,824 de 900
AZ08,28,Chip 1,SAPC-PCRF TP,0,17,#27408B,1,1,75,75 - AZ08 - 28,900,825 de 900
AZ08,28,Chip 1,SAPC-PCRF TP,0,17,#27408B,1,1,75,75 - AZ08 - 28,900,826 de 900
AZ08,28,Chip 1,SAPC-PCRF TP,0,17,#27408B,1,1,75,75 - AZ08 - 28,900,827 de 900
AZ08,28,Chip 1,SAPC-PCRF TP,0,17,#27408B,1,1,75,75 - AZ08 - 28,900,828 de 900
AZ08,28,Chip 1,SAPC-PCRF TP,0,17,#27408B,1,1,75,75 - AZ08 - 28,900,829 de 900
AZ08,28,Chip 1,SAPC-PCRF TP,0,17,#27408B,1,1,75,75 - AZ08 - 28,900,830 de 900
AZ08,28,Chip 1,SAPC-PCRF TP,0,17,#27408B,1,1,75,75 - AZ08 - 28,900,831 de 900
AZ08,28,Chip 1,SAPC-PCRF TP,0,17,#27408B,1,1,75,75 - AZ08 - 28,900,832 de 900
AZ08,28,Chip 1,SAPC-PCRF TP,0,17,#27408B,1,1,75,75 - AZ08 - 28,900,833 de 900
AZ08,28,Chip 1,SAPC-PCRF TP,0,17,#27408B,1,1,75,75 - AZ08 - 28,900,834 de 900
AZ08,28,Chip 1,SAPC-PCRF TP,0,17,#27408B,1,1,75,75 - AZ08 - 28,900,835 de 900
AZ08,28,Chip 1,SAPC-PCRF TP,0,17,#27408B,1,1,75,75 - AZ08 - 28,900,836 de 900
AZ08,28,Chip 1,SAPC-PCRF TP,0,17,#27408B,1,1,75,75 - AZ08 - 28,900,837 de 900
AZ08,28,Chip 1,SAPC-PCRF TP,0,17,#27408B,1,1,75,75 - AZ08 - 28,900,838 de 900
AZ08,28,Chip 1,SAPC-PCRF TP,0,17,#27408B,1,1,75,75 - AZ08 - 28,900,839 de 900
AZ08,28,Chip 1,SAPC-PCRF TP,0,17,#27408B,1,1,75,75 - AZ08 - 28,900,840 de 900
AZ08,28,Chip 1,INFRA,17,3,#000000,0,1,75,75 - AZ08 - 28,0,
AZ08,28,Chip 2,INFRA,37,3,#000000,0,1,75,75 - AZ08 - 28,0,
AZ08,29,Chip 1,SAPC-PCRF TP,0,17,#27408B,1,1,76,76 - AZ08 - 29,900,841 de 900
AZ08,29,Chip 1,SAPC-PCRF TP,0,17,#27408B,1,1,76,76 - AZ08 - 29,900,842 de 900
AZ08,29,Chip 1,SAPC-PCRF TP,0,17,#27408B,1,1,76,76 - AZ08 - 29,900,843 de 900
AZ08,29,Chip 1,SAPC-PCRF TP,0,17,#27408B,1,1,76,76 - AZ08 - 29,900,844 de 900
AZ08,29,Chip 1,SAPC-PCRF TP,0,17,#27408B,1,1,76,76 - AZ08 - 29,900,845 de 900
AZ08,29,Chip 1,SAPC-PCRF TP,0,17,#27408B,1,1,76,76 - AZ08 - 29,900,846 de 900
AZ08,29,Chip 1,SAPC-PCRF TP,0,17,#27408B,1,1,76,76 - AZ08 - 29,900,847 de 900
AZ08,29,Chip 1,SAPC-PCRF TP,0,17,#27408B,1,1,76,76 - AZ08 - 29,900,848 de 900
AZ08,29,Chip 1,SAPC-PCRF TP,0,17,#27408B,1,1,76,76 - AZ08 - 29,900,849 de 900
AZ08,29,Chip 1,SAPC-PCRF TP,0,17,#27408B,1,1,76,76 - AZ08 - 29,900,850 de 900
AZ08,29,Chip 1,SAPC-PCRF TP,0,17,#27408B,1,1,76,76 - AZ08 - 29,900,851 de 900
AZ08,29,Chip 1,SAPC-PCRF TP,0,17,#27408B,1,1,76,76 - AZ08 - 29,900,852 de 900
AZ08,29,Chip 1,SAPC-PCRF TP,0,17,#27408B,1,1,76,76 - AZ08 - 29,900,853 de 900
AZ08,29,Chip 1,SAPC-PCRF TP,0,17,#27408B,1,1,76,76 - AZ08 - 29,900,854 de 900
AZ08,29,Chip 1,SAPC-PCRF TP,0,17,#27408B,1,1,76,76 - AZ08 - 29,900,855 de 900
AZ08,29,Chip 1,SAPC-PCRF TP,0,17,#27408B,1,1,76,76 - AZ08 - 29,900,856 de 900
AZ08,29,Chip 1,SAPC-PCRF TP,0,17,#27408B,1,1,76,76 - AZ08 - 29,900,857 de 900
AZ08,29,Chip 1,SAPC-PCRF TP,0,17,#27408B,1,1,76,76 - AZ08 - 29,900,858 de 900
AZ08,29,Chip 1,SAPC-PCRF TP,0,17,#27408B,1,1,76,76 - AZ08 - 29,900,859 de 900
AZ08,29,Chip 1,SAPC-PCRF TP,0,17,#27408B,1,1,76,76 - AZ08 - 29,900,860 de 900
AZ08,29,Chip 1,SAPC-PCRF TP,0,17,#27408B,1,1,76,76 - AZ08 - 29,900,861 de 900
AZ08,29,Chip 1,SAPC-PCRF TP,0,17,#27408B,1,1,76,76 - AZ08 - 29,900,862 de 900
AZ08,29,Chip 1,SAPC-PCRF TP,0,17,#27408B,1,1,76,76 - AZ08 - 29,900,863 de 900
AZ08,29,Chip 1,SAPC-PCRF TP,0,17,#27408B,1,1,76,76 - AZ08 - 29,900,864 de 900
AZ08,29,Chip 1,SAPC-PCRF TP,0,17,#27408B,1,1,76,76 - AZ08 - 29,900,865 de 900
AZ08,29,Chip 1,SAPC-PCRF TP,0,17,#27408B,1,1,76,76 - AZ08 - 29,900,866 de 900
AZ08,29,Chip 1,SAPC-PCRF TP,0,17,#27408B,1,1,76,76 - AZ08 - 29,900,867 de 900
AZ08,29,Chip 1,SAPC-PCRF TP,0,17,#27408B,1,1,76,76 - AZ08 - 29,900,868 de 900
AZ08,29,Chip 1,SAPC-PCRF TP,0,17,#27408B,1,1,76,76 - AZ08 - 29,900,869 de 900
AZ08,29,Chip 1,SAPC-PCRF TP,0,17,#27408B,1,1,76,76 - AZ08 - 29,900,870 de 900
AZ08,29,Chip 1,INFRA,17,3,#000000,0,1,76,76 - AZ08 - 29,0,
AZ08,29,Chip 2,INFRA,37,3,#000000,0,1,76,76 - AZ08 - 29,0,
AZ08,30,Chip 1,SAPC-PCRF TP,0,17,#27408B,1,1,77,77 - AZ08 - 30,900,871 de 900
AZ08,30,Chip 1,SAPC-PCRF TP,0,17,#27408B,1,1,77,77 - AZ08 - 30,900,872 de 900
AZ08,30,Chip 1,SAPC-PCRF TP,0,17,#27408B,1,1,77,77 - AZ08 - 30,900,873 de 900
AZ08,30,Chip 1,SAPC-PCRF TP,0,17,#27408B,1,1,77,77 - AZ08 - 30,900,874 de 900
AZ08,30,Chip 1,SAPC-PCRF TP,0,17,#27408B,1,1,77,77 - AZ08 - 30,900,875 de 900
AZ08,30,Chip 1,SAPC-PCRF TP,0,17,#27408B,1,1,77,77 - AZ08 - 30,900,876 de 900
AZ08,30,Chip 1,SAPC-PCRF TP,0,17,#27408B,1,1,77,77 - AZ08 - 30,900,877 de 900
AZ08,30,Chip 1,SAPC-PCRF TP,0,17,#27408B,1,1,77,77 - AZ08 - 30,900,878 de 900
AZ08,30,Chip 1,SAPC-PCRF TP,0,17,#27408B,1,1,77,77 - AZ08 - 30,900,879 de 900
AZ08,30,Chip 1,SAPC-PCRF TP,0,17,#27408B,1,1,77,77 - AZ08 - 30,900,880 de 900
AZ08,30,Chip 1,SAPC-PCRF TP,0,17,#27408B,1,1,77,77 - AZ08 - 30,900,881 de 900
AZ08,30,Chip 1,SAPC-PCRF TP,0,17,#27408B,1,1,77,77 - AZ08 - 30,900,882 de 900
AZ08,30,Chip 1,SAPC-PCRF TP,0,17,#27408B,1,1,77,77 - AZ08 - 30,900,883 de 900
AZ08,30,Chip 1,SAPC-PCRF TP,0,17,#27408B,1,1,77,77 - AZ08 - 30,900,884 de 900
AZ08,30,Chip 1,SAPC-PCRF TP,0,17,#27408B,1,1,77,77 - AZ08 - 30,900,885 de 900
AZ08,30,Chip 1,SAPC-PCRF TP,0,17,#27408B,1,1,77,77 - AZ08 - 30,900,886 de 900
AZ08,30,Chip 1,SAPC-PCRF TP,0,17,#27408B,1,1,77,77 - AZ08 - 30,900,887 de 900
AZ08,30,Chip 1,SAPC-PCRF TP,0,17,#27408B,1,1,77,77 - AZ08 - 30,900,888 de 900
AZ08,30,Chip 1,SAPC-PCRF TP,0,17,#27408B,1,1,77,77 - AZ08 - 30,900,889 de 900
AZ08,30,Chip 1,SAPC-PCRF TP,0,17,#27408B,1,1,77,77 - AZ08 - 30,900,890 de 900
AZ08,30,Chip 1,SAPC-PCRF TP,0,17,#27408B,1,1,77,77 - AZ08 - 30,900,891 de 900
AZ08,30,Chip 1,SAPC-PCRF TP,0,17,#27408B,1,1,77,77 - AZ08 - 30,900,892 de 900
AZ08,30,Chip 1,SAPC-PCRF TP,0,17,#27408B,1,1,77,77 - AZ08 - 30,900,893 de 900
AZ08,30,Chip 1,SAPC-PCRF TP,0,17,#27408B,1,1,77,77 - AZ08 - 30,900,894 de 900
AZ08,30,Chip 1,SAPC-PCRF TP,0,17,#27408B,1,1,77,77 - AZ08 - 30,900,895 de 900
AZ08,30,Chip 1,SAPC-PCRF TP,0,17,#27408B,1,1,77,77 - AZ08 - 30,900,896 de 900
AZ08,30,Chip 1,SAPC-PCRF TP,0,17,#27408B,1,1,77,77 - AZ08 - 30,900,897 de 900
AZ08,30,Chip 1,SAPC-PCRF TP,0,17,#27408B,1,1,77,77 - AZ08 - 30,900,898 de 900
AZ08,30,Chip 1,SAPC-PCRF TP,0,17,#27408B,1,1,77,77 - AZ08 - 30,900,899 de 900
AZ08,30,Chip 1,SAPC-PCRF TP,0,17,#27408B,1,1,77,77 - AZ08 - 30,900,900 de 900
AZ08,30,Chip 1,INFRA,17,3,#000000,0,1,77,77 - AZ08 - 30,0,
AZ08,30,Chip 2,INFRA,37,3,#000000,0,1,77,77 - AZ08 - 30,0,
AZ09,1,Chip 1,HLR-FE AP - SC,0,5,#8BC34A,1,1,78,78 - AZ09 - 1,4,1 de 4
AZ09,1,Chip 1,HLR-FE AP - SC,0,5,#8BC34A,1,1,78,78 - AZ09 - 1,4,2 de 4
AZ09,1,Chip 1,MTAS-1 SC,5,5,#F7C7AC,1,1,78,78 - AZ09 - 1,4,1 de 4
AZ09,1,Chip 1,MTAS-1 SC,5,5,#F7C7AC,1,1,78,78 - AZ09 - 1,4,2 de 4
AZ09,1,Chip 1,MTAS-2 SC,10,5,#FADECE,2,1,78,78 - AZ09 - 1,4,1 de 4
AZ09,1,Chip 1,MTAS-2 SC,10,5,#FADECE,2,1,78,78 - AZ09 - 1,4,2 de 4
AZ09,1,Chip 1,EPG-C RP,15,2,#00BFFF,1,1,78,78 - AZ09 - 1,4,1 de 4
AZ09,1,Chip 1,EPG-C RP,15,2,#00BFFF,1,1,78,78 - AZ09 - 1,4,2 de 4
AZ09,1,Chip 1,INFRA,17,3,#000000,0,1,78,78 - AZ09 - 1,0,
AZ09,1,Chip 2,CSCF SC,20,4,#02675F,1,1,78,78 - AZ09 - 1,4,1 de 4
AZ09,1,Chip 2,CSCF SC,20,4,#02675F,1,1,78,78 - AZ09 - 1,4,2 de 4
AZ09,1,Chip 2,SBG SC,24,4,#00A6A6,1,1,78,78 - AZ09 - 1,4,3 de 4
AZ09,1,Chip 2,SBG SC,24,4,#00A6A6,1,1,78,78 - AZ09 - 1,4,4 de 4
AZ09,1,Chip 2,SGSN-MME NCB,28,4,#B2005F,1,1,78,78 - AZ09 - 1,4,3 de 4
AZ09,1,Chip 2,SGSN-MME NCB,28,4,#B2005F,1,1,78,78 - AZ09 - 1,4,4 de 4
AZ09,1,Chip 2,DRA SC,32,3,#FDD835,1,1,78,78 - AZ09 - 1,4,3 de 4
AZ09,1,Chip 2,DRA SC,32,3,#FDD835,1,1,78,78 - AZ09 - 1,4,4 de 4
AZ09,1,Chip 2,EPG-U RP,35,2,#1E88E5,1,1,78,78 - AZ09 - 1,4,3 de 4
AZ09,1,Chip 2,EPG-U RP,35,2,#1E88E5,1,1,78,78 - AZ09 - 1,4,4 de 4
AZ09,1,Chip 2,INFRA,37,3,#000000,0,1,78,78 - AZ09 - 1,0,
AZ09,2,Chip 1,HLR-FE AP - SC,0,5,#8BC34A,1,1,79,79 - AZ09 - 2,4,3 de 4
AZ09,2,Chip 1,HLR-FE AP - SC,0,5,#8BC34A,1,1,79,79 - AZ09 - 2,4,4 de 4
AZ09,2,Chip 1,DRA SC,5,3,#FDD835,1,1,79,79 - AZ09 - 2,4,1 de 4
AZ09,2,Chip 1,DRA SC,5,3,#FDD835,1,1,79,79 - AZ09 - 2,4,2 de 4
AZ09,2,Chip 1,PDRA SC,8,3,#FF7300,1,1,79,79 - AZ09 - 2,4,1 de 4
AZ09,2,Chip 1,PDRA SC,8,3,#FF7300,1,1,79,79 - AZ09 - 2,4,2 de 4
AZ09,2,Chip 1,HSS-FE SC,11,2,#43A047,1,1,79,79 - AZ09 - 2,4,1 de 4
AZ09,2,Chip 1,HSS-FE SC,11,2,#43A047,1,1,79,79 - AZ09 - 2,4,2 de 4
AZ09,2,Chip 1,SAPC-PCRF SC,13,2,#27408B,1,1,79,79 - AZ09 - 2,4,1 de 4
AZ09,2,Chip 1,SAPC-PCRF SC,13,2,#27408B,1,1,79,79 - AZ09 - 2,4,2 de 4
AZ09,2,Chip 1,SGSN-MME FSB,15,2,#B2005F,1,1,79,79 - AZ09 - 2,4,1 de 4
AZ09,2,Chip 1,SGSN-MME FSB,15,2,#B2005F,1,1,79,79 - AZ09 - 2,4,2 de 4
AZ09,2,Chip 1,INFRA,17,3,#000000,0,1,79,79 - AZ09 - 2,0,
AZ09,2,Chip 2,MTAS-1 SC,20,5,#F7C7AC,1,1,79,79 - AZ09 - 2,4,3 de 4
AZ09,2,Chip 2,MTAS-1 SC,20,5,#F7C7AC,1,1,79,79 - AZ09 - 2,4,4 de 4
AZ09,2,Chip 2,MTAS-2 SC,25,5,#FADECE,2,1,79,79 - AZ09 - 2,4,3 de 4
AZ09,2,Chip 2,MTAS-2 SC,25,5,#FADECE,2,1,79,79 - AZ09 - 2,4,4 de 4
AZ09,2,Chip 2,CSCF SC,30,4,#02675F,1,1,79,79 - AZ09 - 2,4,3 de 4
AZ09,2,Chip 2,CSCF SC,30,4,#02675F,1,1,79,79 - AZ09 - 2,4,4 de 4
AZ09,2,Chip 2,EPG-C RP,34,2,#00BFFF,1,1,79,79 - AZ09 - 2,4,3 de 4
AZ09,2,Chip 2,EPG-C RP,34,2,#00BFFF,1,1,79,79 - AZ09 - 2,4,4 de 4
AZ09,2,Chip 2,INFRA,37,3,#000000,0,1,79,79 - AZ09 - 2,0,
AZ09,3,Chip 1,SBG SC,0,4,#00A6A6,1,1,80,80 - AZ09 - 3,4,1 de 4
AZ09,3,Chip 1,SBG SC,0,4,#00A6A6,1,1,80,80 - AZ09 - 3,4,2 de 4
AZ09,3,Chip 1,SGSN-MME NCB,4,4,#B2005F,1,1,80,80 - AZ09 - 3,4,1 de 4
AZ09,3,Chip 1,SGSN-MME NCB,4,4,#B2005F,1,1,80,80 - AZ09 - 3,4,2 de 4
AZ09,3,Chip 1,PDRA SC,8,3,#FF7300,1,1,80,80 - AZ09 - 3,4,3 de 4
AZ09,3,Chip 1,PDRA SC,8,3,#FF7300,1,1,80,80 - AZ09 - 3,4,4 de 4
AZ09,3,Chip 1,EPG-U RP,11,2,#1E88E5,1,1,80,80 - AZ09 - 3,4,1 de 4
AZ09,3,Chip 1,EPG-U RP,11,2,#1E88E5,1,1,80,80 - AZ09 - 3,4,2 de 4
AZ09,3,Chip 1,HSS-FE SC,13,2,#43A047,1,1,80,80 - AZ09 - 3,4,3 de 4
AZ09,3,Chip 1,HSS-FE SC,13,2,#43A047,1,1,80,80 - AZ09 - 3,4,4 de 4
AZ09,3,Chip 1,SAPC-PCRF SC,15,2,#27408B,1,1,80,80 - AZ09 - 3,4,3 de 4
AZ09,3,Chip 1,SAPC-PCRF SC,15,2,#27408B,1,1,80,80 - AZ09 - 3,4,4 de 4
AZ09,3,Chip 1,INFRA,17,3,#000000,0,1,80,80 - AZ09 - 3,0,
AZ09,3,Chip 2,SGSN-MME FSB,20,2,#B2005F,1,1,80,80 - AZ09 - 3,4,3 de 4
AZ09,3,Chip 2,SGSN-MME FSB,20,2,#B2005F,1,1,80,80 - AZ09 - 3,4,4 de 4
AZ09,3,Chip 2,INFRA,37,3,#000000,0,1,80,80 - AZ09 - 3,0,
